case_id,source_file_identity,processed_audit_crc32,customer_count,depot_count,product_count,planning_days,demand_record_count,inventory_record_count,nonzero_demand_pairs,nonzero_inventory_pairs,demand_pair_density,inventory_pair_density,distance_field_available,km_cost_field_available,inventory_cost_field_available,shortage_cost_field_available,x0_reconstructible,x0_duplicate_pairs,x0_missing_or_nonfinite,raw_normalizer_consumable,selected_8_products_present,geographic_mapping_status,common_region_construction_status,product_selection_status,demand_aggregation_status,demand_deviation_status,x0_construction_status,capacity_proxy_status,inventory_ub_status,inventory_cost_status,shortage_cost_status,transport_cost_status,fixed_cost_status,service_parameters_status,b_ref_inputs_status,formal_pipeline_consumable,compatibility_classification,post_I,post_R,post_J,uncertainty_items,expected_direct_variables_gamma2,expected_direct_constraints_gamma2,post_processing_dimensions_status
210129,renault_data_pipeline/data/renault_raw/instances/instances/210129/,61990c1b,499,15,29,22,318362,435,1868,0,0.12908575772234124,0.0,True,True,True,True,True,0,0,True,True,RAW_COORDINATES_AVAILABLE_FORMAL_MAPPING_RULE_MISSING,FORMAL_RULE_MISSING,RAW_INPUT_AVAILABLE_FORMAL_RANKING_RULE_MISSING,RAW_INPUT_AVAILABLE_FORMAL_TRANSFORM_MISSING,RAW_INPUT_AVAILABLE_FORMAL_TRANSFORM_MISSING,RAW_OBSERVED_VALUE_AVAILABLE_BASELINE_RULE_MISSING,RAW_INPUT_AVAILABLE_FORMAL_TRANSFORM_MISSING,RAW_INPUT_AVAILABLE_FORMAL_TRANSFORM_MISSING,RAW_INPUT_AVAILABLE_FORMAL_TRANSFORM_MISSING,RAW_INPUT_AVAILABLE_FORMAL_TRANSFORM_MISSING,RAW_INPUT_AVAILABLE_FORMAL_TRANSFORM_MISSING,CALIBRATION_RULE_NOT_IN_ARCHIVE,CALIBRATION_RULE_NOT_IN_ARCHIVE,BLOCKED_BY_MISSING_FORMAL_INSTANCE_AND_INCUMBENT,False,REQUIRES_NEW_MODELING_ASSUMPTION,,,,,,,NOT_FROZEN
210202,renault_data_pipeline/data/renault_raw/instances/instances/210202/,7ecd7bd4,551,15,29,20,319580,435,1974,0,0.12353714249953063,0.0,True,True,True,True,True,0,0,True,True,READY_EXISTING_FORMAL_INSTANCE,READY_EXISTING_FORMAL_INSTANCE,READY_EXISTING_FORMAL_INSTANCE,READY_EXISTING_FORMAL_INSTANCE,READY_EXISTING_FORMAL_INSTANCE,READY_EXISTING_FROZEN_BASELINE,READY_EXISTING_FORMAL_INSTANCE,READY_EXISTING_FORMAL_INSTANCE,READY_EXISTING_FORMAL_INSTANCE,READY_EXISTING_FORMAL_INSTANCE,READY_EXISTING_FORMAL_INSTANCE,READY_EXISTING_FORMAL_INSTANCE,READY_EXISTING_FORMAL_INSTANCE,READY_FROZEN_INCUMBENT_AND_B_REF,True,READY_WITH_EXISTING_PIPELINE,15,12,8,96,122376,18629,FROZEN
210208,renault_data_pipeline/data/renault_raw/instances/instances/210208/,c5fd12f8,614,15,29,19,338314,435,2003,0,0.11249017185218466,0.0,True,True,True,True,True,0,0,True,True,RAW_COORDINATES_AVAILABLE_FORMAL_MAPPING_RULE_MISSING,FORMAL_RULE_MISSING,RAW_INPUT_AVAILABLE_FORMAL_RANKING_RULE_MISSING,RAW_INPUT_AVAILABLE_FORMAL_TRANSFORM_MISSING,RAW_INPUT_AVAILABLE_FORMAL_TRANSFORM_MISSING,RAW_OBSERVED_VALUE_AVAILABLE_BASELINE_RULE_MISSING,RAW_INPUT_AVAILABLE_FORMAL_TRANSFORM_MISSING,RAW_INPUT_AVAILABLE_FORMAL_TRANSFORM_MISSING,RAW_INPUT_AVAILABLE_FORMAL_TRANSFORM_MISSING,RAW_INPUT_AVAILABLE_FORMAL_TRANSFORM_MISSING,RAW_INPUT_AVAILABLE_FORMAL_TRANSFORM_MISSING,CALIBRATION_RULE_NOT_IN_ARCHIVE,CALIBRATION_RULE_NOT_IN_ARCHIVE,BLOCKED_BY_MISSING_FORMAL_INSTANCE_AND_INCUMBENT,False,REQUIRES_NEW_MODELING_ASSUMPTION,,,,,,,NOT_FROZEN
210209,renault_data_pipeline/data/renault_raw/instances/instances/210209/,b4e757b4,611,15,29,20,354380,435,1989,0,0.11225238444607484,0.0,True,True,True,True,True,0,0,True,True,RAW_COORDINATES_AVAILABLE_FORMAL_MAPPING_RULE_MISSING,FORMAL_RULE_MISSING,RAW_INPUT_AVAILABLE_FORMAL_RANKING_RULE_MISSING,RAW_INPUT_AVAILABLE_FORMAL_TRANSFORM_MISSING,RAW_INPUT_AVAILABLE_FORMAL_TRANSFORM_MISSING,RAW_OBSERVED_VALUE_AVAILABLE_BASELINE_RULE_MISSING,RAW_INPUT_AVAILABLE_FORMAL_TRANSFORM_MISSING,RAW_INPUT_AVAILABLE_FORMAL_TRANSFORM_MISSING,RAW_INPUT_AVAILABLE_FORMAL_TRANSFORM_MISSING,RAW_INPUT_AVAILABLE_FORMAL_TRANSFORM_MISSING,RAW_INPUT_AVAILABLE_FORMAL_TRANSFORM_MISSING,CALIBRATION_RULE_NOT_IN_ARCHIVE,CALIBRATION_RULE_NOT_IN_ARCHIVE,BLOCKED_BY_MISSING_FORMAL_INSTANCE_AND_INCUMBENT,False,REQUIRES_NEW_MODELING_ASSUMPTION,,,,,,,NOT_FROZEN
210210,renault_data_pipeline/data/renault_raw/instances/instances/210210/,a93e1793,536,15,29,21,326424,435,1891,0,0.12165465774575399,0.0,True,True,True,True,True,0,0,True,True,RAW_COORDINATES_AVAILABLE_FORMAL_MAPPING_RULE_MISSING,FORMAL_RULE_MISSING,RAW_INPUT_AVAILABLE_FORMAL_RANKING_RULE_MISSING,RAW_INPUT_AVAILABLE_FORMAL_TRANSFORM_MISSING,RAW_INPUT_AVAILABLE_FORMAL_TRANSFORM_MISSING,RAW_OBSERVED_VALUE_AVAILABLE_BASELINE_RULE_MISSING,RAW_INPUT_AVAILABLE_FORMAL_TRANSFORM_MISSING,RAW_INPUT_AVAILABLE_FORMAL_TRANSFORM_MISSING,RAW_INPUT_AVAILABLE_FORMAL_TRANSFORM_MISSING,RAW_INPUT_AVAILABLE_FORMAL_TRANSFORM_MISSING,RAW_INPUT_AVAILABLE_FORMAL_TRANSFORM_MISSING,CALIBRATION_RULE_NOT_IN_ARCHIVE,CALIBRATION_RULE_NOT_IN_ARCHIVE,BLOCKED_BY_MISSING_FORMAL_INSTANCE_AND_INCUMBENT,False,REQUIRES_NEW_MODELING_ASSUMPTION,,,,,,,NOT_FROZEN
210212,renault_data_pipeline/data/renault_raw/instances/instances/210212/,72c7ac5f,547,15,29,22,348986,435,1881,0,0.11857782260606442,0.0,True,True,True,True,True,0,0,True,True,RAW_COORDINATES_AVAILABLE_FORMAL_MAPPING_RULE_MISSING,FORMAL_RULE_MISSING,RAW_INPUT_AVAILABLE_FORMAL_RANKING_RULE_MISSING,RAW_INPUT_AVAILABLE_FORMAL_TRANSFORM_MISSING,RAW_INPUT_AVAILABLE_FORMAL_TRANSFORM_MISSING,RAW_OBSERVED_VALUE_AVAILABLE_BASELINE_RULE_MISSING,RAW_INPUT_AVAILABLE_FORMAL_TRANSFORM_MISSING,RAW_INPUT_AVAILABLE_FORMAL_TRANSFORM_MISSING,RAW_INPUT_AVAILABLE_FORMAL_TRANSFORM_MISSING,RAW_INPUT_AVAILABLE_FORMAL_TRANSFORM_MISSING,RAW_INPUT_AVAILABLE_FORMAL_TRANSFORM_MISSING,CALIBRATION_RULE_NOT_IN_ARCHIVE,CALIBRATION_RULE_NOT_IN_ARCHIVE,BLOCKED_BY_MISSING_FORMAL_INSTANCE_AND_INCUMBENT,False,REQUIRES_NEW_MODELING_ASSUMPTION,,,,,,,NOT_FROZEN
210215,renault_data_pipeline/data/renault_raw/instances/instances/210215/,436623e9,603,14,29,19,332253,406,1937,0,0.1107679990850346,0.0,True,True,True,True,True,0,0,True,True,RAW_COORDINATES_AVAILABLE_FORMAL_MAPPING_RULE_MISSING,FORMAL_RULE_MISSING,RAW_INPUT_AVAILABLE_FORMAL_RANKING_RULE_MISSING,RAW_INPUT_AVAILABLE_FORMAL_TRANSFORM_MISSING,RAW_INPUT_AVAILABLE_FORMAL_TRANSFORM_MISSING,RAW_OBSERVED_VALUE_AVAILABLE_BASELINE_RULE_MISSING,RAW_INPUT_AVAILABLE_FORMAL_TRANSFORM_MISSING,RAW_INPUT_AVAILABLE_FORMAL_TRANSFORM_MISSING,RAW_INPUT_AVAILABLE_FORMAL_TRANSFORM_MISSING,RAW_INPUT_AVAILABLE_FORMAL_TRANSFORM_MISSING,RAW_INPUT_AVAILABLE_FORMAL_TRANSFORM_MISSING,CALIBRATION_RULE_NOT_IN_ARCHIVE,CALIBRATION_RULE_NOT_IN_ARCHIVE,BLOCKED_BY_MISSING_FORMAL_INSTANCE_AND_INCUMBENT,False,REQUIRES_NEW_MODELING_ASSUMPTION,,,,,,,NOT_FROZEN
210218,renault_data_pipeline/data/renault_raw/instances/instances/210218/,0884df1b,564,15,29,22,359832,435,1912,0,0.11689899730985572,0.0,True,True,True,True,True,0,0,True,True,RAW_COORDINATES_AVAILABLE_FORMAL_MAPPING_RULE_MISSING,FORMAL_RULE_MISSING,RAW_INPUT_AVAILABLE_FORMAL_RANKING_RULE_MISSING,RAW_INPUT_AVAILABLE_FORMAL_TRANSFORM_MISSING,RAW_INPUT_AVAILABLE_FORMAL_TRANSFORM_MISSING,RAW_OBSERVED_VALUE_AVAILABLE_BASELINE_RULE_MISSING,RAW_INPUT_AVAILABLE_FORMAL_TRANSFORM_MISSING,RAW_INPUT_AVAILABLE_FORMAL_TRANSFORM_MISSING,RAW_INPUT_AVAILABLE_FORMAL_TRANSFORM_MISSING,RAW_INPUT_AVAILABLE_FORMAL_TRANSFORM_MISSING,RAW_INPUT_AVAILABLE_FORMAL_TRANSFORM_MISSING,CALIBRATION_RULE_NOT_IN_ARCHIVE,CALIBRATION_RULE_NOT_IN_ARCHIVE,BLOCKED_BY_MISSING_FORMAL_INSTANCE_AND_INCUMBENT,False,REQUIRES_NEW_MODELING_ASSUMPTION,,,,,,,NOT_FROZEN
210219,renault_data_pipeline/data/renault_raw/instances/instances/210219/,17203317,573,15,29,22,365574,435,1928,0,0.11602575675513029,0.0,True,True,True,True,True,0,0,True,True,RAW_COORDINATES_AVAILABLE_FORMAL_MAPPING_RULE_MISSING,FORMAL_RULE_MISSING,RAW_INPUT_AVAILABLE_FORMAL_RANKING_RULE_MISSING,RAW_INPUT_AVAILABLE_FORMAL_TRANSFORM_MISSING,RAW_INPUT_AVAILABLE_FORMAL_TRANSFORM_MISSING,RAW_OBSERVED_VALUE_AVAILABLE_BASELINE_RULE_MISSING,RAW_INPUT_AVAILABLE_FORMAL_TRANSFORM_MISSING,RAW_INPUT_AVAILABLE_FORMAL_TRANSFORM_MISSING,RAW_INPUT_AVAILABLE_FORMAL_TRANSFORM_MISSING,RAW_INPUT_AVAILABLE_FORMAL_TRANSFORM_MISSING,RAW_INPUT_AVAILABLE_FORMAL_TRANSFORM_MISSING,CALIBRATION_RULE_NOT_IN_ARCHIVE,CALIBRATION_RULE_NOT_IN_ARCHIVE,BLOCKED_BY_MISSING_FORMAL_INSTANCE_AND_INCUMBENT,False,REQUIRES_NEW_MODELING_ASSUMPTION,,,,,,,NOT_FROZEN
210222,renault_data_pipeline/data/renault_raw/instances/instances/210222/,7a07bd91,609,15,29,19,335559,435,1944,0,0.1100730422965857,0.0,True,True,True,True,True,0,0,True,True,RAW_COORDINATES_AVAILABLE_FORMAL_MAPPING_RULE_MISSING,FORMAL_RULE_MISSING,RAW_INPUT_AVAILABLE_FORMAL_RANKING_RULE_MISSING,RAW_INPUT_AVAILABLE_FORMAL_TRANSFORM_MISSING,RAW_INPUT_AVAILABLE_FORMAL_TRANSFORM_MISSING,RAW_OBSERVED_VALUE_AVAILABLE_BASELINE_RULE_MISSING,RAW_INPUT_AVAILABLE_FORMAL_TRANSFORM_MISSING,RAW_INPUT_AVAILABLE_FORMAL_TRANSFORM_MISSING,RAW_INPUT_AVAILABLE_FORMAL_TRANSFORM_MISSING,RAW_INPUT_AVAILABLE_FORMAL_TRANSFORM_MISSING,RAW_INPUT_AVAILABLE_FORMAL_TRANSFORM_MISSING,CALIBRATION_RULE_NOT_IN_ARCHIVE,CALIBRATION_RULE_NOT_IN_ARCHIVE,BLOCKED_BY_MISSING_FORMAL_INSTANCE_AND_INCUMBENT,False,REQUIRES_NEW_MODELING_ASSUMPTION,,,,,,,NOT_FROZEN
210223,renault_data_pipeline/data/renault_raw/instances/instances/210223/,d08348f8,609,14,29,20,353220,406,1902,0,0.1076949210124002,0.0,True,True,True,True,True,0,0,True,True,RAW_COORDINATES_AVAILABLE_FORMAL_MAPPING_RULE_MISSING,FORMAL_RULE_MISSING,RAW_INPUT_AVAILABLE_FORMAL_RANKING_RULE_MISSING,RAW_INPUT_AVAILABLE_FORMAL_TRANSFORM_MISSING,RAW_INPUT_AVAILABLE_FORMAL_TRANSFORM_MISSING,RAW_OBSERVED_VALUE_AVAILABLE_BASELINE_RULE_MISSING,RAW_INPUT_AVAILABLE_FORMAL_TRANSFORM_MISSING,RAW_INPUT_AVAILABLE_FORMAL_TRANSFORM_MISSING,RAW_INPUT_AVAILABLE_FORMAL_TRANSFORM_MISSING,RAW_INPUT_AVAILABLE_FORMAL_TRANSFORM_MISSING,RAW_INPUT_AVAILABLE_FORMAL_TRANSFORM_MISSING,CALIBRATION_RULE_NOT_IN_ARCHIVE,CALIBRATION_RULE_NOT_IN_ARCHIVE,BLOCKED_BY_MISSING_FORMAL_INSTANCE_AND_INCUMBENT,False,REQUIRES_NEW_MODELING_ASSUMPTION,,,,,,,NOT_FROZEN
210224,renault_data_pipeline/data/renault_raw/instances/instances/210224/,0bc5367c,522,14,29,21,317898,406,1755,0,0.1159334126040428,0.0,True,True,True,True,True,0,0,True,True,RAW_COORDINATES_AVAILABLE_FORMAL_MAPPING_RULE_MISSING,FORMAL_RULE_MISSING,RAW_INPUT_AVAILABLE_FORMAL_RANKING_RULE_MISSING,RAW_INPUT_AVAILABLE_FORMAL_TRANSFORM_MISSING,RAW_INPUT_AVAILABLE_FORMAL_TRANSFORM_MISSING,RAW_OBSERVED_VALUE_AVAILABLE_BASELINE_RULE_MISSING,RAW_INPUT_AVAILABLE_FORMAL_TRANSFORM_MISSING,RAW_INPUT_AVAILABLE_FORMAL_TRANSFORM_MISSING,RAW_INPUT_AVAILABLE_FORMAL_TRANSFORM_MISSING,RAW_INPUT_AVAILABLE_FORMAL_TRANSFORM_MISSING,RAW_INPUT_AVAILABLE_FORMAL_TRANSFORM_MISSING,CALIBRATION_RULE_NOT_IN_ARCHIVE,CALIBRATION_RULE_NOT_IN_ARCHIVE,BLOCKED_BY_MISSING_FORMAL_INSTANCE_AND_INCUMBENT,False,REQUIRES_NEW_MODELING_ASSUMPTION,,,,,,,NOT_FROZEN
210225,renault_data_pipeline/data/renault_raw/instances/instances/210225/,4cc1a131,521,14,29,22,332398,406,1730,0,0.11450129062148388,0.0,True,True,True,True,True,0,0,True,True,RAW_COORDINATES_AVAILABLE_FORMAL_MAPPING_RULE_MISSING,FORMAL_RULE_MISSING,RAW_INPUT_AVAILABLE_FORMAL_RANKING_RULE_MISSING,RAW_INPUT_AVAILABLE_FORMAL_TRANSFORM_MISSING,RAW_INPUT_AVAILABLE_FORMAL_TRANSFORM_MISSING,RAW_OBSERVED_VALUE_AVAILABLE_BASELINE_RULE_MISSING,RAW_INPUT_AVAILABLE_FORMAL_TRANSFORM_MISSING,RAW_INPUT_AVAILABLE_FORMAL_TRANSFORM_MISSING,RAW_INPUT_AVAILABLE_FORMAL_TRANSFORM_MISSING,RAW_INPUT_AVAILABLE_FORMAL_TRANSFORM_MISSING,RAW_INPUT_AVAILABLE_FORMAL_TRANSFORM_MISSING,CALIBRATION_RULE_NOT_IN_ARCHIVE,CALIBRATION_RULE_NOT_IN_ARCHIVE,BLOCKED_BY_MISSING_FORMAL_INSTANCE_AND_INCUMBENT,False,REQUIRES_NEW_MODELING_ASSUMPTION,,,,,,,NOT_FROZEN
210301,renault_data_pipeline/data/renault_raw/instances/instances/210301/,80d25635,599,14,29,19,330049,406,1814,0,0.10442691842726383,0.0,True,True,True,True,True,0,0,True,True,RAW_COORDINATES_AVAILABLE_FORMAL_MAPPING_RULE_MISSING,FORMAL_RULE_MISSING,RAW_INPUT_AVAILABLE_FORMAL_RANKING_RULE_MISSING,RAW_INPUT_AVAILABLE_FORMAL_TRANSFORM_MISSING,RAW_INPUT_AVAILABLE_FORMAL_TRANSFORM_MISSING,RAW_OBSERVED_VALUE_AVAILABLE_BASELINE_RULE_MISSING,RAW_INPUT_AVAILABLE_FORMAL_TRANSFORM_MISSING,RAW_INPUT_AVAILABLE_FORMAL_TRANSFORM_MISSING,RAW_INPUT_AVAILABLE_FORMAL_TRANSFORM_MISSING,RAW_INPUT_AVAILABLE_FORMAL_TRANSFORM_MISSING,RAW_INPUT_AVAILABLE_FORMAL_TRANSFORM_MISSING,CALIBRATION_RULE_NOT_IN_ARCHIVE,CALIBRATION_RULE_NOT_IN_ARCHIVE,BLOCKED_BY_MISSING_FORMAL_INSTANCE_AND_INCUMBENT,False,REQUIRES_NEW_MODELING_ASSUMPTION,,,,,,,NOT_FROZEN
210302,renault_data_pipeline/data/renault_raw/instances/instances/210302/,87ddc464,586,12,29,20,339880,348,1768,0,0.10403671884194421,0.0,True,True,True,True,True,0,0,True,True,RAW_COORDINATES_AVAILABLE_FORMAL_MAPPING_RULE_MISSING,FORMAL_RULE_MISSING,RAW_INPUT_AVAILABLE_FORMAL_RANKING_RULE_MISSING,RAW_INPUT_AVAILABLE_FORMAL_TRANSFORM_MISSING,RAW_INPUT_AVAILABLE_FORMAL_TRANSFORM_MISSING,RAW_OBSERVED_VALUE_AVAILABLE_BASELINE_RULE_MISSING,RAW_INPUT_AVAILABLE_FORMAL_TRANSFORM_MISSING,RAW_INPUT_AVAILABLE_FORMAL_TRANSFORM_MISSING,RAW_INPUT_AVAILABLE_FORMAL_TRANSFORM_MISSING,RAW_INPUT_AVAILABLE_FORMAL_TRANSFORM_MISSING,RAW_INPUT_AVAILABLE_FORMAL_TRANSFORM_MISSING,CALIBRATION_RULE_NOT_IN_ARCHIVE,CALIBRATION_RULE_NOT_IN_ARCHIVE,BLOCKED_BY_MISSING_FORMAL_INSTANCE_AND_INCUMBENT,False,REQUIRES_NEW_MODELING_ASSUMPTION,,,,,,,NOT_FROZEN
210308,renault_data_pipeline/data/renault_raw/instances/instances/210308/,9d48cfc6,552,12,29,19,304152,348,1826,0,0.1140679660169915,0.0,True,True,True,True,True,0,0,True,True,RAW_COORDINATES_AVAILABLE_FORMAL_MAPPING_RULE_MISSING,FORMAL_RULE_MISSING,RAW_INPUT_AVAILABLE_FORMAL_RANKING_RULE_MISSING,RAW_INPUT_AVAILABLE_FORMAL_TRANSFORM_MISSING,RAW_INPUT_AVAILABLE_FORMAL_TRANSFORM_MISSING,RAW_OBSERVED_VALUE_AVAILABLE_BASELINE_RULE_MISSING,RAW_INPUT_AVAILABLE_FORMAL_TRANSFORM_MISSING,RAW_INPUT_AVAILABLE_FORMAL_TRANSFORM_MISSING,RAW_INPUT_AVAILABLE_FORMAL_TRANSFORM_MISSING,RAW_INPUT_AVAILABLE_FORMAL_TRANSFORM_MISSING,RAW_INPUT_AVAILABLE_FORMAL_TRANSFORM_MISSING,CALIBRATION_RULE_NOT_IN_ARCHIVE,CALIBRATION_RULE_NOT_IN_ARCHIVE,BLOCKED_BY_MISSING_FORMAL_INSTANCE_AND_INCUMBENT,False,REQUIRES_NEW_MODELING_ASSUMPTION,,,,,,,NOT_FROZEN
210309,renault_data_pipeline/data/renault_raw/instances/instances/210309/,7750b72f,565,13,29,20,327700,377,1812,0,0.11058895331095514,0.0,True,True,True,True,True,0,0,True,True,RAW_COORDINATES_AVAILABLE_FORMAL_MAPPING_RULE_MISSING,FORMAL_RULE_MISSING,RAW_INPUT_AVAILABLE_FORMAL_RANKING_RULE_MISSING,RAW_INPUT_AVAILABLE_FORMAL_TRANSFORM_MISSING,RAW_INPUT_AVAILABLE_FORMAL_TRANSFORM_MISSING,RAW_OBSERVED_VALUE_AVAILABLE_BASELINE_RULE_MISSING,RAW_INPUT_AVAILABLE_FORMAL_TRANSFORM_MISSING,RAW_INPUT_AVAILABLE_FORMAL_TRANSFORM_MISSING,RAW_INPUT_AVAILABLE_FORMAL_TRANSFORM_MISSING,RAW_INPUT_AVAILABLE_FORMAL_TRANSFORM_MISSING,RAW_INPUT_AVAILABLE_FORMAL_TRANSFORM_MISSING,CALIBRATION_RULE_NOT_IN_ARCHIVE,CALIBRATION_RULE_NOT_IN_ARCHIVE,BLOCKED_BY_MISSING_FORMAL_INSTANCE_AND_INCUMBENT,False,REQUIRES_NEW_MODELING_ASSUMPTION,,,,,,,NOT_FROZEN
210310,renault_data_pipeline/data/renault_raw/instances/instances/210310/,909dd21f,485,16,29,21,295365,464,1777,0,0.12634198364735158,0.0,True,True,True,True,True,0,0,True,True,RAW_COORDINATES_AVAILABLE_FORMAL_MAPPING_RULE_MISSING,FORMAL_RULE_MISSING,RAW_INPUT_AVAILABLE_FORMAL_RANKING_RULE_MISSING,RAW_INPUT_AVAILABLE_FORMAL_TRANSFORM_MISSING,RAW_INPUT_AVAILABLE_FORMAL_TRANSFORM_MISSING,RAW_OBSERVED_VALUE_AVAILABLE_BASELINE_RULE_MISSING,RAW_INPUT_AVAILABLE_FORMAL_TRANSFORM_MISSING,RAW_INPUT_AVAILABLE_FORMAL_TRANSFORM_MISSING,RAW_INPUT_AVAILABLE_FORMAL_TRANSFORM_MISSING,RAW_INPUT_AVAILABLE_FORMAL_TRANSFORM_MISSING,RAW_INPUT_AVAILABLE_FORMAL_TRANSFORM_MISSING,CALIBRATION_RULE_NOT_IN_ARCHIVE,CALIBRATION_RULE_NOT_IN_ARCHIVE,BLOCKED_BY_MISSING_FORMAL_INSTANCE_AND_INCUMBENT,False,REQUIRES_NEW_MODELING_ASSUMPTION,,,,,,,NOT_FROZEN
210312,renault_data_pipeline/data/renault_raw/instances/instances/210312/,388bf759,487,16,29,22,310706,464,1736,0,0.12292005947744813,0.0,True,True,True,True,True,0,0,True,True,RAW_COORDINATES_AVAILABLE_FORMAL_MAPPING_RULE_MISSING,FORMAL_RULE_MISSING,RAW_INPUT_AVAILABLE_FORMAL_RANKING_RULE_MISSING,RAW_INPUT_AVAILABLE_FORMAL_TRANSFORM_MISSING,RAW_INPUT_AVAILABLE_FORMAL_TRANSFORM_MISSING,RAW_OBSERVED_VALUE_AVAILABLE_BASELINE_RULE_MISSING,RAW_INPUT_AVAILABLE_FORMAL_TRANSFORM_MISSING,RAW_INPUT_AVAILABLE_FORMAL_TRANSFORM_MISSING,RAW_INPUT_AVAILABLE_FORMAL_TRANSFORM_MISSING,RAW_INPUT_AVAILABLE_FORMAL_TRANSFORM_MISSING,RAW_INPUT_AVAILABLE_FORMAL_TRANSFORM_MISSING,CALIBRATION_RULE_NOT_IN_ARCHIVE,CALIBRATION_RULE_NOT_IN_ARCHIVE,BLOCKED_BY_MISSING_FORMAL_INSTANCE_AND_INCUMBENT,False,REQUIRES_NEW_MODELING_ASSUMPTION,,,,,,,NOT_FROZEN
210316,renault_data_pipeline/data/renault_raw/instances/instances/210316/,3d2e02b6,574,14,29,20,332920,406,1838,0,0.11041691697705154,0.0,True,True,True,True,True,0,0,True,True,RAW_COORDINATES_AVAILABLE_FORMAL_MAPPING_RULE_MISSING,FORMAL_RULE_MISSING,RAW_INPUT_AVAILABLE_FORMAL_RANKING_RULE_MISSING,RAW_INPUT_AVAILABLE_FORMAL_TRANSFORM_MISSING,RAW_INPUT_AVAILABLE_FORMAL_TRANSFORM_MISSING,RAW_OBSERVED_VALUE_AVAILABLE_BASELINE_RULE_MISSING,RAW_INPUT_AVAILABLE_FORMAL_TRANSFORM_MISSING,RAW_INPUT_AVAILABLE_FORMAL_TRANSFORM_MISSING,RAW_INPUT_AVAILABLE_FORMAL_TRANSFORM_MISSING,RAW_INPUT_AVAILABLE_FORMAL_TRANSFORM_MISSING,RAW_INPUT_AVAILABLE_FORMAL_TRANSFORM_MISSING,CALIBRATION_RULE_NOT_IN_ARCHIVE,CALIBRATION_RULE_NOT_IN_ARCHIVE,BLOCKED_BY_MISSING_FORMAL_INSTANCE_AND_INCUMBENT,False,REQUIRES_NEW_MODELING_ASSUMPTION,,,,,,,NOT_FROZEN
210317,renault_data_pipeline/data/renault_raw/instances/instances/210317/,691aea3d,491,16,29,21,299019,464,1779,0,0.1249385490554112,0.0,True,True,True,True,True,0,0,True,True,RAW_COORDINATES_AVAILABLE_FORMAL_MAPPING_RULE_MISSING,FORMAL_RULE_MISSING,RAW_INPUT_AVAILABLE_FORMAL_RANKING_RULE_MISSING,RAW_INPUT_AVAILABLE_FORMAL_TRANSFORM_MISSING,RAW_INPUT_AVAILABLE_FORMAL_TRANSFORM_MISSING,RAW_OBSERVED_VALUE_AVAILABLE_BASELINE_RULE_MISSING,RAW_INPUT_AVAILABLE_FORMAL_TRANSFORM_MISSING,RAW_INPUT_AVAILABLE_FORMAL_TRANSFORM_MISSING,RAW_INPUT_AVAILABLE_FORMAL_TRANSFORM_MISSING,RAW_INPUT_AVAILABLE_FORMAL_TRANSFORM_MISSING,RAW_INPUT_AVAILABLE_FORMAL_TRANSFORM_MISSING,CALIBRATION_RULE_NOT_IN_ARCHIVE,CALIBRATION_RULE_NOT_IN_ARCHIVE,BLOCKED_BY_MISSING_FORMAL_INSTANCE_AND_INCUMBENT,False,REQUIRES_NEW_MODELING_ASSUMPTION,,,,,,,NOT_FROZEN
210318,renault_data_pipeline/data/renault_raw/instances/instances/210318/,e58d7de4,639,16,29,22,407682,464,2145,0,0.11575198316334791,0.0,True,True,True,True,True,0,0,True,True,RAW_COORDINATES_AVAILABLE_FORMAL_MAPPING_RULE_MISSING,FORMAL_RULE_MISSING,RAW_INPUT_AVAILABLE_FORMAL_RANKING_RULE_MISSING,RAW_INPUT_AVAILABLE_FORMAL_TRANSFORM_MISSING,RAW_INPUT_AVAILABLE_FORMAL_TRANSFORM_MISSING,RAW_OBSERVED_VALUE_AVAILABLE_BASELINE_RULE_MISSING,RAW_INPUT_AVAILABLE_FORMAL_TRANSFORM_MISSING,RAW_INPUT_AVAILABLE_FORMAL_TRANSFORM_MISSING,RAW_INPUT_AVAILABLE_FORMAL_TRANSFORM_MISSING,RAW_INPUT_AVAILABLE_FORMAL_TRANSFORM_MISSING,RAW_INPUT_AVAILABLE_FORMAL_TRANSFORM_MISSING,CALIBRATION_RULE_NOT_IN_ARCHIVE,CALIBRATION_RULE_NOT_IN_ARCHIVE,BLOCKED_BY_MISSING_FORMAL_INSTANCE_AND_INCUMBENT,False,REQUIRES_NEW_MODELING_ASSUMPTION,,,,,,,NOT_FROZEN
210319,renault_data_pipeline/data/renault_raw/instances/instances/210319/,31b09113,633,16,29,22,403854,464,2118,0,0.11537832979244975,0.0,True,True,True,True,True,0,0,True,True,RAW_COORDINATES_AVAILABLE_FORMAL_MAPPING_RULE_MISSING,FORMAL_RULE_MISSING,RAW_INPUT_AVAILABLE_FORMAL_RANKING_RULE_MISSING,RAW_INPUT_AVAILABLE_FORMAL_TRANSFORM_MISSING,RAW_INPUT_AVAILABLE_FORMAL_TRANSFORM_MISSING,RAW_OBSERVED_VALUE_AVAILABLE_BASELINE_RULE_MISSING,RAW_INPUT_AVAILABLE_FORMAL_TRANSFORM_MISSING,RAW_INPUT_AVAILABLE_FORMAL_TRANSFORM_MISSING,RAW_INPUT_AVAILABLE_FORMAL_TRANSFORM_MISSING,RAW_INPUT_AVAILABLE_FORMAL_TRANSFORM_MISSING,RAW_INPUT_AVAILABLE_FORMAL_TRANSFORM_MISSING,CALIBRATION_RULE_NOT_IN_ARCHIVE,CALIBRATION_RULE_NOT_IN_ARCHIVE,BLOCKED_BY_MISSING_FORMAL_INSTANCE_AND_INCUMBENT,False,REQUIRES_NEW_MODELING_ASSUMPTION,,,,,,,NOT_FROZEN
210323,renault_data_pipeline/data/renault_raw/instances/instances/210323/,4e8b112d,690,13,29,20,400200,377,2144,0,0.1071464267866067,0.0,True,True,True,True,True,0,0,True,True,RAW_COORDINATES_AVAILABLE_FORMAL_MAPPING_RULE_MISSING,FORMAL_RULE_MISSING,RAW_INPUT_AVAILABLE_FORMAL_RANKING_RULE_MISSING,RAW_INPUT_AVAILABLE_FORMAL_TRANSFORM_MISSING,RAW_INPUT_AVAILABLE_FORMAL_TRANSFORM_MISSING,RAW_OBSERVED_VALUE_AVAILABLE_BASELINE_RULE_MISSING,RAW_INPUT_AVAILABLE_FORMAL_TRANSFORM_MISSING,RAW_INPUT_AVAILABLE_FORMAL_TRANSFORM_MISSING,RAW_INPUT_AVAILABLE_FORMAL_TRANSFORM_MISSING,RAW_INPUT_AVAILABLE_FORMAL_TRANSFORM_MISSING,RAW_INPUT_AVAILABLE_FORMAL_TRANSFORM_MISSING,CALIBRATION_RULE_NOT_IN_ARCHIVE,CALIBRATION_RULE_NOT_IN_ARCHIVE,BLOCKED_BY_MISSING_FORMAL_INSTANCE_AND_INCUMBENT,False,REQUIRES_NEW_MODELING_ASSUMPTION,,,,,,,NOT_FROZEN
210324,renault_data_pipeline/data/renault_raw/instances/instances/210324/,43a0f1dc,631,16,29,21,384279,464,2082,0,0.11377670910978742,0.0,True,True,True,True,True,0,0,True,True,RAW_COORDINATES_AVAILABLE_FORMAL_MAPPING_RULE_MISSING,FORMAL_RULE_MISSING,RAW_INPUT_AVAILABLE_FORMAL_RANKING_RULE_MISSING,RAW_INPUT_AVAILABLE_FORMAL_TRANSFORM_MISSING,RAW_INPUT_AVAILABLE_FORMAL_TRANSFORM_MISSING,RAW_OBSERVED_VALUE_AVAILABLE_BASELINE_RULE_MISSING,RAW_INPUT_AVAILABLE_FORMAL_TRANSFORM_MISSING,RAW_INPUT_AVAILABLE_FORMAL_TRANSFORM_MISSING,RAW_INPUT_AVAILABLE_FORMAL_TRANSFORM_MISSING,RAW_INPUT_AVAILABLE_FORMAL_TRANSFORM_MISSING,RAW_INPUT_AVAILABLE_FORMAL_TRANSFORM_MISSING,CALIBRATION_RULE_NOT_IN_ARCHIVE,CALIBRATION_RULE_NOT_IN_ARCHIVE,BLOCKED_BY_MISSING_FORMAL_INSTANCE_AND_INCUMBENT,False,REQUIRES_NEW_MODELING_ASSUMPTION,,,,,,,NOT_FROZEN
210330,renault_data_pipeline/data/renault_raw/instances/instances/210330/,8f7c2d00,760,11,29,20,440800,319,2254,0,0.10226860254083485,0.0,True,True,True,True,True,0,0,True,True,RAW_COORDINATES_AVAILABLE_FORMAL_MAPPING_RULE_MISSING,FORMAL_RULE_MISSING,RAW_INPUT_AVAILABLE_FORMAL_RANKING_RULE_MISSING,RAW_INPUT_AVAILABLE_FORMAL_TRANSFORM_MISSING,RAW_INPUT_AVAILABLE_FORMAL_TRANSFORM_MISSING,RAW_OBSERVED_VALUE_AVAILABLE_BASELINE_RULE_MISSING,RAW_INPUT_AVAILABLE_FORMAL_TRANSFORM_MISSING,RAW_INPUT_AVAILABLE_FORMAL_TRANSFORM_MISSING,RAW_INPUT_AVAILABLE_FORMAL_TRANSFORM_MISSING,RAW_INPUT_AVAILABLE_FORMAL_TRANSFORM_MISSING,RAW_INPUT_AVAILABLE_FORMAL_TRANSFORM_MISSING,CALIBRATION_RULE_NOT_IN_ARCHIVE,CALIBRATION_RULE_NOT_IN_ARCHIVE,BLOCKED_BY_MISSING_FORMAL_INSTANCE_AND_INCUMBENT,False,REQUIRES_NEW_MODELING_ASSUMPTION,,,,,,,NOT_FROZEN
210401,renault_data_pipeline/data/renault_raw/instances/instances/210401/,78fddde9,604,11,29,22,385352,319,2098,0,0.11977620461292532,0.0,True,True,True,True,True,0,0,True,True,RAW_COORDINATES_AVAILABLE_FORMAL_MAPPING_RULE_MISSING,FORMAL_RULE_MISSING,RAW_INPUT_AVAILABLE_FORMAL_RANKING_RULE_MISSING,RAW_INPUT_AVAILABLE_FORMAL_TRANSFORM_MISSING,RAW_INPUT_AVAILABLE_FORMAL_TRANSFORM_MISSING,RAW_OBSERVED_VALUE_AVAILABLE_BASELINE_RULE_MISSING,RAW_INPUT_AVAILABLE_FORMAL_TRANSFORM_MISSING,RAW_INPUT_AVAILABLE_FORMAL_TRANSFORM_MISSING,RAW_INPUT_AVAILABLE_FORMAL_TRANSFORM_MISSING,RAW_INPUT_AVAILABLE_FORMAL_TRANSFORM_MISSING,RAW_INPUT_AVAILABLE_FORMAL_TRANSFORM_MISSING,CALIBRATION_RULE_NOT_IN_ARCHIVE,CALIBRATION_RULE_NOT_IN_ARCHIVE,BLOCKED_BY_MISSING_FORMAL_INSTANCE_AND_INCUMBENT,False,REQUIRES_NEW_MODELING_ASSUMPTION,,,,,,,NOT_FROZEN
210407,renault_data_pipeline/data/renault_raw/instances/instances/210407/,1fc56869,595,17,30,21,374850,510,2083,0,0.11669467787114846,0.0,True,True,True,True,True,0,0,True,True,RAW_COORDINATES_AVAILABLE_FORMAL_MAPPING_RULE_MISSING,FORMAL_RULE_MISSING,RAW_INPUT_AVAILABLE_FORMAL_RANKING_RULE_MISSING,RAW_INPUT_AVAILABLE_FORMAL_TRANSFORM_MISSING,RAW_INPUT_AVAILABLE_FORMAL_TRANSFORM_MISSING,RAW_OBSERVED_VALUE_AVAILABLE_BASELINE_RULE_MISSING,RAW_INPUT_AVAILABLE_FORMAL_TRANSFORM_MISSING,RAW_INPUT_AVAILABLE_FORMAL_TRANSFORM_MISSING,RAW_INPUT_AVAILABLE_FORMAL_TRANSFORM_MISSING,RAW_INPUT_AVAILABLE_FORMAL_TRANSFORM_MISSING,RAW_INPUT_AVAILABLE_FORMAL_TRANSFORM_MISSING,CALIBRATION_RULE_NOT_IN_ARCHIVE,CALIBRATION_RULE_NOT_IN_ARCHIVE,BLOCKED_BY_MISSING_FORMAL_INSTANCE_AND_INCUMBENT,False,REQUIRES_NEW_MODELING_ASSUMPTION,,,,,,,NOT_FROZEN
210408,renault_data_pipeline/data/renault_raw/instances/instances/210408/,c0eee414,612,17,30,22,403920,510,2165,0,0.11791938997821351,0.0,True,True,True,True,True,0,0,True,True,RAW_COORDINATES_AVAILABLE_FORMAL_MAPPING_RULE_MISSING,FORMAL_RULE_MISSING,RAW_INPUT_AVAILABLE_FORMAL_RANKING_RULE_MISSING,RAW_INPUT_AVAILABLE_FORMAL_TRANSFORM_MISSING,RAW_INPUT_AVAILABLE_FORMAL_TRANSFORM_MISSING,RAW_OBSERVED_VALUE_AVAILABLE_BASELINE_RULE_MISSING,RAW_INPUT_AVAILABLE_FORMAL_TRANSFORM_MISSING,RAW_INPUT_AVAILABLE_FORMAL_TRANSFORM_MISSING,RAW_INPUT_AVAILABLE_FORMAL_TRANSFORM_MISSING,RAW_INPUT_AVAILABLE_FORMAL_TRANSFORM_MISSING,RAW_INPUT_AVAILABLE_FORMAL_TRANSFORM_MISSING,CALIBRATION_RULE_NOT_IN_ARCHIVE,CALIBRATION_RULE_NOT_IN_ARCHIVE,BLOCKED_BY_MISSING_FORMAL_INSTANCE_AND_INCUMBENT,False,REQUIRES_NEW_MODELING_ASSUMPTION,,,,,,,NOT_FROZEN
210409,renault_data_pipeline/data/renault_raw/instances/instances/210409/,bde41aed,614,14,30,22,405240,420,2182,0,0.11845819761129207,0.0,True,True,True,True,True,0,0,True,True,RAW_COORDINATES_AVAILABLE_FORMAL_MAPPING_RULE_MISSING,FORMAL_RULE_MISSING,RAW_INPUT_AVAILABLE_FORMAL_RANKING_RULE_MISSING,RAW_INPUT_AVAILABLE_FORMAL_TRANSFORM_MISSING,RAW_INPUT_AVAILABLE_FORMAL_TRANSFORM_MISSING,RAW_OBSERVED_VALUE_AVAILABLE_BASELINE_RULE_MISSING,RAW_INPUT_AVAILABLE_FORMAL_TRANSFORM_MISSING,RAW_INPUT_AVAILABLE_FORMAL_TRANSFORM_MISSING,RAW_INPUT_AVAILABLE_FORMAL_TRANSFORM_MISSING,RAW_INPUT_AVAILABLE_FORMAL_TRANSFORM_MISSING,RAW_INPUT_AVAILABLE_FORMAL_TRANSFORM_MISSING,CALIBRATION_RULE_NOT_IN_ARCHIVE,CALIBRATION_RULE_NOT_IN_ARCHIVE,BLOCKED_BY_MISSING_FORMAL_INSTANCE_AND_INCUMBENT,False,REQUIRES_NEW_MODELING_ASSUMPTION,,,,,,,NOT_FROZEN
210412,renault_data_pipeline/data/renault_raw/instances/instances/210412/,306df9af,603,14,30,19,343710,420,2102,0,0.11619679380873411,0.0,True,True,True,True,True,0,0,True,True,RAW_COORDINATES_AVAILABLE_FORMAL_MAPPING_RULE_MISSING,FORMAL_RULE_MISSING,RAW_INPUT_AVAILABLE_FORMAL_RANKING_RULE_MISSING,RAW_INPUT_AVAILABLE_FORMAL_TRANSFORM_MISSING,RAW_INPUT_AVAILABLE_FORMAL_TRANSFORM_MISSING,RAW_OBSERVED_VALUE_AVAILABLE_BASELINE_RULE_MISSING,RAW_INPUT_AVAILABLE_FORMAL_TRANSFORM_MISSING,RAW_INPUT_AVAILABLE_FORMAL_TRANSFORM_MISSING,RAW_INPUT_AVAILABLE_FORMAL_TRANSFORM_MISSING,RAW_INPUT_AVAILABLE_FORMAL_TRANSFORM_MISSING,RAW_INPUT_AVAILABLE_FORMAL_TRANSFORM_MISSING,CALIBRATION_RULE_NOT_IN_ARCHIVE,CALIBRATION_RULE_NOT_IN_ARCHIVE,BLOCKED_BY_MISSING_FORMAL_INSTANCE_AND_INCUMBENT,False,REQUIRES_NEW_MODELING_ASSUMPTION,,,,,,,NOT_FROZEN
210413,renault_data_pipeline/data/renault_raw/instances/instances/210413/,0cd58932,612,16,30,20,367200,480,2111,0,0.11497821350762527,0.0,True,True,True,True,True,0,0,True,True,RAW_COORDINATES_AVAILABLE_FORMAL_MAPPING_RULE_MISSING,FORMAL_RULE_MISSING,RAW_INPUT_AVAILABLE_FORMAL_RANKING_RULE_MISSING,RAW_INPUT_AVAILABLE_FORMAL_TRANSFORM_MISSING,RAW_INPUT_AVAILABLE_FORMAL_TRANSFORM_MISSING,RAW_OBSERVED_VALUE_AVAILABLE_BASELINE_RULE_MISSING,RAW_INPUT_AVAILABLE_FORMAL_TRANSFORM_MISSING,RAW_INPUT_AVAILABLE_FORMAL_TRANSFORM_MISSING,RAW_INPUT_AVAILABLE_FORMAL_TRANSFORM_MISSING,RAW_INPUT_AVAILABLE_FORMAL_TRANSFORM_MISSING,RAW_INPUT_AVAILABLE_FORMAL_TRANSFORM_MISSING,CALIBRATION_RULE_NOT_IN_ARCHIVE,CALIBRATION_RULE_NOT_IN_ARCHIVE,BLOCKED_BY_MISSING_FORMAL_INSTANCE_AND_INCUMBENT,False,REQUIRES_NEW_MODELING_ASSUMPTION,,,,,,,NOT_FROZEN
210414,renault_data_pipeline/data/renault_raw/instances/instances/210414/,26a31a2f,624,16,30,21,393120,480,2138,0,0.1142094017094017,0.0,True,True,True,True,True,0,0,True,True,RAW_COORDINATES_AVAILABLE_FORMAL_MAPPING_RULE_MISSING,FORMAL_RULE_MISSING,RAW_INPUT_AVAILABLE_FORMAL_RANKING_RULE_MISSING,RAW_INPUT_AVAILABLE_FORMAL_TRANSFORM_MISSING,RAW_INPUT_AVAILABLE_FORMAL_TRANSFORM_MISSING,RAW_OBSERVED_VALUE_AVAILABLE_BASELINE_RULE_MISSING,RAW_INPUT_AVAILABLE_FORMAL_TRANSFORM_MISSING,RAW_INPUT_AVAILABLE_FORMAL_TRANSFORM_MISSING,RAW_INPUT_AVAILABLE_FORMAL_TRANSFORM_MISSING,RAW_INPUT_AVAILABLE_FORMAL_TRANSFORM_MISSING,RAW_INPUT_AVAILABLE_FORMAL_TRANSFORM_MISSING,CALIBRATION_RULE_NOT_IN_ARCHIVE,CALIBRATION_RULE_NOT_IN_ARCHIVE,BLOCKED_BY_MISSING_FORMAL_INSTANCE_AND_INCUMBENT,False,REQUIRES_NEW_MODELING_ASSUMPTION,,,,,,,NOT_FROZEN
210416,renault_data_pipeline/data/renault_raw/instances/instances/210416/,19f82492,626,17,30,22,413160,510,2171,0,0.1156017039403621,0.0,True,True,True,True,True,0,0,True,True,RAW_COORDINATES_AVAILABLE_FORMAL_MAPPING_RULE_MISSING,FORMAL_RULE_MISSING,RAW_INPUT_AVAILABLE_FORMAL_RANKING_RULE_MISSING,RAW_INPUT_AVAILABLE_FORMAL_TRANSFORM_MISSING,RAW_INPUT_AVAILABLE_FORMAL_TRANSFORM_MISSING,RAW_OBSERVED_VALUE_AVAILABLE_BASELINE_RULE_MISSING,RAW_INPUT_AVAILABLE_FORMAL_TRANSFORM_MISSING,RAW_INPUT_AVAILABLE_FORMAL_TRANSFORM_MISSING,RAW_INPUT_AVAILABLE_FORMAL_TRANSFORM_MISSING,RAW_INPUT_AVAILABLE_FORMAL_TRANSFORM_MISSING,RAW_INPUT_AVAILABLE_FORMAL_TRANSFORM_MISSING,CALIBRATION_RULE_NOT_IN_ARCHIVE,CALIBRATION_RULE_NOT_IN_ARCHIVE,BLOCKED_BY_MISSING_FORMAL_INSTANCE_AND_INCUMBENT,False,REQUIRES_NEW_MODELING_ASSUMPTION,,,,,,,NOT_FROZEN
210426,renault_data_pipeline/data/renault_raw/instances/instances/210426/,f3f6a3a5,619,16,30,19,352830,480,2101,0,0.11313947226709747,0.0,True,True,True,True,True,0,0,True,True,RAW_COORDINATES_AVAILABLE_FORMAL_MAPPING_RULE_MISSING,FORMAL_RULE_MISSING,RAW_INPUT_AVAILABLE_FORMAL_RANKING_RULE_MISSING,RAW_INPUT_AVAILABLE_FORMAL_TRANSFORM_MISSING,RAW_INPUT_AVAILABLE_FORMAL_TRANSFORM_MISSING,RAW_OBSERVED_VALUE_AVAILABLE_BASELINE_RULE_MISSING,RAW_INPUT_AVAILABLE_FORMAL_TRANSFORM_MISSING,RAW_INPUT_AVAILABLE_FORMAL_TRANSFORM_MISSING,RAW_INPUT_AVAILABLE_FORMAL_TRANSFORM_MISSING,RAW_INPUT_AVAILABLE_FORMAL_TRANSFORM_MISSING,RAW_INPUT_AVAILABLE_FORMAL_TRANSFORM_MISSING,CALIBRATION_RULE_NOT_IN_ARCHIVE,CALIBRATION_RULE_NOT_IN_ARCHIVE,BLOCKED_BY_MISSING_FORMAL_INSTANCE_AND_INCUMBENT,False,REQUIRES_NEW_MODELING_ASSUMPTION,,,,,,,NOT_FROZEN
210427,renault_data_pipeline/data/renault_raw/instances/instances/210427/,3ab3561b,611,17,30,20,366600,510,2071,0,0.11298417894162575,0.0,True,True,True,True,True,0,0,True,True,RAW_COORDINATES_AVAILABLE_FORMAL_MAPPING_RULE_MISSING,FORMAL_RULE_MISSING,RAW_INPUT_AVAILABLE_FORMAL_RANKING_RULE_MISSING,RAW_INPUT_AVAILABLE_FORMAL_TRANSFORM_MISSING,RAW_INPUT_AVAILABLE_FORMAL_TRANSFORM_MISSING,RAW_OBSERVED_VALUE_AVAILABLE_BASELINE_RULE_MISSING,RAW_INPUT_AVAILABLE_FORMAL_TRANSFORM_MISSING,RAW_INPUT_AVAILABLE_FORMAL_TRANSFORM_MISSING,RAW_INPUT_AVAILABLE_FORMAL_TRANSFORM_MISSING,RAW_INPUT_AVAILABLE_FORMAL_TRANSFORM_MISSING,RAW_INPUT_AVAILABLE_FORMAL_TRANSFORM_MISSING,CALIBRATION_RULE_NOT_IN_ARCHIVE,CALIBRATION_RULE_NOT_IN_ARCHIVE,BLOCKED_BY_MISSING_FORMAL_INSTANCE_AND_INCUMBENT,False,REQUIRES_NEW_MODELING_ASSUMPTION,,,,,,,NOT_FROZEN
210428,renault_data_pipeline/data/renault_raw/instances/instances/210428/,4b238eff,631,18,30,21,397530,540,2130,0,0.11251980982567353,0.0,True,True,True,True,True,0,0,True,True,RAW_COORDINATES_AVAILABLE_FORMAL_MAPPING_RULE_MISSING,FORMAL_RULE_MISSING,RAW_INPUT_AVAILABLE_FORMAL_RANKING_RULE_MISSING,RAW_INPUT_AVAILABLE_FORMAL_TRANSFORM_MISSING,RAW_INPUT_AVAILABLE_FORMAL_TRANSFORM_MISSING,RAW_OBSERVED_VALUE_AVAILABLE_BASELINE_RULE_MISSING,RAW_INPUT_AVAILABLE_FORMAL_TRANSFORM_MISSING,RAW_INPUT_AVAILABLE_FORMAL_TRANSFORM_MISSING,RAW_INPUT_AVAILABLE_FORMAL_TRANSFORM_MISSING,RAW_INPUT_AVAILABLE_FORMAL_TRANSFORM_MISSING,RAW_INPUT_AVAILABLE_FORMAL_TRANSFORM_MISSING,CALIBRATION_RULE_NOT_IN_ARCHIVE,CALIBRATION_RULE_NOT_IN_ARCHIVE,BLOCKED_BY_MISSING_FORMAL_INSTANCE_AND_INCUMBENT,False,REQUIRES_NEW_MODELING_ASSUMPTION,,,,,,,NOT_FROZEN
210429,renault_data_pipeline/data/renault_raw/instances/instances/210429/,ad71af28,633,18,30,22,417780,540,2134,0,0.11237493417588204,0.0,True,True,True,True,True,0,0,True,True,RAW_COORDINATES_AVAILABLE_FORMAL_MAPPING_RULE_MISSING,FORMAL_RULE_MISSING,RAW_INPUT_AVAILABLE_FORMAL_RANKING_RULE_MISSING,RAW_INPUT_AVAILABLE_FORMAL_TRANSFORM_MISSING,RAW_INPUT_AVAILABLE_FORMAL_TRANSFORM_MISSING,RAW_OBSERVED_VALUE_AVAILABLE_BASELINE_RULE_MISSING,RAW_INPUT_AVAILABLE_FORMAL_TRANSFORM_MISSING,RAW_INPUT_AVAILABLE_FORMAL_TRANSFORM_MISSING,RAW_INPUT_AVAILABLE_FORMAL_TRANSFORM_MISSING,RAW_INPUT_AVAILABLE_FORMAL_TRANSFORM_MISSING,RAW_INPUT_AVAILABLE_FORMAL_TRANSFORM_MISSING,CALIBRATION_RULE_NOT_IN_ARCHIVE,CALIBRATION_RULE_NOT_IN_ARCHIVE,BLOCKED_BY_MISSING_FORMAL_INSTANCE_AND_INCUMBENT,False,REQUIRES_NEW_MODELING_ASSUMPTION,,,,,,,NOT_FROZEN
210503,renault_data_pipeline/data/renault_raw/instances/instances/210503/,aabff1f8,624,18,30,19,355680,540,2057,0,0.10988247863247863,0.0,True,True,True,True,True,0,0,True,True,RAW_COORDINATES_AVAILABLE_FORMAL_MAPPING_RULE_MISSING,FORMAL_RULE_MISSING,RAW_INPUT_AVAILABLE_FORMAL_RANKING_RULE_MISSING,RAW_INPUT_AVAILABLE_FORMAL_TRANSFORM_MISSING,RAW_INPUT_AVAILABLE_FORMAL_TRANSFORM_MISSING,RAW_OBSERVED_VALUE_AVAILABLE_BASELINE_RULE_MISSING,RAW_INPUT_AVAILABLE_FORMAL_TRANSFORM_MISSING,RAW_INPUT_AVAILABLE_FORMAL_TRANSFORM_MISSING,RAW_INPUT_AVAILABLE_FORMAL_TRANSFORM_MISSING,RAW_INPUT_AVAILABLE_FORMAL_TRANSFORM_MISSING,RAW_INPUT_AVAILABLE_FORMAL_TRANSFORM_MISSING,CALIBRATION_RULE_NOT_IN_ARCHIVE,CALIBRATION_RULE_NOT_IN_ARCHIVE,BLOCKED_BY_MISSING_FORMAL_INSTANCE_AND_INCUMBENT,False,REQUIRES_NEW_MODELING_ASSUMPTION,,,,,,,NOT_FROZEN
210505,renault_data_pipeline/data/renault_raw/instances/instances/210505/,c57f175e,612,18,30,21,385560,540,2038,0,0.11100217864923748,0.0,True,True,True,True,True,0,0,True,True,RAW_COORDINATES_AVAILABLE_FORMAL_MAPPING_RULE_MISSING,FORMAL_RULE_MISSING,RAW_INPUT_AVAILABLE_FORMAL_RANKING_RULE_MISSING,RAW_INPUT_AVAILABLE_FORMAL_TRANSFORM_MISSING,RAW_INPUT_AVAILABLE_FORMAL_TRANSFORM_MISSING,RAW_OBSERVED_VALUE_AVAILABLE_BASELINE_RULE_MISSING,RAW_INPUT_AVAILABLE_FORMAL_TRANSFORM_MISSING,RAW_INPUT_AVAILABLE_FORMAL_TRANSFORM_MISSING,RAW_INPUT_AVAILABLE_FORMAL_TRANSFORM_MISSING,RAW_INPUT_AVAILABLE_FORMAL_TRANSFORM_MISSING,RAW_INPUT_AVAILABLE_FORMAL_TRANSFORM_MISSING,CALIBRATION_RULE_NOT_IN_ARCHIVE,CALIBRATION_RULE_NOT_IN_ARCHIVE,BLOCKED_BY_MISSING_FORMAL_INSTANCE_AND_INCUMBENT,False,REQUIRES_NEW_MODELING_ASSUMPTION,,,,,,,NOT_FROZEN
210506,renault_data_pipeline/data/renault_raw/instances/instances/210506/,606497bb,615,18,30,22,405900,540,2065,0,0.11192411924119242,0.0,True,True,True,True,True,0,0,True,True,RAW_COORDINATES_AVAILABLE_FORMAL_MAPPING_RULE_MISSING,FORMAL_RULE_MISSING,RAW_INPUT_AVAILABLE_FORMAL_RANKING_RULE_MISSING,RAW_INPUT_AVAILABLE_FORMAL_TRANSFORM_MISSING,RAW_INPUT_AVAILABLE_FORMAL_TRANSFORM_MISSING,RAW_OBSERVED_VALUE_AVAILABLE_BASELINE_RULE_MISSING,RAW_INPUT_AVAILABLE_FORMAL_TRANSFORM_MISSING,RAW_INPUT_AVAILABLE_FORMAL_TRANSFORM_MISSING,RAW_INPUT_AVAILABLE_FORMAL_TRANSFORM_MISSING,RAW_INPUT_AVAILABLE_FORMAL_TRANSFORM_MISSING,RAW_INPUT_AVAILABLE_FORMAL_TRANSFORM_MISSING,CALIBRATION_RULE_NOT_IN_ARCHIVE,CALIBRATION_RULE_NOT_IN_ARCHIVE,BLOCKED_BY_MISSING_FORMAL_INSTANCE_AND_INCUMBENT,False,REQUIRES_NEW_MODELING_ASSUMPTION,,,,,,,NOT_FROZEN
210512,renault_data_pipeline/data/renault_raw/instances/instances/210512/,67987d79,605,17,30,21,381150,510,2060,0,0.11349862258953168,0.0,True,True,True,True,True,0,0,True,True,RAW_COORDINATES_AVAILABLE_FORMAL_MAPPING_RULE_MISSING,FORMAL_RULE_MISSING,RAW_INPUT_AVAILABLE_FORMAL_RANKING_RULE_MISSING,RAW_INPUT_AVAILABLE_FORMAL_TRANSFORM_MISSING,RAW_INPUT_AVAILABLE_FORMAL_TRANSFORM_MISSING,RAW_OBSERVED_VALUE_AVAILABLE_BASELINE_RULE_MISSING,RAW_INPUT_AVAILABLE_FORMAL_TRANSFORM_MISSING,RAW_INPUT_AVAILABLE_FORMAL_TRANSFORM_MISSING,RAW_INPUT_AVAILABLE_FORMAL_TRANSFORM_MISSING,RAW_INPUT_AVAILABLE_FORMAL_TRANSFORM_MISSING,RAW_INPUT_AVAILABLE_FORMAL_TRANSFORM_MISSING,CALIBRATION_RULE_NOT_IN_ARCHIVE,CALIBRATION_RULE_NOT_IN_ARCHIVE,BLOCKED_BY_MISSING_FORMAL_INSTANCE_AND_INCUMBENT,False,REQUIRES_NEW_MODELING_ASSUMPTION,,,,,,,NOT_FROZEN
210513,renault_data_pipeline/data/renault_raw/instances/instances/210513/,8b97235d,627,17,30,22,413820,510,2131,0,0.11329080276448697,0.0,True,True,True,True,True,0,0,True,True,RAW_COORDINATES_AVAILABLE_FORMAL_MAPPING_RULE_MISSING,FORMAL_RULE_MISSING,RAW_INPUT_AVAILABLE_FORMAL_RANKING_RULE_MISSING,RAW_INPUT_AVAILABLE_FORMAL_TRANSFORM_MISSING,RAW_INPUT_AVAILABLE_FORMAL_TRANSFORM_MISSING,RAW_OBSERVED_VALUE_AVAILABLE_BASELINE_RULE_MISSING,RAW_INPUT_AVAILABLE_FORMAL_TRANSFORM_MISSING,RAW_INPUT_AVAILABLE_FORMAL_TRANSFORM_MISSING,RAW_INPUT_AVAILABLE_FORMAL_TRANSFORM_MISSING,RAW_INPUT_AVAILABLE_FORMAL_TRANSFORM_MISSING,RAW_INPUT_AVAILABLE_FORMAL_TRANSFORM_MISSING,CALIBRATION_RULE_NOT_IN_ARCHIVE,CALIBRATION_RULE_NOT_IN_ARCHIVE,BLOCKED_BY_MISSING_FORMAL_INSTANCE_AND_INCUMBENT,False,REQUIRES_NEW_MODELING_ASSUMPTION,,,,,,,NOT_FROZEN
210514,renault_data_pipeline/data/renault_raw/instances/instances/210514/,71ce4583,629,18,30,22,415140,540,2145,0,0.1136724960254372,0.0,True,True,True,True,True,0,0,True,True,RAW_COORDINATES_AVAILABLE_FORMAL_MAPPING_RULE_MISSING,FORMAL_RULE_MISSING,RAW_INPUT_AVAILABLE_FORMAL_RANKING_RULE_MISSING,RAW_INPUT_AVAILABLE_FORMAL_TRANSFORM_MISSING,RAW_INPUT_AVAILABLE_FORMAL_TRANSFORM_MISSING,RAW_OBSERVED_VALUE_AVAILABLE_BASELINE_RULE_MISSING,RAW_INPUT_AVAILABLE_FORMAL_TRANSFORM_MISSING,RAW_INPUT_AVAILABLE_FORMAL_TRANSFORM_MISSING,RAW_INPUT_AVAILABLE_FORMAL_TRANSFORM_MISSING,RAW_INPUT_AVAILABLE_FORMAL_TRANSFORM_MISSING,RAW_INPUT_AVAILABLE_FORMAL_TRANSFORM_MISSING,CALIBRATION_RULE_NOT_IN_ARCHIVE,CALIBRATION_RULE_NOT_IN_ARCHIVE,BLOCKED_BY_MISSING_FORMAL_INSTANCE_AND_INCUMBENT,False,REQUIRES_NEW_MODELING_ASSUMPTION,,,,,,,NOT_FROZEN
210519,renault_data_pipeline/data/renault_raw/instances/instances/210519/,a40030db,616,16,30,21,388080,480,2111,0,0.11423160173160173,0.0,True,True,True,True,True,0,0,True,True,RAW_COORDINATES_AVAILABLE_FORMAL_MAPPING_RULE_MISSING,FORMAL_RULE_MISSING,RAW_INPUT_AVAILABLE_FORMAL_RANKING_RULE_MISSING,RAW_INPUT_AVAILABLE_FORMAL_TRANSFORM_MISSING,RAW_INPUT_AVAILABLE_FORMAL_TRANSFORM_MISSING,RAW_OBSERVED_VALUE_AVAILABLE_BASELINE_RULE_MISSING,RAW_INPUT_AVAILABLE_FORMAL_TRANSFORM_MISSING,RAW_INPUT_AVAILABLE_FORMAL_TRANSFORM_MISSING,RAW_INPUT_AVAILABLE_FORMAL_TRANSFORM_MISSING,RAW_INPUT_AVAILABLE_FORMAL_TRANSFORM_MISSING,RAW_INPUT_AVAILABLE_FORMAL_TRANSFORM_MISSING,CALIBRATION_RULE_NOT_IN_ARCHIVE,CALIBRATION_RULE_NOT_IN_ARCHIVE,BLOCKED_BY_MISSING_FORMAL_INSTANCE_AND_INCUMBENT,False,REQUIRES_NEW_MODELING_ASSUMPTION,,,,,,,NOT_FROZEN
210520,renault_data_pipeline/data/renault_raw/instances/instances/210520/,550aa5b6,624,18,30,22,411840,540,2139,0,0.11426282051282051,0.0,True,True,True,True,True,0,0,True,True,RAW_COORDINATES_AVAILABLE_FORMAL_MAPPING_RULE_MISSING,FORMAL_RULE_MISSING,RAW_INPUT_AVAILABLE_FORMAL_RANKING_RULE_MISSING,RAW_INPUT_AVAILABLE_FORMAL_TRANSFORM_MISSING,RAW_INPUT_AVAILABLE_FORMAL_TRANSFORM_MISSING,RAW_OBSERVED_VALUE_AVAILABLE_BASELINE_RULE_MISSING,RAW_INPUT_AVAILABLE_FORMAL_TRANSFORM_MISSING,RAW_INPUT_AVAILABLE_FORMAL_TRANSFORM_MISSING,RAW_INPUT_AVAILABLE_FORMAL_TRANSFORM_MISSING,RAW_INPUT_AVAILABLE_FORMAL_TRANSFORM_MISSING,RAW_INPUT_AVAILABLE_FORMAL_TRANSFORM_MISSING,CALIBRATION_RULE_NOT_IN_ARCHIVE,CALIBRATION_RULE_NOT_IN_ARCHIVE,BLOCKED_BY_MISSING_FORMAL_INSTANCE_AND_INCUMBENT,False,REQUIRES_NEW_MODELING_ASSUMPTION,,,,,,,NOT_FROZEN
210524,renault_data_pipeline/data/renault_raw/instances/instances/210524/,cf52dd32,609,16,30,19,347130,480,2058,0,0.11264367816091954,0.0,True,True,True,True,True,0,0,True,True,RAW_COORDINATES_AVAILABLE_FORMAL_MAPPING_RULE_MISSING,FORMAL_RULE_MISSING,RAW_INPUT_AVAILABLE_FORMAL_RANKING_RULE_MISSING,RAW_INPUT_AVAILABLE_FORMAL_TRANSFORM_MISSING,RAW_INPUT_AVAILABLE_FORMAL_TRANSFORM_MISSING,RAW_OBSERVED_VALUE_AVAILABLE_BASELINE_RULE_MISSING,RAW_INPUT_AVAILABLE_FORMAL_TRANSFORM_MISSING,RAW_INPUT_AVAILABLE_FORMAL_TRANSFORM_MISSING,RAW_INPUT_AVAILABLE_FORMAL_TRANSFORM_MISSING,RAW_INPUT_AVAILABLE_FORMAL_TRANSFORM_MISSING,RAW_INPUT_AVAILABLE_FORMAL_TRANSFORM_MISSING,CALIBRATION_RULE_NOT_IN_ARCHIVE,CALIBRATION_RULE_NOT_IN_ARCHIVE,BLOCKED_BY_MISSING_FORMAL_INSTANCE_AND_INCUMBENT,False,REQUIRES_NEW_MODELING_ASSUMPTION,,,,,,,NOT_FROZEN
210525,renault_data_pipeline/data/renault_raw/instances/instances/210525/,0952a5c6,614,16,30,20,368400,480,2069,0,0.11232356134636265,0.0,True,True,True,True,True,0,0,True,True,RAW_COORDINATES_AVAILABLE_FORMAL_MAPPING_RULE_MISSING,FORMAL_RULE_MISSING,RAW_INPUT_AVAILABLE_FORMAL_RANKING_RULE_MISSING,RAW_INPUT_AVAILABLE_FORMAL_TRANSFORM_MISSING,RAW_INPUT_AVAILABLE_FORMAL_TRANSFORM_MISSING,RAW_OBSERVED_VALUE_AVAILABLE_BASELINE_RULE_MISSING,RAW_INPUT_AVAILABLE_FORMAL_TRANSFORM_MISSING,RAW_INPUT_AVAILABLE_FORMAL_TRANSFORM_MISSING,RAW_INPUT_AVAILABLE_FORMAL_TRANSFORM_MISSING,RAW_INPUT_AVAILABLE_FORMAL_TRANSFORM_MISSING,RAW_INPUT_AVAILABLE_FORMAL_TRANSFORM_MISSING,CALIBRATION_RULE_NOT_IN_ARCHIVE,CALIBRATION_RULE_NOT_IN_ARCHIVE,BLOCKED_BY_MISSING_FORMAL_INSTANCE_AND_INCUMBENT,False,REQUIRES_NEW_MODELING_ASSUMPTION,,,,,,,NOT_FROZEN
210526,renault_data_pipeline/data/renault_raw/instances/instances/210526/,378e675e,613,18,30,21,386190,540,2089,0,0.11359434475258293,0.0,True,True,True,True,True,0,0,True,True,RAW_COORDINATES_AVAILABLE_FORMAL_MAPPING_RULE_MISSING,FORMAL_RULE_MISSING,RAW_INPUT_AVAILABLE_FORMAL_RANKING_RULE_MISSING,RAW_INPUT_AVAILABLE_FORMAL_TRANSFORM_MISSING,RAW_INPUT_AVAILABLE_FORMAL_TRANSFORM_MISSING,RAW_OBSERVED_VALUE_AVAILABLE_BASELINE_RULE_MISSING,RAW_INPUT_AVAILABLE_FORMAL_TRANSFORM_MISSING,RAW_INPUT_AVAILABLE_FORMAL_TRANSFORM_MISSING,RAW_INPUT_AVAILABLE_FORMAL_TRANSFORM_MISSING,RAW_INPUT_AVAILABLE_FORMAL_TRANSFORM_MISSING,RAW_INPUT_AVAILABLE_FORMAL_TRANSFORM_MISSING,CALIBRATION_RULE_NOT_IN_ARCHIVE,CALIBRATION_RULE_NOT_IN_ARCHIVE,BLOCKED_BY_MISSING_FORMAL_INSTANCE_AND_INCUMBENT,False,REQUIRES_NEW_MODELING_ASSUMPTION,,,,,,,NOT_FROZEN
210531,renault_data_pipeline/data/renault_raw/instances/instances/210531/,61eb4cdc,603,17,30,19,343710,510,2041,0,0.11282476506357103,0.0,True,True,True,True,True,0,0,True,True,RAW_COORDINATES_AVAILABLE_FORMAL_MAPPING_RULE_MISSING,FORMAL_RULE_MISSING,RAW_INPUT_AVAILABLE_FORMAL_RANKING_RULE_MISSING,RAW_INPUT_AVAILABLE_FORMAL_TRANSFORM_MISSING,RAW_INPUT_AVAILABLE_FORMAL_TRANSFORM_MISSING,RAW_OBSERVED_VALUE_AVAILABLE_BASELINE_RULE_MISSING,RAW_INPUT_AVAILABLE_FORMAL_TRANSFORM_MISSING,RAW_INPUT_AVAILABLE_FORMAL_TRANSFORM_MISSING,RAW_INPUT_AVAILABLE_FORMAL_TRANSFORM_MISSING,RAW_INPUT_AVAILABLE_FORMAL_TRANSFORM_MISSING,RAW_INPUT_AVAILABLE_FORMAL_TRANSFORM_MISSING,CALIBRATION_RULE_NOT_IN_ARCHIVE,CALIBRATION_RULE_NOT_IN_ARCHIVE,BLOCKED_BY_MISSING_FORMAL_INSTANCE_AND_INCUMBENT,False,REQUIRES_NEW_MODELING_ASSUMPTION,,,,,,,NOT_FROZEN
210602,renault_data_pipeline/data/renault_raw/instances/instances/210602/,4034a189,616,19,30,21,388080,570,2060,0,0.11147186147186147,0.0,True,True,True,True,True,0,0,True,True,RAW_COORDINATES_AVAILABLE_FORMAL_MAPPING_RULE_MISSING,FORMAL_RULE_MISSING,RAW_INPUT_AVAILABLE_FORMAL_RANKING_RULE_MISSING,RAW_INPUT_AVAILABLE_FORMAL_TRANSFORM_MISSING,RAW_INPUT_AVAILABLE_FORMAL_TRANSFORM_MISSING,RAW_OBSERVED_VALUE_AVAILABLE_BASELINE_RULE_MISSING,RAW_INPUT_AVAILABLE_FORMAL_TRANSFORM_MISSING,RAW_INPUT_AVAILABLE_FORMAL_TRANSFORM_MISSING,RAW_INPUT_AVAILABLE_FORMAL_TRANSFORM_MISSING,RAW_INPUT_AVAILABLE_FORMAL_TRANSFORM_MISSING,RAW_INPUT_AVAILABLE_FORMAL_TRANSFORM_MISSING,CALIBRATION_RULE_NOT_IN_ARCHIVE,CALIBRATION_RULE_NOT_IN_ARCHIVE,BLOCKED_BY_MISSING_FORMAL_INSTANCE_AND_INCUMBENT,False,REQUIRES_NEW_MODELING_ASSUMPTION,,,,,,,NOT_FROZEN
210604,renault_data_pipeline/data/renault_raw/instances/instances/210604/,b5f264e8,621,19,30,22,409860,570,2086,0,0.1119699409554482,0.0,True,True,True,True,True,0,0,True,True,RAW_COORDINATES_AVAILABLE_FORMAL_MAPPING_RULE_MISSING,FORMAL_RULE_MISSING,RAW_INPUT_AVAILABLE_FORMAL_RANKING_RULE_MISSING,RAW_INPUT_AVAILABLE_FORMAL_TRANSFORM_MISSING,RAW_INPUT_AVAILABLE_FORMAL_TRANSFORM_MISSING,RAW_OBSERVED_VALUE_AVAILABLE_BASELINE_RULE_MISSING,RAW_INPUT_AVAILABLE_FORMAL_TRANSFORM_MISSING,RAW_INPUT_AVAILABLE_FORMAL_TRANSFORM_MISSING,RAW_INPUT_AVAILABLE_FORMAL_TRANSFORM_MISSING,RAW_INPUT_AVAILABLE_FORMAL_TRANSFORM_MISSING,RAW_INPUT_AVAILABLE_FORMAL_TRANSFORM_MISSING,CALIBRATION_RULE_NOT_IN_ARCHIVE,CALIBRATION_RULE_NOT_IN_ARCHIVE,BLOCKED_BY_MISSING_FORMAL_INSTANCE_AND_INCUMBENT,False,REQUIRES_NEW_MODELING_ASSUMPTION,,,,,,,NOT_FROZEN
210607,renault_data_pipeline/data/renault_raw/instances/instances/210607/,c428084a,602,17,30,19,343140,510,1973,0,0.10924695459579181,0.0,True,True,True,True,True,0,0,True,True,RAW_COORDINATES_AVAILABLE_FORMAL_MAPPING_RULE_MISSING,FORMAL_RULE_MISSING,RAW_INPUT_AVAILABLE_FORMAL_RANKING_RULE_MISSING,RAW_INPUT_AVAILABLE_FORMAL_TRANSFORM_MISSING,RAW_INPUT_AVAILABLE_FORMAL_TRANSFORM_MISSING,RAW_OBSERVED_VALUE_AVAILABLE_BASELINE_RULE_MISSING,RAW_INPUT_AVAILABLE_FORMAL_TRANSFORM_MISSING,RAW_INPUT_AVAILABLE_FORMAL_TRANSFORM_MISSING,RAW_INPUT_AVAILABLE_FORMAL_TRANSFORM_MISSING,RAW_INPUT_AVAILABLE_FORMAL_TRANSFORM_MISSING,RAW_INPUT_AVAILABLE_FORMAL_TRANSFORM_MISSING,CALIBRATION_RULE_NOT_IN_ARCHIVE,CALIBRATION_RULE_NOT_IN_ARCHIVE,BLOCKED_BY_MISSING_FORMAL_INSTANCE_AND_INCUMBENT,False,REQUIRES_NEW_MODELING_ASSUMPTION,,,,,,,NOT_FROZEN
210609,renault_data_pipeline/data/renault_raw/instances/instances/210609/,e2a9ae4a,640,18,30,21,403200,540,2020,0,0.10520833333333333,0.0,True,True,True,True,True,0,0,True,True,RAW_COORDINATES_AVAILABLE_FORMAL_MAPPING_RULE_MISSING,FORMAL_RULE_MISSING,RAW_INPUT_AVAILABLE_FORMAL_RANKING_RULE_MISSING,RAW_INPUT_AVAILABLE_FORMAL_TRANSFORM_MISSING,RAW_INPUT_AVAILABLE_FORMAL_TRANSFORM_MISSING,RAW_OBSERVED_VALUE_AVAILABLE_BASELINE_RULE_MISSING,RAW_INPUT_AVAILABLE_FORMAL_TRANSFORM_MISSING,RAW_INPUT_AVAILABLE_FORMAL_TRANSFORM_MISSING,RAW_INPUT_AVAILABLE_FORMAL_TRANSFORM_MISSING,RAW_INPUT_AVAILABLE_FORMAL_TRANSFORM_MISSING,RAW_INPUT_AVAILABLE_FORMAL_TRANSFORM_MISSING,CALIBRATION_RULE_NOT_IN_ARCHIVE,CALIBRATION_RULE_NOT_IN_ARCHIVE,BLOCKED_BY_MISSING_FORMAL_INSTANCE_AND_INCUMBENT,False,REQUIRES_NEW_MODELING_ASSUMPTION,,,,,,,NOT_FROZEN
210611,renault_data_pipeline/data/renault_raw/instances/instances/210611/,4ae6e7f9,673,19,30,22,444180,570,2102,0,0.10411094601287767,0.0,True,True,True,True,True,0,0,True,True,RAW_COORDINATES_AVAILABLE_FORMAL_MAPPING_RULE_MISSING,FORMAL_RULE_MISSING,RAW_INPUT_AVAILABLE_FORMAL_RANKING_RULE_MISSING,RAW_INPUT_AVAILABLE_FORMAL_TRANSFORM_MISSING,RAW_INPUT_AVAILABLE_FORMAL_TRANSFORM_MISSING,RAW_OBSERVED_VALUE_AVAILABLE_BASELINE_RULE_MISSING,RAW_INPUT_AVAILABLE_FORMAL_TRANSFORM_MISSING,RAW_INPUT_AVAILABLE_FORMAL_TRANSFORM_MISSING,RAW_INPUT_AVAILABLE_FORMAL_TRANSFORM_MISSING,RAW_INPUT_AVAILABLE_FORMAL_TRANSFORM_MISSING,RAW_INPUT_AVAILABLE_FORMAL_TRANSFORM_MISSING,CALIBRATION_RULE_NOT_IN_ARCHIVE,CALIBRATION_RULE_NOT_IN_ARCHIVE,BLOCKED_BY_MISSING_FORMAL_INSTANCE_AND_INCUMBENT,False,REQUIRES_NEW_MODELING_ASSUMPTION,,,,,,,NOT_FROZEN
210614,renault_data_pipeline/data/renault_raw/instances/instances/210614/,28760074,638,19,30,19,363660,570,2005,0,0.10475444096133751,0.0,True,True,True,True,True,0,0,True,True,RAW_COORDINATES_AVAILABLE_FORMAL_MAPPING_RULE_MISSING,FORMAL_RULE_MISSING,RAW_INPUT_AVAILABLE_FORMAL_RANKING_RULE_MISSING,RAW_INPUT_AVAILABLE_FORMAL_TRANSFORM_MISSING,RAW_INPUT_AVAILABLE_FORMAL_TRANSFORM_MISSING,RAW_OBSERVED_VALUE_AVAILABLE_BASELINE_RULE_MISSING,RAW_INPUT_AVAILABLE_FORMAL_TRANSFORM_MISSING,RAW_INPUT_AVAILABLE_FORMAL_TRANSFORM_MISSING,RAW_INPUT_AVAILABLE_FORMAL_TRANSFORM_MISSING,RAW_INPUT_AVAILABLE_FORMAL_TRANSFORM_MISSING,RAW_INPUT_AVAILABLE_FORMAL_TRANSFORM_MISSING,CALIBRATION_RULE_NOT_IN_ARCHIVE,CALIBRATION_RULE_NOT_IN_ARCHIVE,BLOCKED_BY_MISSING_FORMAL_INSTANCE_AND_INCUMBENT,False,REQUIRES_NEW_MODELING_ASSUMPTION,,,,,,,NOT_FROZEN
210616,renault_data_pipeline/data/renault_raw/instances/instances/210616/,acfb4023,637,19,30,21,401310,570,2058,0,0.1076923076923077,0.0,True,True,True,True,True,0,0,True,True,RAW_COORDINATES_AVAILABLE_FORMAL_MAPPING_RULE_MISSING,FORMAL_RULE_MISSING,RAW_INPUT_AVAILABLE_FORMAL_RANKING_RULE_MISSING,RAW_INPUT_AVAILABLE_FORMAL_TRANSFORM_MISSING,RAW_INPUT_AVAILABLE_FORMAL_TRANSFORM_MISSING,RAW_OBSERVED_VALUE_AVAILABLE_BASELINE_RULE_MISSING,RAW_INPUT_AVAILABLE_FORMAL_TRANSFORM_MISSING,RAW_INPUT_AVAILABLE_FORMAL_TRANSFORM_MISSING,RAW_INPUT_AVAILABLE_FORMAL_TRANSFORM_MISSING,RAW_INPUT_AVAILABLE_FORMAL_TRANSFORM_MISSING,RAW_INPUT_AVAILABLE_FORMAL_TRANSFORM_MISSING,CALIBRATION_RULE_NOT_IN_ARCHIVE,CALIBRATION_RULE_NOT_IN_ARCHIVE,BLOCKED_BY_MISSING_FORMAL_INSTANCE_AND_INCUMBENT,False,REQUIRES_NEW_MODELING_ASSUMPTION,,,,,,,NOT_FROZEN
210617,renault_data_pipeline/data/renault_raw/instances/instances/210617/,09118b36,640,19,30,22,422400,570,2076,0,0.108125,0.0,True,True,True,True,True,0,0,True,True,RAW_COORDINATES_AVAILABLE_FORMAL_MAPPING_RULE_MISSING,FORMAL_RULE_MISSING,RAW_INPUT_AVAILABLE_FORMAL_RANKING_RULE_MISSING,RAW_INPUT_AVAILABLE_FORMAL_TRANSFORM_MISSING,RAW_INPUT_AVAILABLE_FORMAL_TRANSFORM_MISSING,RAW_OBSERVED_VALUE_AVAILABLE_BASELINE_RULE_MISSING,RAW_INPUT_AVAILABLE_FORMAL_TRANSFORM_MISSING,RAW_INPUT_AVAILABLE_FORMAL_TRANSFORM_MISSING,RAW_INPUT_AVAILABLE_FORMAL_TRANSFORM_MISSING,RAW_INPUT_AVAILABLE_FORMAL_TRANSFORM_MISSING,RAW_INPUT_AVAILABLE_FORMAL_TRANSFORM_MISSING,CALIBRATION_RULE_NOT_IN_ARCHIVE,CALIBRATION_RULE_NOT_IN_ARCHIVE,BLOCKED_BY_MISSING_FORMAL_INSTANCE_AND_INCUMBENT,False,REQUIRES_NEW_MODELING_ASSUMPTION,,,,,,,NOT_FROZEN
210618,renault_data_pipeline/data/renault_raw/instances/instances/210618/,d4314378,660,18,30,22,435600,540,2135,0,0.10782828282828283,0.0,True,True,True,True,True,0,0,True,True,RAW_COORDINATES_AVAILABLE_FORMAL_MAPPING_RULE_MISSING,FORMAL_RULE_MISSING,RAW_INPUT_AVAILABLE_FORMAL_RANKING_RULE_MISSING,RAW_INPUT_AVAILABLE_FORMAL_TRANSFORM_MISSING,RAW_INPUT_AVAILABLE_FORMAL_TRANSFORM_MISSING,RAW_OBSERVED_VALUE_AVAILABLE_BASELINE_RULE_MISSING,RAW_INPUT_AVAILABLE_FORMAL_TRANSFORM_MISSING,RAW_INPUT_AVAILABLE_FORMAL_TRANSFORM_MISSING,RAW_INPUT_AVAILABLE_FORMAL_TRANSFORM_MISSING,RAW_INPUT_AVAILABLE_FORMAL_TRANSFORM_MISSING,RAW_INPUT_AVAILABLE_FORMAL_TRANSFORM_MISSING,CALIBRATION_RULE_NOT_IN_ARCHIVE,CALIBRATION_RULE_NOT_IN_ARCHIVE,BLOCKED_BY_MISSING_FORMAL_INSTANCE_AND_INCUMBENT,False,REQUIRES_NEW_MODELING_ASSUMPTION,,,,,,,NOT_FROZEN
210621,renault_data_pipeline/data/renault_raw/instances/instances/210621/,f7c6a1c5,656,17,30,19,373920,510,2113,0,0.10736788617886178,0.0,True,True,True,True,True,0,0,True,True,RAW_COORDINATES_AVAILABLE_FORMAL_MAPPING_RULE_MISSING,FORMAL_RULE_MISSING,RAW_INPUT_AVAILABLE_FORMAL_RANKING_RULE_MISSING,RAW_INPUT_AVAILABLE_FORMAL_TRANSFORM_MISSING,RAW_INPUT_AVAILABLE_FORMAL_TRANSFORM_MISSING,RAW_OBSERVED_VALUE_AVAILABLE_BASELINE_RULE_MISSING,RAW_INPUT_AVAILABLE_FORMAL_TRANSFORM_MISSING,RAW_INPUT_AVAILABLE_FORMAL_TRANSFORM_MISSING,RAW_INPUT_AVAILABLE_FORMAL_TRANSFORM_MISSING,RAW_INPUT_AVAILABLE_FORMAL_TRANSFORM_MISSING,RAW_INPUT_AVAILABLE_FORMAL_TRANSFORM_MISSING,CALIBRATION_RULE_NOT_IN_ARCHIVE,CALIBRATION_RULE_NOT_IN_ARCHIVE,BLOCKED_BY_MISSING_FORMAL_INSTANCE_AND_INCUMBENT,False,REQUIRES_NEW_MODELING_ASSUMPTION,,,,,,,NOT_FROZEN
210623,renault_data_pipeline/data/renault_raw/instances/instances/210623/,aea51e4d,634,17,30,21,399420,510,2137,0,0.11235541535226078,0.0,True,True,True,True,True,0,0,True,True,RAW_COORDINATES_AVAILABLE_FORMAL_MAPPING_RULE_MISSING,FORMAL_RULE_MISSING,RAW_INPUT_AVAILABLE_FORMAL_RANKING_RULE_MISSING,RAW_INPUT_AVAILABLE_FORMAL_TRANSFORM_MISSING,RAW_INPUT_AVAILABLE_FORMAL_TRANSFORM_MISSING,RAW_OBSERVED_VALUE_AVAILABLE_BASELINE_RULE_MISSING,RAW_INPUT_AVAILABLE_FORMAL_TRANSFORM_MISSING,RAW_INPUT_AVAILABLE_FORMAL_TRANSFORM_MISSING,RAW_INPUT_AVAILABLE_FORMAL_TRANSFORM_MISSING,RAW_INPUT_AVAILABLE_FORMAL_TRANSFORM_MISSING,RAW_INPUT_AVAILABLE_FORMAL_TRANSFORM_MISSING,CALIBRATION_RULE_NOT_IN_ARCHIVE,CALIBRATION_RULE_NOT_IN_ARCHIVE,BLOCKED_BY_MISSING_FORMAL_INSTANCE_AND_INCUMBENT,False,REQUIRES_NEW_MODELING_ASSUMPTION,,,,,,,NOT_FROZEN
210628,renault_data_pipeline/data/renault_raw/instances/instances/210628/,ac702b55,634,15,30,19,361380,450,2062,0,0.10841219768664563,0.0,True,True,True,True,True,0,0,True,True,READY_EXISTING_FORMAL_INSTANCE,READY_EXISTING_FORMAL_INSTANCE,READY_EXISTING_FORMAL_INSTANCE,READY_EXISTING_FORMAL_INSTANCE,READY_EXISTING_FORMAL_INSTANCE,READY_EXISTING_FROZEN_BASELINE,READY_EXISTING_FORMAL_INSTANCE,READY_EXISTING_FORMAL_INSTANCE,READY_EXISTING_FORMAL_INSTANCE,READY_EXISTING_FORMAL_INSTANCE,READY_EXISTING_FORMAL_INSTANCE,READY_EXISTING_FORMAL_INSTANCE,READY_EXISTING_FORMAL_INSTANCE,READY_FROZEN_INCUMBENT_AND_B_REF,True,READY_WITH_EXISTING_PIPELINE,15,12,8,96,122376,18629,FROZEN
210629,renault_data_pipeline/data/renault_raw/instances/instances/210629/,7fc1d8b1,640,15,30,20,384000,450,2091,0,0.10890625,0.0,True,True,True,True,True,0,0,True,True,RAW_COORDINATES_AVAILABLE_FORMAL_MAPPING_RULE_MISSING,FORMAL_RULE_MISSING,RAW_INPUT_AVAILABLE_FORMAL_RANKING_RULE_MISSING,RAW_INPUT_AVAILABLE_FORMAL_TRANSFORM_MISSING,RAW_INPUT_AVAILABLE_FORMAL_TRANSFORM_MISSING,RAW_OBSERVED_VALUE_AVAILABLE_BASELINE_RULE_MISSING,RAW_INPUT_AVAILABLE_FORMAL_TRANSFORM_MISSING,RAW_INPUT_AVAILABLE_FORMAL_TRANSFORM_MISSING,RAW_INPUT_AVAILABLE_FORMAL_TRANSFORM_MISSING,RAW_INPUT_AVAILABLE_FORMAL_TRANSFORM_MISSING,RAW_INPUT_AVAILABLE_FORMAL_TRANSFORM_MISSING,CALIBRATION_RULE_NOT_IN_ARCHIVE,CALIBRATION_RULE_NOT_IN_ARCHIVE,BLOCKED_BY_MISSING_FORMAL_INSTANCE_AND_INCUMBENT,False,REQUIRES_NEW_MODELING_ASSUMPTION,,,,,,,NOT_FROZEN
210705,renault_data_pipeline/data/renault_raw/instances/instances/210705/,7092f550,592,16,30,19,337440,480,1982,0,0.1115990990990991,0.0,True,True,True,True,True,0,0,True,True,RAW_COORDINATES_AVAILABLE_FORMAL_MAPPING_RULE_MISSING,FORMAL_RULE_MISSING,RAW_INPUT_AVAILABLE_FORMAL_RANKING_RULE_MISSING,RAW_INPUT_AVAILABLE_FORMAL_TRANSFORM_MISSING,RAW_INPUT_AVAILABLE_FORMAL_TRANSFORM_MISSING,RAW_OBSERVED_VALUE_AVAILABLE_BASELINE_RULE_MISSING,RAW_INPUT_AVAILABLE_FORMAL_TRANSFORM_MISSING,RAW_INPUT_AVAILABLE_FORMAL_TRANSFORM_MISSING,RAW_INPUT_AVAILABLE_FORMAL_TRANSFORM_MISSING,RAW_INPUT_AVAILABLE_FORMAL_TRANSFORM_MISSING,RAW_INPUT_AVAILABLE_FORMAL_TRANSFORM_MISSING,CALIBRATION_RULE_NOT_IN_ARCHIVE,CALIBRATION_RULE_NOT_IN_ARCHIVE,BLOCKED_BY_MISSING_FORMAL_INSTANCE_AND_INCUMBENT,False,REQUIRES_NEW_MODELING_ASSUMPTION,,,,,,,NOT_FROZEN
210706,renault_data_pipeline/data/renault_raw/instances/instances/210706/,727f5e7f,591,16,30,20,354600,480,1983,0,0.11184433164128596,0.0,True,True,True,True,True,0,0,True,True,RAW_COORDINATES_AVAILABLE_FORMAL_MAPPING_RULE_MISSING,FORMAL_RULE_MISSING,RAW_INPUT_AVAILABLE_FORMAL_RANKING_RULE_MISSING,RAW_INPUT_AVAILABLE_FORMAL_TRANSFORM_MISSING,RAW_INPUT_AVAILABLE_FORMAL_TRANSFORM_MISSING,RAW_OBSERVED_VALUE_AVAILABLE_BASELINE_RULE_MISSING,RAW_INPUT_AVAILABLE_FORMAL_TRANSFORM_MISSING,RAW_INPUT_AVAILABLE_FORMAL_TRANSFORM_MISSING,RAW_INPUT_AVAILABLE_FORMAL_TRANSFORM_MISSING,RAW_INPUT_AVAILABLE_FORMAL_TRANSFORM_MISSING,RAW_INPUT_AVAILABLE_FORMAL_TRANSFORM_MISSING,CALIBRATION_RULE_NOT_IN_ARCHIVE,CALIBRATION_RULE_NOT_IN_ARCHIVE,BLOCKED_BY_MISSING_FORMAL_INSTANCE_AND_INCUMBENT,False,REQUIRES_NEW_MODELING_ASSUMPTION,,,,,,,NOT_FROZEN
210708,renault_data_pipeline/data/renault_raw/instances/instances/210708/,04d76821,592,16,30,22,390720,480,2028,0,0.11418918918918919,0.0,True,True,True,True,True,0,0,True,True,RAW_COORDINATES_AVAILABLE_FORMAL_MAPPING_RULE_MISSING,FORMAL_RULE_MISSING,RAW_INPUT_AVAILABLE_FORMAL_RANKING_RULE_MISSING,RAW_INPUT_AVAILABLE_FORMAL_TRANSFORM_MISSING,RAW_INPUT_AVAILABLE_FORMAL_TRANSFORM_MISSING,RAW_OBSERVED_VALUE_AVAILABLE_BASELINE_RULE_MISSING,RAW_INPUT_AVAILABLE_FORMAL_TRANSFORM_MISSING,RAW_INPUT_AVAILABLE_FORMAL_TRANSFORM_MISSING,RAW_INPUT_AVAILABLE_FORMAL_TRANSFORM_MISSING,RAW_INPUT_AVAILABLE_FORMAL_TRANSFORM_MISSING,RAW_INPUT_AVAILABLE_FORMAL_TRANSFORM_MISSING,CALIBRATION_RULE_NOT_IN_ARCHIVE,CALIBRATION_RULE_NOT_IN_ARCHIVE,BLOCKED_BY_MISSING_FORMAL_INSTANCE_AND_INCUMBENT,False,REQUIRES_NEW_MODELING_ASSUMPTION,,,,,,,NOT_FROZEN
210712,renault_data_pipeline/data/renault_raw/instances/instances/210712/,e5185ccc,567,15,30,19,323190,450,1941,0,0.11410934744268078,0.0,True,True,True,True,True,0,0,True,True,RAW_COORDINATES_AVAILABLE_FORMAL_MAPPING_RULE_MISSING,FORMAL_RULE_MISSING,RAW_INPUT_AVAILABLE_FORMAL_RANKING_RULE_MISSING,RAW_INPUT_AVAILABLE_FORMAL_TRANSFORM_MISSING,RAW_INPUT_AVAILABLE_FORMAL_TRANSFORM_MISSING,RAW_OBSERVED_VALUE_AVAILABLE_BASELINE_RULE_MISSING,RAW_INPUT_AVAILABLE_FORMAL_TRANSFORM_MISSING,RAW_INPUT_AVAILABLE_FORMAL_TRANSFORM_MISSING,RAW_INPUT_AVAILABLE_FORMAL_TRANSFORM_MISSING,RAW_INPUT_AVAILABLE_FORMAL_TRANSFORM_MISSING,RAW_INPUT_AVAILABLE_FORMAL_TRANSFORM_MISSING,CALIBRATION_RULE_NOT_IN_ARCHIVE,CALIBRATION_RULE_NOT_IN_ARCHIVE,BLOCKED_BY_MISSING_FORMAL_INSTANCE_AND_INCUMBENT,False,REQUIRES_NEW_MODELING_ASSUMPTION,,,,,,,NOT_FROZEN
210713,renault_data_pipeline/data/renault_raw/instances/instances/210713/,93672ad0,566,16,30,20,339600,480,1950,0,0.11484098939929328,0.0,True,True,True,True,True,0,0,True,True,RAW_COORDINATES_AVAILABLE_FORMAL_MAPPING_RULE_MISSING,FORMAL_RULE_MISSING,RAW_INPUT_AVAILABLE_FORMAL_RANKING_RULE_MISSING,RAW_INPUT_AVAILABLE_FORMAL_TRANSFORM_MISSING,RAW_INPUT_AVAILABLE_FORMAL_TRANSFORM_MISSING,RAW_OBSERVED_VALUE_AVAILABLE_BASELINE_RULE_MISSING,RAW_INPUT_AVAILABLE_FORMAL_TRANSFORM_MISSING,RAW_INPUT_AVAILABLE_FORMAL_TRANSFORM_MISSING,RAW_INPUT_AVAILABLE_FORMAL_TRANSFORM_MISSING,RAW_INPUT_AVAILABLE_FORMAL_TRANSFORM_MISSING,RAW_INPUT_AVAILABLE_FORMAL_TRANSFORM_MISSING,CALIBRATION_RULE_NOT_IN_ARCHIVE,CALIBRATION_RULE_NOT_IN_ARCHIVE,BLOCKED_BY_MISSING_FORMAL_INSTANCE_AND_INCUMBENT,False,REQUIRES_NEW_MODELING_ASSUMPTION,,,,,,,NOT_FROZEN
210714,renault_data_pipeline/data/renault_raw/instances/instances/210714/,0b9f3cdd,594,16,30,21,374220,480,1952,0,0.10953984287317621,0.0,True,True,True,True,True,0,0,True,True,RAW_COORDINATES_AVAILABLE_FORMAL_MAPPING_RULE_MISSING,FORMAL_RULE_MISSING,RAW_INPUT_AVAILABLE_FORMAL_RANKING_RULE_MISSING,RAW_INPUT_AVAILABLE_FORMAL_TRANSFORM_MISSING,RAW_INPUT_AVAILABLE_FORMAL_TRANSFORM_MISSING,RAW_OBSERVED_VALUE_AVAILABLE_BASELINE_RULE_MISSING,RAW_INPUT_AVAILABLE_FORMAL_TRANSFORM_MISSING,RAW_INPUT_AVAILABLE_FORMAL_TRANSFORM_MISSING,RAW_INPUT_AVAILABLE_FORMAL_TRANSFORM_MISSING,RAW_INPUT_AVAILABLE_FORMAL_TRANSFORM_MISSING,RAW_INPUT_AVAILABLE_FORMAL_TRANSFORM_MISSING,CALIBRATION_RULE_NOT_IN_ARCHIVE,CALIBRATION_RULE_NOT_IN_ARCHIVE,BLOCKED_BY_MISSING_FORMAL_INSTANCE_AND_INCUMBENT,False,REQUIRES_NEW_MODELING_ASSUMPTION,,,,,,,NOT_FROZEN
210719,renault_data_pipeline/data/renault_raw/instances/instances/210719/,34ef2779,521,16,30,19,296970,480,1687,0,0.10793346129238644,0.0,True,True,True,True,True,0,0,True,True,RAW_COORDINATES_AVAILABLE_FORMAL_MAPPING_RULE_MISSING,FORMAL_RULE_MISSING,RAW_INPUT_AVAILABLE_FORMAL_RANKING_RULE_MISSING,RAW_INPUT_AVAILABLE_FORMAL_TRANSFORM_MISSING,RAW_INPUT_AVAILABLE_FORMAL_TRANSFORM_MISSING,RAW_OBSERVED_VALUE_AVAILABLE_BASELINE_RULE_MISSING,RAW_INPUT_AVAILABLE_FORMAL_TRANSFORM_MISSING,RAW_INPUT_AVAILABLE_FORMAL_TRANSFORM_MISSING,RAW_INPUT_AVAILABLE_FORMAL_TRANSFORM_MISSING,RAW_INPUT_AVAILABLE_FORMAL_TRANSFORM_MISSING,RAW_INPUT_AVAILABLE_FORMAL_TRANSFORM_MISSING,CALIBRATION_RULE_NOT_IN_ARCHIVE,CALIBRATION_RULE_NOT_IN_ARCHIVE,BLOCKED_BY_MISSING_FORMAL_INSTANCE_AND_INCUMBENT,False,REQUIRES_NEW_MODELING_ASSUMPTION,,,,,,,NOT_FROZEN
210720,renault_data_pipeline/data/renault_raw/instances/instances/210720/,41814505,560,15,30,20,336000,450,1921,0,0.1143452380952381,0.0,True,True,True,True,True,0,0,True,True,RAW_COORDINATES_AVAILABLE_FORMAL_MAPPING_RULE_MISSING,FORMAL_RULE_MISSING,RAW_INPUT_AVAILABLE_FORMAL_RANKING_RULE_MISSING,RAW_INPUT_AVAILABLE_FORMAL_TRANSFORM_MISSING,RAW_INPUT_AVAILABLE_FORMAL_TRANSFORM_MISSING,RAW_OBSERVED_VALUE_AVAILABLE_BASELINE_RULE_MISSING,RAW_INPUT_AVAILABLE_FORMAL_TRANSFORM_MISSING,RAW_INPUT_AVAILABLE_FORMAL_TRANSFORM_MISSING,RAW_INPUT_AVAILABLE_FORMAL_TRANSFORM_MISSING,RAW_INPUT_AVAILABLE_FORMAL_TRANSFORM_MISSING,RAW_INPUT_AVAILABLE_FORMAL_TRANSFORM_MISSING,CALIBRATION_RULE_NOT_IN_ARCHIVE,CALIBRATION_RULE_NOT_IN_ARCHIVE,BLOCKED_BY_MISSING_FORMAL_INSTANCE_AND_INCUMBENT,False,REQUIRES_NEW_MODELING_ASSUMPTION,,,,,,,NOT_FROZEN
