depot_id,product_id,initial_inventory,mapping_status
90015100,BAC---1041,,MISSING_SOURCE_FIELD
90015100,BAC-O-4312,,MISSING_SOURCE_FIELD
90015100,BAC-O-4325,,MISSING_SOURCE_FIELD
90015100,BAC-O-6423,,MISSING_SOURCE_FIELD
90015100,BAC-O-6433,,MISSING_SOURCE_FIELD
90015100,CON-S-0130,,MISSING_SOURCE_FIELD
90015100,SLI---0770,,MISSING_SOURCE_FIELD
90015100,SLI---1200,,MISSING_SOURCE_FIELD
90016100,BAC---1041,,MISSING_SOURCE_FIELD
90016100,BAC-O-4312,,MISSING_SOURCE_FIELD
90016100,BAC-O-4325,,MISSING_SOURCE_FIELD
90016100,BAC-O-6423,,MISSING_SOURCE_FIELD
90016100,BAC-O-6433,,MISSING_SOURCE_FIELD
90016100,CON-S-0130,,MISSING_SOURCE_FIELD
90016100,SLI---0770,,MISSING_SOURCE_FIELD
90016100,SLI---1200,,MISSING_SOURCE_FIELD
90016200,BAC---1041,,MISSING_SOURCE_FIELD
90016200,BAC-O-4312,,MISSING_SOURCE_FIELD
90016200,BAC-O-4325,,MISSING_SOURCE_FIELD
90016200,BAC-O-6423,,MISSING_SOURCE_FIELD
90016200,BAC-O-6433,,MISSING_SOURCE_FIELD
90016200,CON-S-0130,,MISSING_SOURCE_FIELD
90016200,SLI---0770,,MISSING_SOURCE_FIELD
90016200,SLI---1200,,MISSING_SOURCE_FIELD
90016500,BAC---1041,,MISSING_SOURCE_FIELD
90016500,BAC-O-4312,,MISSING_SOURCE_FIELD
90016500,BAC-O-4325,,MISSING_SOURCE_FIELD
90016500,BAC-O-6423,,MISSING_SOURCE_FIELD
90016500,BAC-O-6433,,MISSING_SOURCE_FIELD
90016500,CON-S-0130,,MISSING_SOURCE_FIELD
90016500,SLI---0770,,MISSING_SOURCE_FIELD
90016500,SLI---1200,,MISSING_SOURCE_FIELD
90016700,BAC---1041,,MISSING_SOURCE_FIELD
90016700,BAC-O-4312,,MISSING_SOURCE_FIELD
90016700,BAC-O-4325,,MISSING_SOURCE_FIELD
90016700,BAC-O-6423,,MISSING_SOURCE_FIELD
90016700,BAC-O-6433,,MISSING_SOURCE_FIELD
90016700,CON-S-0130,,MISSING_SOURCE_FIELD
90016700,SLI---0770,,MISSING_SOURCE_FIELD
90016700,SLI---1200,,MISSING_SOURCE_FIELD
90016900,BAC---1041,,MISSING_SOURCE_FIELD
90016900,BAC-O-4312,,MISSING_SOURCE_FIELD
90016900,BAC-O-4325,,MISSING_SOURCE_FIELD
90016900,BAC-O-6423,,MISSING_SOURCE_FIELD
90016900,BAC-O-6433,,MISSING_SOURCE_FIELD
90016900,CON-S-0130,,MISSING_SOURCE_FIELD
90016900,SLI---0770,,MISSING_SOURCE_FIELD
90016900,SLI---1200,,MISSING_SOURCE_FIELD
90017100,BAC---1041,,MISSING_SOURCE_FIELD
90017100,BAC-O-4312,,MISSING_SOURCE_FIELD
90017100,BAC-O-4325,,MISSING_SOURCE_FIELD
90017100,BAC-O-6423,,MISSING_SOURCE_FIELD
90017100,BAC-O-6433,,MISSING_SOURCE_FIELD
90017100,CON-S-0130,,MISSING_SOURCE_FIELD
90017100,SLI---0770,,MISSING_SOURCE_FIELD
90017100,SLI---1200,,MISSING_SOURCE_FIELD
90018300,BAC---1041,,MISSING_SOURCE_FIELD
90018300,BAC-O-4312,,MISSING_SOURCE_FIELD
90018300,BAC-O-4325,,MISSING_SOURCE_FIELD
90018300,BAC-O-6423,,MISSING_SOURCE_FIELD
90018300,BAC-O-6433,,MISSING_SOURCE_FIELD
90018300,CON-S-0130,,MISSING_SOURCE_FIELD
90018300,SLI---0770,,MISSING_SOURCE_FIELD
90018300,SLI---1200,,MISSING_SOURCE_FIELD
90019100,BAC---1041,,MISSING_SOURCE_FIELD
90019100,BAC-O-4312,,MISSING_SOURCE_FIELD
90019100,BAC-O-4325,,MISSING_SOURCE_FIELD
90019100,BAC-O-6423,,MISSING_SOURCE_FIELD
90019100,BAC-O-6433,,MISSING_SOURCE_FIELD
90019100,CON-S-0130,,MISSING_SOURCE_FIELD
90019100,SLI---0770,,MISSING_SOURCE_FIELD
90019100,SLI---1200,,MISSING_SOURCE_FIELD
91017200,BAC---1041,,MISSING_SOURCE_FIELD
91017200,BAC-O-4312,,MISSING_SOURCE_FIELD
91017200,BAC-O-4325,,MISSING_SOURCE_FIELD
91017200,BAC-O-6423,,MISSING_SOURCE_FIELD
91017200,BAC-O-6433,,MISSING_SOURCE_FIELD
91017200,CON-S-0130,,MISSING_SOURCE_FIELD
91017200,SLI---0770,,MISSING_SOURCE_FIELD
91017200,SLI---1200,,MISSING_SOURCE_FIELD
91017300,BAC---1041,,MISSING_SOURCE_FIELD
91017300,BAC-O-4312,,MISSING_SOURCE_FIELD
91017300,BAC-O-4325,,MISSING_SOURCE_FIELD
91017300,BAC-O-6423,,MISSING_SOURCE_FIELD
91017300,BAC-O-6433,,MISSING_SOURCE_FIELD
91017300,CON-S-0130,,MISSING_SOURCE_FIELD
91017300,SLI---0770,,MISSING_SOURCE_FIELD
91017300,SLI---1200,,MISSING_SOURCE_FIELD
91017500,BAC---1041,,MISSING_SOURCE_FIELD
91017500,BAC-O-4312,,MISSING_SOURCE_FIELD
91017500,BAC-O-4325,,MISSING_SOURCE_FIELD
91017500,BAC-O-6423,,MISSING_SOURCE_FIELD
91017500,BAC-O-6433,,MISSING_SOURCE_FIELD
91017500,CON-S-0130,,MISSING_SOURCE_FIELD
91017500,SLI---0770,,MISSING_SOURCE_FIELD
91017500,SLI---1200,,MISSING_SOURCE_FIELD
91017600,BAC---1041,,MISSING_SOURCE_FIELD
91017600,BAC-O-4312,,MISSING_SOURCE_FIELD
91017600,BAC-O-4325,,MISSING_SOURCE_FIELD
91017600,BAC-O-6423,,MISSING_SOURCE_FIELD
91017600,BAC-O-6433,,MISSING_SOURCE_FIELD
91017600,CON-S-0130,,MISSING_SOURCE_FIELD
91017600,SLI---0770,,MISSING_SOURCE_FIELD
91017600,SLI---1200,,MISSING_SOURCE_FIELD
91017700,BAC---1041,,MISSING_SOURCE_FIELD
91017700,BAC-O-4312,,MISSING_SOURCE_FIELD
91017700,BAC-O-4325,,MISSING_SOURCE_FIELD
91017700,BAC-O-6423,,MISSING_SOURCE_FIELD
91017700,BAC-O-6433,,MISSING_SOURCE_FIELD
91017700,CON-S-0130,,MISSING_SOURCE_FIELD
91017700,SLI---0770,,MISSING_SOURCE_FIELD
91017700,SLI---1200,,MISSING_SOURCE_FIELD
9624708,BAC---1041,,MISSING_SOURCE_FIELD
9624708,BAC-O-4312,,MISSING_SOURCE_FIELD
9624708,BAC-O-4325,,MISSING_SOURCE_FIELD
9624708,BAC-O-6423,,MISSING_SOURCE_FIELD
9624708,BAC-O-6433,,MISSING_SOURCE_FIELD
9624708,CON-S-0130,,MISSING_SOURCE_FIELD
9624708,SLI---0770,,MISSING_SOURCE_FIELD
9624708,SLI---1200,,MISSING_SOURCE_FIELD
