run_id,case,beta,objective,robust_recourse_cost,RI,RS,total_adjustment,budget_utilization,worst_recourse_shortage_cost,worst_recourse_service_penalty_cost,worst_recourse_total_shortage,minimum_fill_rate,average_fill_rate,active_depots,B,B_ref,first_stage_economic_cost,fixed_cost,inventory_cost,reconfiguration_cost,budget_used,budget_slack,total_a_plus,total_a_minus,changed_pair_count,opened_depots,closed_depots,transport_cost,worst_region,runtime_seconds,iterations,master_solves,product_subproblem_evaluations,cuts_added,certification_status,status,objective_delta_pct_vs_B100,objective_absolute_change_from_previous_beta,objective_change_vs_B100,recourse_delta_pct_vs_B100,recourse_change_vs_B100,RI_delta_vs_B100,RS_delta_vs_B100,budget_utilization_delta_vs_B100,total_adjustment_delta_vs_B100,shortage_cost_delta_vs_B100,service_penalty_delta_vs_B100,average_fill_rate_delta_vs_B100,normalized_objective,normalized_robust_recourse,budget_feasibility_pass,reused_from_E1_or_E2
E3-210202-B080,210202,0.8,1070819.5202181868,985610.7554189813,0.36401789929283007,0.013150460364501033,296.8435962274837,1.0000000000000064,373148.5596246052,611697.869019781,5697.2650248174805,0.0,0.08892772056470444,1,85208.76479920496,106510.9559990062,85208.76479920551,1108.92,82979.31031500548,1120.5344842000356,85208.76479920551,-5.529727786779404e-10,0.0,296.8435962274837,4,,9624708,764.3267745950725,12,1.0246602999977767,3,3,96,26,CERTIFIED_PRB_EXACT,OPTIMAL,1.1370366778357999,,12038.725968500134,3.5012047876627164,33340.91716830083,0.22639781898278655,0.008654927422164378,6.439293542825908e-15,184.61933573999104,14205.910445953603,20635.547744946205,-0.030820444351850274,1.011370366778358,1.0350120478766272,True,False
E3-210202-B090,210202,0.9,1062530.0572092677,966670.1968101623,0.33422785189567455,0.009661945287331568,272.5508765059043,0.9999999999999999,366377.6837760395,599171.7486999587,5629.556266331824,0.0,0.09264244201171108,2,95859.86039910559,106510.9559990062,95859.86039910557,1120.9560000000001,93812.71167267817,926.1927264274002,95859.86039910557,1.4551915228366852e-11,21.708019381937447,250.8428571239668,4,,,1120.7643341640942,12,1.1620068999473006,4,4,120,28,CERTIFIED_PRB_EXACT,OPTIMAL,0.3541113495771375,-8289.463008919032,3749.2629595811013,1.512214078515314,14400.3585594818,0.19660777158563103,0.005166412344994913,-1.1102230246251565e-16,160.3266160184116,7435.034597387945,8109.427425123868,-0.02710572290484363,1.0035411134957715,1.0151221407851532,True,False
E3-210202-B100,210202,1.0,1058780.7942496866,952269.8382506805,0.13762008031004352,0.004495532942336655,112.22426048749267,1.0,358942.64917865157,591062.3212748348,5417.3568256608505,1.3322676295501878e-15,0.11974816491655471,2,106510.9559990062,106510.9559990062,106510.9559990062,1120.9560000000001,104911.1764875929,478.8235114133023,106510.9559990062,0.0,28.430145990164846,83.79411449732783,3,,,2264.867797194165,12,1.2333677001297474,4,4,120,31,CERTIFIED_PRB_EXACT,OPTIMAL,0.0,-3749.2629595811013,0.0,0.0,0.0,0.0,0.0,0.0,0.0,0.0,0.0,0.0,1.0,1.0,True,True
E3-210202-B110,210202,1.1,1057867.6845983027,946580.4640729488,0.03486375367854438,0.001941252861463556,28.430145990164828,0.9498572191816438,356596.41397242947,586721.7861428572,5333.5627111528665,2.220446049250313e-16,0.13770478974292258,2,117162.05159890682,106510.9559990062,111287.2205253539,1120.9560000000001,109938.82335743257,227.44116792131865,111287.2205253539,5874.831073552923,28.430145990164828,0.0,1,,,3262.2639576621586,12,1.2874638000503182,5,5,144,36,CERTIFIED_PRB_EXACT,OPTIMAL,-0.08624161453844903,-913.1096513839439,-913.1096513839439,-0.5974539935217384,-5689.37417773169,-0.10275632663149914,-0.002554280080873099,-0.050142780818356214,-83.79411449732784,-2346.2352062221034,-4340.535131977638,0.017956624826367867,0.9991375838546155,0.9940254600647827,True,False
E3-210202-B120,210202,1.2,1057867.6845983027,946580.4640729488,0.03486375367854438,0.0017794817896749264,28.430145990164828,0.8707024509165069,356596.41397242947,586721.7861428572,5333.5627111528665,2.220446049250313e-16,0.13770478974292258,2,127813.14719880743,106510.9559990062,111287.2205253539,1120.9560000000001,109938.82335743257,227.44116792131865,111287.2205253539,16525.926673453534,28.430145990164828,0.0,1,,,3262.2639576621586,12,1.3830013999249786,5,5,144,36,CERTIFIED_PRB_EXACT,OPTIMAL,-0.08624161453844903,0.0,-913.1096513839439,-0.5974539935217384,-5689.37417773169,-0.10275632663149914,-0.0027160511526617285,-0.1292975490834931,-83.79411449732784,-2346.2352062221034,-4340.535131977638,0.017956624826367867,0.9991375838546155,0.9940254600647827,True,False
E3-210628-B080,210628,0.8,682892.3111317453,620965.2462714892,0.3893181502885004,0.013146676106608642,235.94476759566163,1.0000000000000013,235252.61522349788,384848.7287019326,3443.0832291580555,0.0,0.08546868080555299,1,61927.06486025602,77408.83107532002,61927.064860256105,1896.708,59216.22179630538,814.1350639507314,61927.064860256105,-8.731149137020111e-11,0.0,235.94476759566163,4,,9624708,863.9023460587487,12,1.2240196000784636,3,3,96,26,CERTIFIED_PRB_EXACT,OPTIMAL,0.9149499287317392,,6191.473828631919,3.6164740758212317,21673.240043697064,0.38931815027037564,0.013146676106182937,-1.5987211554602254e-14,235.94476758467718,8137.184454267088,15053.791240394115,-0.05811147349603425,1.0091494992873173,1.0361647407582124,True,False
E3-210628-B090,210628,0.9,678651.0326676909,608983.0846998998,0.2240835387894906,0.005847953216873162,135.80496681039267,1.0000000000000449,230917.96984034995,376829.63474318635,3342.9434283641453,0.0,0.10440202442779271,2,69667.94796778802,77408.83107532002,69667.94796779114,1909.9080000000001,67350.62506735997,407.414900431178,69667.94796779114,-3.128661774098873e-09,0.0,135.80496681039267,1,,,1235.4801163634402,12,1.2845968999899924,5,5,144,31,CERTIFIED_PRB_EXACT,OPTIMAL,0.28819165827393756,-4241.278464054456,1950.195364577463,1.6170878922793523,9691.078472107649,0.22408353877136583,0.005847953216447457,2.7533531010703882e-14,135.80496679940822,3802.5390711191576,7034.697281647881,-0.03917812987379453,1.0028819165827394,1.0161708789227935,True,False
E3-210628-B100,210628,1.0,676700.8373031134,599292.0062277921,1.8124781797773607e-11,4.2570547099694265e-13,1.098445429741396e-08,1.0000000000000173,227115.4307692308,369794.9374615385,3207.1384615384613,0.0,0.14358015430158724,2,77408.83107532002,77408.83107532002,77408.83107532136,1909.9080000000001,75498.9230752884,3.295336289224188e-08,77408.83107532136,-1.3387762010097504e-09,0.0,1.098445429741396e-08,0,,,2381.63799702283,12,1.2426573000848293,5,5,144,34,CERTIFIED_PRB_EXACT,OPTIMAL,0.0,-1950.195364577463,0.0,0.0,0.0,0.0,0.0,0.0,0.0,0.0,0.0,0.0,1.0,1.0,True,True
E3-210628-B110,210628,1.1,676700.8373030176,599292.0062260946,3.891982819238343e-11,0.0,0.0,0.9090909091097352,227115.4307692308,369794.9374615385,3207.1384615384613,0.0,0.14358015430158733,2,85149.71418285203,77408.83107532002,77408.83107692306,1909.9080000000001,75498.92307692306,0.0,77408.83107692306,7740.883105928966,0.0,0.0,0,,,2381.6379953252617,12,1.455795400077477,5,5,144,32,CERTIFIED_PRB_EXACT,OPTIMAL,-1.4158370225372047e-11,-9.580980986356735e-08,-9.580980986356735e-08,-2.832622837013304e-10,-1.6975682228803635e-06,2.079504639460982e-11,-4.2570547099694265e-13,-0.0909090908902821,-1.098445429741396e-08,0.0,0.0,8.326672684688674e-17,0.9999999999998584,0.9999999999971674,True,False
E3-210628-B120,210628,1.2,676700.8373030176,599292.0062260946,3.891982819238343e-11,0.0,0.0,0.8333333333505906,227115.4307692308,369794.9374615385,3207.1384615384613,0.0,0.14358015430158733,2,92890.59729038403,77408.83107532002,77408.83107692306,1909.9080000000001,75498.92307692306,0.0,77408.83107692306,15481.76621346097,0.0,0.0,0,,,2381.6379953252617,12,1.3807689999230206,5,5,144,32,CERTIFIED_PRB_EXACT,OPTIMAL,-1.4158370225372047e-11,0.0,-9.580980986356735e-08,-2.832622837013304e-10,-1.6975682228803635e-06,2.079504639460982e-11,-4.2570547099694265e-13,-0.16666666664942675,-1.098445429741396e-08,0.0,0.0,8.326672684688674e-17,0.9999999999998584,0.9999999999971674,True,False
E3-210129-B080,210129,0.8,861628.5253965204,789379.6357972737,0.3515237908247434,0.013157894736842118,238.64291051381147,0.9999999999999998,299050.9785531295,489775.4700107928,4131.949160531294,0.0,0.09900542125923541,2,72248.88959924669,90311.11199905835,72248.88959924667,860.1120000000001,70438.13431504606,950.6432842006152,72248.88959924667,1.4551915228366852e-11,0.0,238.64291051381147,3,,,553.187233351462,10,1.0679373999591917,3,3,96,25,CERTIFIED_PRB_EXACT,OPTIMAL,1.2179915120399307,,10368.277563970536,3.736189270080624,28430.499963782146,0.2658688419268137,0.010410672459520303,1.1102230246251565e-16,180.4933717387679,11448.362177528732,18245.31841539475,-0.03609554983571657,1.0121799151203994,1.0373618927008061,True,False
E3-210129-B090,210129,0.9,854321.8321644915,773041.831365339,0.2989984730384073,0.00818621617251853,202.98445711927724,0.9999999999999997,293228.2417862179,479003.4069920036,4073.7217928621794,0.0,0.10469849819880356,2,81280.00079915252,90311.11199905835,81280.00079915249,860.1120000000001,79754.51314210816,665.3756570443414,81280.00079915249,2.9103830456733704e-11,11.284457137301942,191.6999999819753,4,,,810.1825871174806,10,1.2996785999275744,4,4,120,27,CERTIFIED_PRB_EXACT,OPTIMAL,0.3596531542189333,-7306.6932320288615,3061.5843319416745,1.5891595065157555,12092.695531847421,0.21334352414047766,0.005438993895196716,0.0,144.83491834423367,5625.625410617155,7473.255396605586,-0.03040247289614842,1.0035965315421893,1.0158915950651575,True,False
E3-210129-B100,210129,1.0,851260.2478325499,760949.1358334916,0.08565494889792966,0.0027472222773218145,58.14953877504357,0.9999999999999997,287602.61637560074,471530.151595398,3889.555855815645,8.881784197001252e-16,0.13510097109495198,2,90311.11199905835,90311.11199905835,90311.11199905832,860.1120000000001,89202.89530028481,248.10469877351852,90311.11199905832,2.9103830456733704e-11,14.731216489677559,43.41832228536601,3,,,1816.3678624927998,10,1.1686394000425935,4,4,120,31,CERTIFIED_PRB_EXACT,OPTIMAL,0.0,-3061.5843319416745,0.0,0.0,0.0,0.0,0.0,0.0,0.0,0.0,0.0,0.0,1.0,1.0,True,True
E3-210129-B110,210129,1.1,850751.9629470824,757966.0065766767,0.021699253747359155,0.0011863005288435028,14.73121648967756,0.934003220207509,286386.9033510433,469281.0825000001,3846.137533510432,1.4099832412739488e-14,0.1488667457536507,2,99342.22319896419,90311.11199905835,92785.95637040566,860.1120000000001,91807.99463848825,117.8497319174205,92785.95637040566,6556.266828558524,14.73121648967756,0.0,1,,,2298.020725633367,12,1.9628363999072462,6,6,168,38,CERTIFIED_PRB_EXACT,OPTIMAL,-0.05970969357040618,-508.28488546749577,-508.28488546749577,-0.3920274189611004,-2983.1292568148347,-0.06395569515057051,-0.0015609217484783117,-0.06599677979249063,-43.418322285366,-1215.7130245574517,-2249.06909539795,0.013765774658698715,0.9994029030642959,0.996079725810389,True,False
E3-210129-B120,210129,1.2,850751.9629470824,757966.0065766767,0.021699253747359155,0.0010874421514398774,14.73121648967756,0.85616961852355,286386.9033510433,469281.0825000001,3846.137533510432,1.4099832412739488e-14,0.1488667457536507,2,108373.33439887002,90311.11199905835,92785.95637040566,860.1120000000001,91807.99463848825,117.8497319174205,92785.95637040566,15587.378028464358,14.73121648967756,0.0,1,,,2298.020725633367,12,1.4792450999375433,6,6,168,37,CERTIFIED_PRB_EXACT,OPTIMAL,-0.05970969357040618,0.0,-508.28488546749577,-0.3920274189611004,-2983.1292568148347,-0.06395569515057051,-0.001659780125881937,-0.14383038147644966,-43.418322285366,-1215.7130245574517,-2249.06909539795,0.013765774658698715,0.9994029030642959,0.996079725810389,True,False
E3-210310-B080,210310,0.8,723343.7230780666,662228.4494781325,0.3403194614703833,0.013157894736842108,189.56020877184565,1.0000000000000002,250841.48754244877,410853.3172849963,3358.0868754244875,0.0,0.10362674941693435,4,61115.27359993401,76394.09199991751,61115.273599934015,1519.692,58791.433263092775,804.1483368412371,61115.273599934015,-7.275957614183426e-12,0.0,189.56020877184565,5,,,533.6446506874636,1,2.0106341999489814,7,7,192,32,CERTIFIED_PRB_EXACT,OPTIMAL,1.1932011453484148,,8529.175370365381,3.729202840775857,23807.99377034884,0.3403194614703833,0.013157894736842108,4.440892098500626e-16,189.56020877184565,8698.420875782089,16092.07861829293,-0.041157232393833384,1.0119320114534842,1.0372920284077585,True,False
E3-210310-B090,210310,0.9,717196.6339085782,648441.9511086524,0.24061601203278637,0.005847953216439191,134.0247228083607,0.9999999999999998,245895.7589053165,401703.7193082968,3302.551389475151,0.0,0.11551623333897854,4,68754.68279992577,76394.09199991751,68754.68279992575,1519.692,66832.91663150067,402.0741684250822,68754.68279992575,1.4551915228366852e-11,0.0,134.0247228083607,3,,,842.4728950391291,12,1.3622512998990715,5,5,144,31,CERTIFIED_PRB_EXACT,OPTIMAL,0.3332453443366472,-6147.089169488405,2382.0862008769764,1.569732816558704,10021.495400868705,0.24061601203278637,0.005847953216439191,0.0,134.0247228083607,3752.692238649819,6942.480641593458,-0.0292677484717892,1.0033324534433665,1.015697328165587,True,False
E3-210310-B100,210310,1.0,714814.5477077012,638420.4557077837,0.0,0.0,0.0,0.9999999999999998,242143.06666666668,394761.23866670334,3168.5266666666666,0.0,0.14478398181076774,4,76394.09199991751,76394.09199991751,76394.0919999175,1519.692,74874.3999999175,0.0,76394.0919999175,1.4551915228366852e-11,0.0,0.0,0,,,1516.1503744137008,12,1.3473797999322414,5,5,144,33,CERTIFIED_PRB_EXACT,OPTIMAL,0.0,-2382.0862008769764,0.0,0.0,0.0,0.0,0.0,0.0,0.0,0.0,0.0,0.0,1.0,1.0,True,True
E3-210310-B110,210310,1.1,714814.547707342,638420.4557069963,1.3083476923741894e-10,-3.014694787548371e-12,-3.166691975585078e-08,0.9090909090960047,242143.0666666666,394761.2386666485,3168.5266666666653,0.0,0.14478398181076513,4,84033.50119990927,76394.09199991751,76394.09200034571,1519.692,74874.40000059905,-2.5333535804680626e-07,76394.09200034571,7639.409199563554,0.0,-3.166691975585078e-08,0,,,1516.1503736811574,12,1.2239508000202477,4,4,120,32,CERTIFIED_PRB_EXACT,OPTIMAL,-5.025886564704149e-11,-3.5925768315792084e-07,-3.5925768315792084e-07,-1.2334085316304607e-10,-7.874332368373871e-07,1.3083476923741894e-10,-3.014694787548371e-12,-0.09090909090399513,-3.166691975585078e-08,-8.731149137020111e-11,-5.48316165804863e-08,-2.609024107869118e-15,0.9999999999994974,0.9999999999987665,True,False
E3-210310-B120,210310,1.2,714814.547707342,638420.4557069963,1.3083476923741894e-10,-2.7634702219193406e-12,-3.166691975585078e-08,0.8333333333380043,242143.0666666666,394761.2386666485,3168.5266666666653,0.0,0.14478398181076513,4,91672.91039990101,76394.09199991751,76394.09200034571,1519.692,74874.40000059905,-2.5333535804680626e-07,76394.09200034571,15278.818399555297,0.0,-3.166691975585078e-08,0,,,1516.1503736811574,12,1.252697299933061,4,4,120,32,CERTIFIED_PRB_EXACT,OPTIMAL,-5.025886564704149e-11,0.0,-3.5925768315792084e-07,-1.2334085316304607e-10,-7.874332368373871e-07,1.3083476923741894e-10,-2.7634702219193406e-12,-0.16666666666199548,-3.166691975585078e-08,-8.731149137020111e-11,-5.48316165804863e-08,-2.609024107869118e-15,0.9999999999994974,0.9999999999987665,True,False
E3-210330-B080,210330,0.8,664379.9192111919,611859.6412688249,0.3726936428263184,0.013150078207076876,186.49589886737044,1.000000000000009,231633.83274474667,379863.1056490786,3339.567327447467,0.0,0.09030730549576728,1,52520.27794236653,65650.34742795816,52520.277942367,1604.976,50224.65617996746,690.6457623995344,52520.277942367,-4.729372449219227e-10,0.0,186.49589886737044,4,,9624708,362.7028749996098,1,0.8741103000938892,3,3,96,25,CERTIFIED_PRB_EXACT,OPTIMAL,1.021861533706093,,6720.369956577779,3.353062651884464,19850.43944216892,0.3074824977862271,0.011029321675559657,9.325873406851315e-15,153.86424188981957,7975.010783988517,13091.232960311638,-0.0372042813207145,1.010218615337061,1.0335306265188446,True,False
E3-210330-B090,210330,0.9,659625.5864502352,600540.2737650729,0.2953887670158687,0.008204698429063384,147.81253901242692,1.0,226883.7299099782,372738.1789443061,3243.9624312544133,3.3306690738754696e-16,0.09724675157436857,2,59085.312685162346,65650.34742795816,59085.312685162346,1612.776,56987.759512993674,484.77717216867035,59085.312685162346,0.0,8.267911026277913,139.544627986149,3,,,918.3649107886013,1,0.9636130998842418,4,4,120,27,CERTIFIED_PRB_EXACT,OPTIMAL,0.2989445219565881,-4754.33276095672,1966.0371956210583,1.4410370501157974,8531.07193841692,0.2301776219757774,0.006083941897546165,2.220446049250313e-16,115.18088203487605,3224.90794922004,5966.3062555391225,-0.03026483524211321,1.0029894452195658,1.014410370501158,True,False
E3-210330-B100,210330,1.0,657659.5492546142,592009.201826656,0.06521114504009128,0.002120756531517219,32.63165697755088,0.9999999999999998,223658.82196075816,366771.872688767,3128.7839984029306,4.440892098500626e-15,0.12751158681648178,2,65650.34742795816,65650.34742795816,65650.34742795814,1612.776,63898.34302485392,139.2284031042169,65650.34742795814,1.4551915228366852e-11,8.266686434312852,24.36497054323803,2,,,1578.507177130843,1,0.9831330000888556,5,5,144,33,CERTIFIED_PRB_EXACT,OPTIMAL,0.0,-1966.0371956210583,0.0,0.0,0.0,0.0,0.0,0.0,0.0,0.0,0.0,0.0,1.0,1.0,True,True
E3-210330-B110,210330,1.1,657456.3208219801,590417.1700726735,0.016520156756279086,0.0009157812295187833,8.266686434312739,0.9283223149161206,222976.60278539074,365509.7672142858,3104.4190278539054,0.0,0.1361260365887357,2,72215.38217075398,65650.34742795816,67039.15074930667,1612.776,65360.24125783218,66.1334914745019,67039.15074930667,5176.231421447301,8.266686434312739,0.0,1,,,1930.8000729969353,12,1.0303724999539554,5,5,144,33,CERTIFIED_PRB_EXACT,OPTIMAL,-0.030901768683259882,-203.22843263403047,-203.22843263403047,-0.2689201027737894,-1592.0317539825337,-0.04869098828381219,-0.0012049753019984354,-0.07167768508387917,-24.364970543238144,-682.2191753674124,-1262.1054744811845,0.008614449772253924,0.9996909823131674,0.9973107989722622,True,False
E3-210330-B120,210330,1.2,657456.3208219801,590417.1700726735,0.016520156756279315,0.0008394661270588961,8.266686434312852,0.8509621220064443,223696.6027853175,365179.23022426834,3144.8047421388874,0.0,0.13612603658875688,2,78780.4169135498,65650.34742795816,67039.1507493067,1612.776,65360.2412578322,66.1334914745028,67039.1507493067,11741.26616424309,8.266686434312852,0.0,1,,,1541.3370630876743,12,1.0716995000839233,5,5,144,33,CERTIFIED_PRB_EXACT,OPTIMAL,-0.030901768683259882,0.0,-203.22843263403047,-0.2689201027737894,-1592.0317539825337,-0.048690988283811965,-0.0012812904044583228,-0.1490378779935555,-24.36497054323803,37.78082455933327,-1592.64246449864,0.008614449772275101,0.9996909823131674,0.9973107989722622,True,False
E3-210323-B080,210323,0.8,633424.4144599607,578803.4521746525,0.3827496376459638,0.013146493677321154,202.82176691134057,1.0000000000000002,219328.71954915632,359131.23859451484,3301.828909777277,0.0,0.09147377563576109,1,54620.96228530812,68276.20285663515,54620.962285308124,1569.228,52333.66014997512,718.0741353330004,54620.962285308124,-7.275957614183426e-12,-5.684341886080802e-14,202.82176691134063,4,,9624708,343.4940309813246,1,0.9045131001621485,3,3,96,25,CERTIFIED_PRB_EXACT,OPTIMAL,1.0009109883406426,,6277.185527459253,3.5665520609902734,19932.426098786294,0.34332305566673704,0.011840899343106509,0.0,181.9293395024392,7882.417646408576,13504.79114345106,-0.04597646777268971,1.0100091098834065,1.0356655206099028,True,False
E3-210323-B090,210323,0.9,629066.3757005916,567617.7931296199,0.2654714912541972,0.007298613587738071,140.6752394382903,1.0,214800.22063944192,351831.1971140792,3180.182600036673,6.661338147750939e-16,0.10602794064570294,2,61448.58257097164,68276.20285663515,61448.58257097164,1581.0600000000002,59419.0331112719,448.4894596997384,61448.58257097164,0.0,5.292748276973484,135.38249116131684,2,,,986.3753760987893,1,1.0152907001320273,4,4,120,29,CERTIFIED_PRB_EXACT,OPTIMAL,0.3060121578400138,-4358.038759369054,1919.1467680901987,1.5650779241803734,8746.76705375372,0.22604490927497042,0.005993019253523425,-2.220446049250313e-16,119.78281202938894,3353.918736694177,6204.74966301542,-0.031422302762747864,1.0030601215784,1.0156507792418037,True,False
E3-210323-B100,210323,1.0,627147.2289325014,558871.0260758662,0.0394265819792268,0.0013055943342146462,20.892427408901373,1.0000000000000002,211446.30190274774,345626.4474510638,3060.3997880112797,1.6997514507011147e-13,0.1374502434084508,2,68276.20285663515,68276.20285663515,68276.20285663517,1581.0600000000002,66606.00183302385,89.14102361131269,68276.20285663517,-1.4551915228366852e-11,5.292748276921714,15.59967913197966,2,,,1798.2767220546957,1,1.014445299981162,4,4,120,31,CERTIFIED_PRB_EXACT,OPTIMAL,0.0,-1919.1467680901987,0.0,0.0,0.0,0.0,0.0,0.0,0.0,0.0,0.0,0.0,1.0,1.0,True,True
E3-210323-B110,210323,1.1,627009.4482307294,557844.0636630385,0.009988067450706122,0.0005637793719270126,5.29274828529105,0.9209302759014503,211009.51088669355,344818.3840714287,3044.8001088669353,0.0,0.14273728780497932,2,75103.82314229867,68276.20285663515,69165.38456769084,1581.0600000000002,67541.98258145036,42.341986240482576,69165.38456769084,5938.438574607833,5.29274828529105,0.0,1,,,2016.1687049163156,12,1.2518674000166357,6,6,168,35,CERTIFIED_PRB_EXACT,OPTIMAL,-0.02196943483374454,-137.7807017719606,-137.7807017719606,-0.1837566030285204,-1026.9624128276482,-0.029438514528520678,-0.0007418149622876336,-0.07906972409854995,-15.599679123610322,-436.7910160541942,-808.063379635103,0.005287044396528523,0.9997803056516625,0.9981624339697148,True,False
E3-210323-B120,210323,1.2,627009.4482307294,557844.0636630385,0.009988067450706122,0.0005167977575997616,5.29274828529105,0.8441860862429962,211009.51088669355,344818.3840714287,3044.8001088669353,0.0,0.14273728780497932,2,81931.44342796218,68276.20285663515,69165.38456769084,1581.0600000000002,67541.98258145036,42.341986240482576,69165.38456769084,12766.05886027134,5.29274828529105,0.0,1,,,2016.1687049163156,12,1.2807884998619556,6,6,168,35,CERTIFIED_PRB_EXACT,OPTIMAL,-0.02196943483374454,0.0,-137.7807017719606,-0.1837566030285204,-1026.9624128276482,-0.029438514528520678,-0.0007887965766148846,-0.15581391375700404,-15.599679123610322,-436.7910160541942,-808.063379635103,0.005287044396528523,0.9997803056516625,0.9981624339697148,True,False
E3-210428-B080,210428,0.8,800150.7750716611,739421.1942721845,0.37910838300907174,0.013144967714767359,224.0985473598488,1.0000000000000018,279695.9214038669,458903.8122638204,4072.3785473720022,0.0,0.08577800651113066,1,60729.580799476455,75911.97599934557,60729.580799476564,1207.8600000000001,58723.43242053609,798.2883789404736,60729.580799476564,-1.0913936421275139e-10,0.0,224.0985473598488,4,,9624708,821.4606044972315,1,1.2716123999562114,3,3,96,26,CERTIFIED_PRB_EXACT,OPTIMAL,0.8105387492562133,,6433.386989986291,3.011370745610371,21615.782189855236,0.3791083830059775,0.013144967714659776,1.7763568394002505e-15,224.09854735801972,8089.054737200262,14964.751263820333,-0.04724340648874095,1.008105387492562,1.0301137074561038,True,False
E3-210428-B090,210428,0.9,795660.3209493209,727339.5425499056,0.22529927132160063,0.005847953216304898,133.17890526042993,1.0000000000000628,275335.8760143197,450837.72829314566,3981.4589052733254,4.773959005888173e-15,0.10226293245921814,2,68320.778399411,75911.97599934557,68320.7783994153,1222.776,66698.46568363401,399.5367157812898,68320.7783994153,-4.292814992368221e-09,0.0,133.17890526042993,1,,,1165.9382424402284,1,1.367908600019291,4,4,120,29,CERTIFIED_PRB_EXACT,OPTIMAL,0.24478900132727974,-4490.45412234019,1942.932867646101,1.3282332937443497,9534.130467576324,0.22529927131850638,0.005847953216197315,6.283862319378386e-14,133.17890525860085,3729.0093476530747,6898.667293145612,-0.03075848054065347,1.0024478900132727,1.0132823329374434,True,False
E3-210428-B100,210428,1.0,793717.3880816748,717805.4120823293,3.0942602355362093e-12,1.0758297342108241e-13,1.82907911039365e-09,1.0,271606.86666666664,443939.06100000005,3848.2799999999997,1.887379141862766e-15,0.1330214129998716,2,75911.97599934557,75911.97599934557,75911.97599934557,1222.776,74689.1999993374,8.16683609627944e-09,75911.97599934557,0.0,1.293159357373952e-09,5.35919753019698e-10,0,,,2259.4844156625913,12,1.4929630998522043,5,5,144,33,CERTIFIED_PRB_EXACT,OPTIMAL,0.0,-1942.932867646101,0.0,0.0,0.0,0.0,0.0,0.0,0.0,0.0,0.0,0.0,1.0,1.0,True,True
E3-210428-B110,210428,1.1,793717.3880816456,717805.4120816091,2.177669782712025e-11,4.3705326613555467e-13,1.2165111584749866e-08,0.9090909090991834,271606.86666666635,443939.06100000005,3848.279999999995,5.3512749786932545e-14,0.13302141299985462,2,83503.17359928013,75911.97599934557,75911.9760000365,1222.776,74689.20000000001,3.64953347542496e-08,75911.9760000365,7591.19759924362,1.2165111584749866e-08,0.0,0,,,2259.484414942737,12,1.4834781000390649,5,5,144,32,CERTIFIED_PRB_EXACT,OPTIMAL,-3.681442062039572e-12,-2.922024577856064e-08,-2.922024577856064e-08,-1.003259614234869e-10,-7.201451808214188e-07,1.868243759158404e-11,3.2947029271447224e-13,-0.09090909090081656,1.0336032474356216e-08,-2.9103830456733704e-10,0.0,-1.6986412276764895e-14,0.9999999999999631,0.9999999999989967,True,False
E3-210428-B120,210428,1.2,793717.3880816456,717805.4120816091,2.177669782712025e-11,4.006321606242584e-13,1.2165111584749866e-08,0.8333333333409182,271606.86666666635,443939.06100000005,3848.279999999995,5.3512749786932545e-14,0.13302141299985462,2,91094.37119921469,75911.97599934557,75911.9760000365,1222.776,74689.20000000001,3.64953347542496e-08,75911.9760000365,15182.39519917818,1.2165111584749866e-08,0.0,0,,,2259.484414942737,12,1.564868199871853,5,5,144,32,CERTIFIED_PRB_EXACT,OPTIMAL,-3.681442062039572e-12,0.0,-2.922024577856064e-08,-1.003259614234869e-10,-7.201451808214188e-07,1.868243759158404e-11,2.9304918720317604e-13,-0.1666666666590818,1.0336032474356216e-08,-2.9103830456733704e-10,0.0,-1.6986412276764895e-14,0.9999999999999631,0.9999999999989967,True,False
E3-210611-B080,210611,0.8,623354.3933212913,571629.3869229265,0.3647985298534134,0.01305814862214238,181.10879011912914,1.0000000000000002,216432.004014202,354525.2430512745,2988.58379014202,0.0,0.0965112563749936,3,51725.00639836478,64656.257997955974,51725.006398364785,592.98,50456.59357733367,675.4328210311128,51725.006398364785,-7.275957614183426e-12,0.0,181.10879011912914,7,,90015700|90038200,672.1398574500345,12,1.2697533001191914,3,3,96,26,CERTIFIED_PRB_EXACT,OPTIMAL,0.9618682332503001,,5938.725178971072,3.4137775734354343,18869.976778562297,0.36479852977841126,0.013058148620414671,3.3306690738754696e-16,181.1087900818934,6973.379014201986,12900.75117627444,-0.047752314357583245,1.009618682332503,1.0341377757343544,True,False
E3-210611-B090,210611,0.9,619142.2796216115,560951.6474234511,0.22859551673613795,0.005861636006916772,113.48910172246346,1.0,212632.81984983748,347496.7523472317,2920.8391017799095,0.0,0.11299863536474468,4,58190.632198160376,64656.257997955974,58190.632198160376,686.1360000000001,57163.40389320239,341.0923049579873,58190.632198160376,0.0,0.06249998251926314,113.4266017399442,5,,90038200,822.0752263818868,12,1.5691275000572205,5,5,144,32,CERTIFIED_PRB_EXACT,OPTIMAL,0.27965138696370534,-4212.113699679845,1726.6114792912267,1.4820620198844325,8192.23727908684,0.22859551666113584,0.005861636005189063,1.1102230246251565e-16,113.48910168522772,3174.194849837484,5872.260472231661,-0.03126493536783216,1.002796513869637,1.0148206201988443,True,False
E3-210611-B100,210611,1.0,617415.6681423202,552759.4101443642,7.500210320133502e-11,1.7277089401035133e-12,3.723573165890261e-08,0.9999999999999999,209458.625,341624.49187500007,2807.475,0.0,0.14426357073257684,5,64656.257997955974,64656.257997955974,64656.25799795597,691.008,63965.24999784426,1.1170719497670783e-07,64656.25799795597,7.275957614183426e-12,5.664312993758358e-09,3.157141866514425e-08,0,,,1676.2932693641633,12,1.7427417999133468,5,5,144,34,CERTIFIED_PRB_EXACT,OPTIMAL,0.0,-1726.6114792912267,0.0,0.0,0.0,0.0,0.0,0.0,0.0,0.0,0.0,0.0,1.0,1.0,True,True
E3-210611-B110,210611,1.1,617415.6681420989,552759.4101420989,1.1194966253266723e-10,0.0,0.0,0.9090909091196492,209458.625,341624.49187500007,2807.475,0.0,0.14426357073257692,5,71121.88379775156,64656.257997955974,64656.258000000016,691.008,63965.250000000015,0.0,64656.258000000016,6465.625797751549,0.0,0.0,0,,,1676.2932670988375,12,1.6440290999598801,5,5,144,34,CERTIFIED_PRB_EXACT,OPTIMAL,-3.584384689472928e-11,-2.2130552679300308e-07,-2.2130552679300308e-07,-4.0982129039443926e-10,-2.2653257474303246e-06,3.6947559331332214e-11,-1.7277089401035133e-12,-0.09090909088035071,-3.723573165890261e-08,0.0,0.0,8.326672684688674e-17,0.9999999999996415,0.9999999999959018,True,False
E3-210611-B120,210611,1.2,617415.6681420989,552759.4101420989,1.1194966253266723e-10,0.0,0.0,0.8333333333596784,209458.625,341624.49187500007,2807.475,0.0,0.14426357073257692,5,77587.50959754716,64656.257997955974,64656.258000000016,691.008,63965.250000000015,0.0,64656.258000000016,12931.251597547147,0.0,0.0,0,,,1676.2932670988375,12,1.5119634000584483,5,5,144,34,CERTIFIED_PRB_EXACT,OPTIMAL,-3.584384689472928e-11,0.0,-2.2130552679300308e-07,-4.0982129039443926e-10,-2.2653257474303246e-06,3.6947559331332214e-11,-1.7277089401035133e-12,-0.16666666664032148,-3.723573165890261e-08,0.0,0.0,8.326672684688674e-17,0.9999999999996415,0.9999999999959018,True,False
