run_id,case,lambda_token,lambda_R,objective,normalized_objective_vs_L0500,normalized_objective_vs_L0000,objective_change_vs_L0000_pct,objective_change_vs_L0500_pct,fixed_cost,inventory_cost,reconfiguration_cost,robust_recourse_cost,normalized_robust_recourse_vs_L0500,normalized_robust_recourse_vs_L0000,recourse_change_vs_L0000_pct,B,budget_used,budget_utilization,budget_slack,canonical_total_adjustment,total_adjustment,canonical_RI,RI,RI_change_vs_L0000,RS,material_reconfiguration,changed_pair_count,largest_adjusted_pair_share,top3_adjusted_pair_share,active_depots,active_depot_ids,opened_depots,closed_depots,shortage_cost,transportation_cost,service_penalty,total_shortage,minimum_fill_rate,average_fill_rate,runtime_seconds,iterations,master_solves,subproblem_evaluations,cuts,lower_bound,upper_bound,relative_gap,status,certification_status,exact_certification_pass,global_coupling_diagnostic_status,global_coupling_diagnostic_source_status,reused_L0500
E5-210202-L0000,210202,L0000,0.0,1058206.9981404208,0.99945805957911,1.0,0.0,-0.05419404208899525,1120.9560000000001,105389.9999990062,0.0,951696.0421414145,0.9993974437851355,1.0,0.0,106510.9559990062,106510.95599900621,1.0000000000000002,-1.4551915228366852e-11,104.24386863060417,104.24386863060417,0.1278337634879958,0.1278337634879958,0.0,0.0,True,3,0.7272727215427851,0.9999999942700585,2,90016100|9624708,,,358719.19820692105,2327.9069580070372,590648.9369766916,5409.376433813081,2.220446049250313e-16,0.12211002619404426,1.5381404999643564,6,6,168,38,1058206.9981404205,1058206.9981404208,2.200237232063492e-16,OPTIMAL,CERTIFIED_PRB_EXACT,True,PASS,PASS,False
E5-210202-L0025,210202,L0025,0.0025,1058234.3217646715,0.9994838662658191,1.0000258206799792,0.0025820679979249306,-0.051613373418091246,1120.9560000000001,105367.1988794151,22.801119591109604,951723.3657656652,0.9994261369382242,1.0000287104527505,0.0028710452750546622,106510.9559990062,106510.95599900621,1.0000000000000002,-1.4551915228366852e-11,104.62388729045594,104.62388729045594,0.1282997785747599,0.1282997785747599,0.00046601508676410996,0.00021407299725412614,True,3,0.7282633314077828,0.9999999942908709,2,90016100|9624708,,,360815.2958720616,2026.7388158646058,588881.3310778218,5448.185023896603,6.661338147750939e-16,0.12199755661050034,1.2916576999705285,5,5,144,35,1058234.3217646712,1058234.3217646715,2.2001804219089216e-16,OPTIMAL,CERTIFIED_PRB_EXACT,True,PASS,PASS,False
E5-210202-L0100,210202,L0100,0.01,1058317.1206260375,0.9995620683467556,1.0001040651647648,0.010406516476479943,-0.043793165324435,1120.9560000000001,105298.10457762385,91.895421382351,951806.1646270312,0.9995130858869782,1.000115711824722,0.011571182472192021,106510.9559990062,106510.9559990062,1.0,0.0,105.77545898697693,105.77545898697693,0.12971194550434867,0.12971194550434867,0.0018781820163528695,0.0008627790495393586,True,3,0.7312217138100395,0.999999994353026,2,90016100|9624708,,,358762.0827369001,2315.8085331778293,590728.2733570774,5410.908024169672,4.440892098500626e-16,0.12165673968564707,1.1117919001262635,4,4,120,31,1058317.1206260372,1058317.1206260375,2.2000082878385342e-16,OPTIMAL,CERTIFIED_PRB_EXACT,True,PASS,PASS,False
E5-210202-L0500,210202,L0500,0.05,1058780.7942496866,1.0,1.0005422342795636,0.05422342795635693,0.0,1120.9560000000001,104911.1764875929,478.8235114133023,952269.8382506805,1.0,1.000602919507761,0.0602919507761035,106510.9559990062,106510.9559990062,1.0,0.0,112.22426048749267,112.22426048749267,0.13762008031004352,0.13762008031004352,0.009786316822047725,0.004495532942336655,True,3,0.7466666613441874,0.999999994677521,2,90016100|9624708,,,358942.64917865157,2264.867797194165,591062.3212748348,5417.3568256608505,1.3322676295501878e-15,0.11974816491655471,1.2333677001297474,4,4,120,31,1058780.7942496866,1058780.7942496866,0.0,OPTIMAL,CERTIFIED_PRB_EXACT,True,MISSING_BY_REUSE_SCHEMA_SOURCE_REFERENCED,PASS,True
E5-210202-L2000,210202,L2000,0.2,1060814.859167269,1.001921138850109,1.002464414837013,0.24644148370129848,0.19211388501090276,1120.9560000000001,104445.99999938402,943.9999996221973,954303.9031682627,1.0021360173722595,1.002740224726563,0.2740224726563101,106510.9559990062,106510.95599900623,1.0000000000000002,-2.9103830456733704e-11,58.9999999763872,58.9999999763872,0.07235142116127283,0.07235142116127283,-0.05548234232672297,0.008862938002650218,True,3,0.7999999898758199,0.9999999898758216,2,90016100|9624708,,,361666.48571470566,2181.385167164103,590456.0322864964,5435.821428575628,1.2434497875801753e-14,0.12491735347322615,1.4760600998997688,7,7,192,35,1060814.8591672687,1060814.859167269,2.1948282647232127e-16,OPTIMAL,CERTIFIED_PRB_EXACT,True,PASS,PASS,False
E5-210628-L0000,210628,L0000,0.0,676700.8373029804,0.9999999999998034,1.0,0.0,-1.9662049766111522e-11,1909.9080000000001,75498.92307532002,0.0,599292.0062276603,0.9999999999997801,1.0,0.0,77408.83107532002,77408.83107532002,1.0,0.0,1.1365986493316882e-05,1.1365986493316882e-05,1.875432493322039e-08,1.875432493322039e-08,0.0,0.0,False,4,0.37942062793786585,0.879558334593855,2,90016100|9624708,,,227115.43076923076,2381.6379947191263,369794.9374615385,3207.1384615384613,0.0,0.14358015430156912,1.596153900027275,8,8,216,44,676700.8373029802,676700.8373029804,1.7203366008960914e-16,OPTIMAL,CERTIFIED_PRB_EXACT,True,PASS,PASS,False
E5-210628-L0025,210628,L0025,0.0025,676700.8373030825,0.9999999999999543,1.0000000000001508,1.5076828674409626e-11,-4.574118861455645e-12,1909.9080000000001,75498.92307532002,3.1372477948821142e-09,599292.0062277593,0.9999999999999453,1.0000000000001652,1.652011860642233e-11,77408.83107532002,77408.83107532316,1.0000000000000406,-3.14321368932724e-09,1.7784351769023488e-08,1.7784351769023488e-08,2.9344880182558256e-11,2.9344880182558256e-11,-1.8724980053037832e-08,4.052829310688754e-14,False,0,0.5880112268645684,1.0,2,90016100|9624708,,,227115.43076923076,2381.637997215383,369794.9374615385,3207.1384615384613,0.0,0.14358015430155144,1.3345520999282598,6,6,168,36,676700.8373030792,676700.8373030793,1.7203366008958397e-16,OPTIMAL,CERTIFIED_PRB_EXACT,True,PASS,PASS,False
E5-210628-L0100,210628,L0100,0.01,676700.8373030926,0.9999999999999692,1.0000000000001659,1.658673198789984e-11,-3.0753177782116836e-12,1909.9080000000001,75498.92307532002,1.326989007566226e-08,599292.0062277593,0.9999999999999453,1.0000000000001652,1.652011860642233e-11,77408.83107532002,77408.83107533329,1.0000000000001714,-1.3271346688270569e-08,1.898602164374097e-08,1.898602164374097e-08,3.132768275813453e-11,3.132768275813453e-11,-1.8722997250462257e-08,1.7142604908670493e-13,False,0,0.5824333048283243,1.0,2,90016100|9624708,,,227115.4307692308,2381.6379952724715,369794.9374615385,3207.1384615384613,0.0,0.14358015430157653,1.3214384999591857,6,6,168,39,676700.8373030793,676700.8373030793,0.0,OPTIMAL,CERTIFIED_PRB_EXACT,True,PASS,PASS,False
E5-210628-L0500,210628,L0500,0.05,676700.8373031134,1.0,1.0000000000001967,1.9673151996357774e-11,0.0,1909.9080000000001,75498.9230752884,3.295336289224188e-08,599292.0062277921,1.0,1.0000000000002198,2.19824158875781e-11,77408.83107532002,77408.83107532136,1.0000000000000173,-1.3387762010097504e-09,1.83114039487009e-08,1.83114039487009e-08,3.02145370170305e-11,3.02145370170305e-11,-1.872411039620336e-08,4.2570547099694265e-13,False,0,0.5998693881225454,1.0,2,90016100|9624708,,,227115.4307692308,2381.63799702283,369794.9374615385,3207.1384615384613,0.0,0.14358015430158724,1.2426573000848293,5,5,144,34,676700.8373031134,676700.8373031134,0.0,OPTIMAL,CERTIFIED_PRB_EXACT,True,MISSING_BY_REUSE_SCHEMA_SOURCE_REFERENCED,PASS,True
E5-210628-L2000,210628,L2000,0.2,676700.8373033447,1.0000000000003417,1.0000000000005385,5.384581669432009e-11,3.417266469796232e-11,1909.9080000000001,75498.92307532001,2.6540121211837686e-07,599292.0062277593,0.9999999999999453,1.0000000000001652,1.652011860642233e-11,77408.83107532002,77408.8310755854,1.0000000000034284,-2.653832780197263e-07,1.8986305860835273e-08,1.8986305860835273e-08,3.1328151727523265e-11,3.1328151727523265e-11,-1.8722996781492867e-08,3.4285650413728283e-12,False,0,0.5824395556279085,1.0,2,90016100|9624708,,,227115.43076923076,2381.6379958053794,369794.9374615385,3207.138461538461,0.0,0.1435801543014907,1.062599099939689,4,4,120,31,676700.8373030793,676700.8373030793,0.0,OPTIMAL,CERTIFIED_PRB_EXACT,True,PASS,PASS,False
E5-210129-L0000,210129,L0000,0.0,850966.5852249513,0.9996550260530239,1.0,0.0,-0.03449739469760793,860.1120000000001,89450.99999905833,0.0,760655.473225893,0.9996140837885611,1.0,0.0,90311.11199905835,90311.11199905832,0.9999999999999997,2.9103830456733704e-11,54.014460462151504,54.014460462151504,0.07956393030963232,0.07956393030963232,0.0,0.0,True,3,0.7272727176838487,0.9999999904111192,2,90016100|9624708,,,287486.8341827697,1852.6845044932393,471315.954538755,3885.420777500478,3.3306690738754696e-15,0.13568925937423124,1.3670083999168128,6,6,168,39,850966.5852249515,850966.5852249514,0.0,OPTIMAL,CERTIFIED_PRB_EXACT,True,PASS,PASS,False
E5-210129-L0025,210129,L0025,0.0025,850980.5691586464,0.9996714533838323,1.0000164329997652,0.0016432999765170209,-0.03285466161676576,860.1120000000001,89439.18548959293,11.81450946540563,760669.4571595881,0.9996324607510105,1.000018384057155,0.0018384057155040878,90311.11199905835,90311.11199905832,0.9999999999999997,2.9103830456733704e-11,54.21136895324159,54.21136895324159,0.07985397881383693,0.07985397881383693,0.0002900485042046097,0.00013082010844389576,True,3,0.728263327562863,0.9999999904459482,2,90016100|9624708,,,287492.34762059443,1850.9551405894194,471326.15439863264,3885.6176859941315,3.3306690738754696e-16,0.1356612456463131,1.2858039001002908,5,5,144,35,850980.5691586466,850980.5691586465,0.0,OPTIMAL,CERTIFIED_PRB_EXACT,True,PASS,PASS,False
E5-210129-L0100,210129,L0100,0.01,851022.9447152985,0.9997212331741608,1.0000662299687506,0.006622996875060849,-0.027876682583916068,860.1120000000001,89403.38394575837,47.61605329996811,760711.8327162402,0.999688148516009,1.0000740933212617,0.007409332126173673,90311.11199905835,90311.11199905832,0.9999999999999997,2.9103830456733704e-11,54.80806135048425,54.80806135048425,0.08073291367506302,0.08073291367506302,0.001168983365430698,0.0005272446794860038,True,3,0.7312217100069782,0.9999999905499627,2,90016100|9624708,,,287509.05500789144,1845.7146438715945,471357.06306524476,3886.2143783976753,8.881784197001252e-16,0.13557635556186612,1.305233299965039,4,4,120,31,851022.9447152987,851022.9447152985,0.0,OPTIMAL,CERTIFIED_PRB_EXACT,True,PASS,PASS,False
E5-210129-L0500,210129,L0500,0.05,851260.2478325499,1.0,1.0003450929950686,0.03450929950685744,0.0,860.1120000000001,89202.89530028481,248.10469877351852,760949.1358334916,1.0,1.0003860652002583,0.03860652002583009,90311.11199905835,90311.11199905832,0.9999999999999997,2.9103830456733704e-11,58.14953877504357,58.14953877504357,0.08565494889792966,0.08565494889792966,0.006091018588297331,0.0027472222773218145,True,3,0.7466666577596643,0.9999999910929951,2,90016100|9624708,,,287602.61637560074,1816.3678624927998,471530.151595398,3889.555855815645,8.881784197001252e-16,0.13510097109495198,1.1686394000425935,4,4,120,31,851260.2478325501,851260.24783255,0.0,OPTIMAL,CERTIFIED_PRB_EXACT,True,MISSING_BY_REUSE_SCHEMA_SOURCE_REFERENCED,PASS,True
E5-210129-L2000,210129,L2000,0.2,852320.7007986155,1.0012457447282024,1.0015912676210503,0.15912676210503296,0.12457447282023804,860.1120000000001,88953.24999941885,497.7499996395054,762009.5887995571,1.0013935924441308,1.0017801956619352,0.17801956619352133,90311.11199905835,90311.11199905835,1.0,0.0,31.109374977469127,31.109374977469127,0.04582447221550904,0.04582447221550904,-0.033739458094123286,0.005511503386700579,True,3,0.7999999833505965,0.9999999833505956,2,90016100|9624708,,,289063.7500003992,1646.7416110183967,471299.0971882639,3911.971875004,4.107825191113079e-15,0.13690532377537515,1.4159007999114692,7,7,192,35,852320.7007986156,852320.7007986155,0.0,OPTIMAL,CERTIFIED_PRB_EXACT,True,PASS,PASS,False
E5-210310-L0000,210310,L0000,0.0,714814.5477075905,0.9999999999998451,1.0,0.0,-1.5487611193520934e-11,1519.692,74874.40000000007,0.0,638420.4557075904,0.9999999999996974,1.0,0.0,76394.09199991751,76394.09200000006,1.0000000000010807,-8.255301509052515e-08,3.157880534843116e-07,3.157880534843116e-07,5.669376551170962e-10,5.669376551170962e-10,0.0,0.0,False,0,0.30334806430250016,0.7069951674853424,4,90018300|90018400|90019100|91017500,,,242143.06666666668,1516.1503742625805,394761.23866671894,3168.526666666667,0.0,0.14478398181076793,2.493830099934712,12,12,312,57,714814.5477075904,714814.5477075905,1.6286087377527307e-16,OPTIMAL,CERTIFIED_PRB_EXACT,True,PASS,PASS,False
E5-210310-L0025,210310,L0025,0.0025,714814.5477076205,0.9999999999998871,1.000000000000042,4.196643033083092e-12,-1.1290968160437842e-11,1519.692,74874.39999988735,3.015374367976165e-08,638420.455707703,0.9999999999998737,1.0000000000001763,1.7630341631047486e-11,76394.09199991751,76394.0919999175,0.9999999999999998,1.4551915228366852e-11,7.658209000283023e-08,7.658209000283023e-08,1.3748864167316565e-10,1.3748864167316565e-10,-4.2944901344393053e-10,3.947130319945973e-13,False,0,0.48402728120162875,0.9749395317541678,4,90018300|90018400|90019100|91017500,,,242143.06666666668,1516.1503740250378,394761.2386668785,3168.526666666667,0.0,0.14478398181076793,1.6963403997942805,7,7,192,41,714814.5477076224,714814.5477076205,0.0,OPTIMAL,CERTIFIED_PRB_EXACT,True,PASS,PASS,False
E5-210310-L0100,210310,L0100,0.01,714814.5477077055,1.000000000000006,1.000000000000161,1.609823385706477e-11,5.995204332975845e-13,1519.692,74874.39999991734,1.8638871779330656e-09,638420.4557077864,1.0000000000000042,1.0000000000003069,3.068656440063933e-11,76394.09199991751,76394.0919999192,1.0000000000000222,-1.6880221664905548e-09,2.2231319007914863e-09,2.2231319007914863e-09,3.991212374705473e-12,3.991212374705473e-12,-5.629464427423907e-10,2.4398315748488486e-14,False,0,0.6993540613274184,1.0,4,90018300|90018400|90019100|91017500,,,242143.06666666668,1516.1503741455854,394761.238666946,3168.5266666666666,0.0,0.1447839818107679,1.404005500022322,6,6,168,36,714814.5477077038,714814.5477077039,1.6286087377524724e-16,OPTIMAL,CERTIFIED_PRB_EXACT,True,PASS,PASS,False
E5-210310-L0500,210310,L0500,0.05,714814.5477077012,1.0,1.000000000000155,1.5498713423767185e-11,0.0,1519.692,74874.3999999175,0.0,638420.4557077837,1.0,1.0000000000003026,3.026467965128177e-11,76394.09199991751,76394.0919999175,0.9999999999999998,1.4551915228366852e-11,1.9437003118127905e-09,1.9437003118127905e-09,3.4895458674603015e-12,3.4895458674603015e-12,-5.634481092496359e-10,0.0,False,0,0.7272853557739585,1.0,4,90018300|90018400|90019100|91017500,,,242143.06666666668,1516.1503744137008,394761.23866670334,3168.5266666666666,0.0,0.14478398181076774,1.3473797999322414,5,5,144,33,714814.547707701,714814.5477077012,3.257217475504957e-16,OPTIMAL,CERTIFIED_PRB_EXACT,True,MISSING_BY_REUSE_SCHEMA_SOURCE_REFERENCED,PASS,True
E5-210310-L2000,210310,L2000,0.2,714814.5477065423,0.9999999999983787,0.9999999999985336,-1.4663825709249068e-10,-1.621258682860116e-10,1519.692,74874.39999991693,-1.013109511038273e-06,638420.4557076385,0.9999999999997726,1.0000000000000753,7.527312106958561e-12,76394.09199991751,76394.09199890382,0.9999999999867308,1.013686414808035e-06,6.342416014604169e-08,6.342416014604169e-08,1.1386607008790608e-10,1.1386607008790608e-10,-4.530715850291901e-10,-1.3261621213318e-11,False,0,0.49981352557433173,0.9999857721525625,4,90018300|90018400|90019100|91017500,,,242143.06666666668,1516.1503743505345,394761.2386667504,3168.5266666666666,0.0,0.14478398181076776,1.2277142000384629,5,5,144,32,714814.5477076487,714814.5477066392,0.0,OPTIMAL,CERTIFIED_PRB_EXACT,True,PASS,PASS,False
E5-210330-L0000,210330,L0000,0.0,657501.8174192903,0.9997601618717425,1.0,0.0,-0.023983812825745243,1612.776,64037.57142795814,0.0,591851.4699913322,0.9997335652303424,1.0,0.0,65650.34742795816,65650.34742795814,0.9999999999999998,1.4551915228366852e-11,30.31118359248019,30.31118359248019,0.06057390805946176,0.06057390805946176,0.0,0.0,True,4,0.7272726784021215,0.9999999511293929,2,90016100|9624708,,,223593.8487060382,1605.9491180006464,366651.6721675068,3126.4635250199817,3.7192471324942744e-14,0.12823897642622029,1.3140583999920636,8,8,216,42,657501.8174192903,657501.8174192903,0.0,OPTIMAL,CERTIFIED_PRB_EXACT,True,PASS,PASS,False
E5-210330-L0025,210330,L0025,0.0025,657509.3045290136,0.999771546348303,1.000011387207647,0.0011387207647040043,-0.02284536516969915,1612.776,64030.94150400081,6.629923957343534,591858.9571010554,0.9997462121785659,1.0000126503187081,0.001265031870811839,65650.34742795816,65650.34742795816,1.0,0.0,30.42168232510233,30.42168232510233,0.060794728868062614,0.060794728868062614,0.00022082080860085646,0.00010098840626272275,True,4,0.7282632884238199,0.9999999513069083,2,90016100|9624708,,,224316.9426704842,1215.1554189556825,366326.8590118227,3166.9597380375903,3.647082635893639e-13,0.128207223916844,1.0602489998564124,6,6,168,35,657509.3045290136,657509.3045290136,0.0,OPTIMAL,CERTIFIED_PRB_EXACT,True,PASS,PASS,False
E5-210330-L0100,210330,L0100,0.01,657531.9927408132,0.9998060447629088,1.0000458938982728,0.004589389827280854,-0.019395523709120344,1612.776,64010.85082534219,26.720602615960697,591881.645312855,0.9997845362649644,1.0000509846186971,0.005098461869712523,65650.34742795816,65650.34742795814,0.9999999999999998,1.4551915228366852e-11,30.75652696941308,30.75652696941308,0.06146388283352223,0.06146388283352223,0.0008899747740604702,0.000407013879786131,True,2,0.7312217194570131,1.0,2,90016100|9624708,,,223606.31832058792,1600.5860380516178,366674.74095440586,3126.9088683966975,1.7763568394002505e-14,0.128111004191537,0.9942078997846693,5,5,144,33,657531.9927423681,657531.9927408132,0.0,OPTIMAL,CERTIFIED_PRB_EXACT,True,DIAGNOSTIC_TOLERANCE_CONTRACT_MISMATCH,DIAGNOSTIC_TOLERANCE_CONTRACT_MISMATCH,False
E5-210330-L0500,210330,L0500,0.05,657659.5492546142,1.0,1.0002398956643845,0.023989566438453735,0.0,1612.776,63898.34302485392,139.2284031042169,592009.201826656,1.0,1.0002665057760627,0.026650577606268655,65650.34742795816,65650.34742795814,0.9999999999999998,1.4551915228366852e-11,32.63165697755088,32.63165697755088,0.06521114504009128,0.06521114504009128,0.004637236980629518,0.002120756531517219,True,2,0.7466666666666678,1.0,2,90016100|9624708,,,223658.82196075816,1578.507177130843,366771.872688767,3128.7839984029306,4.440892098500626e-15,0.12751158681648178,0.9831330000888556,5,5,144,33,657659.549256254,657659.5492546142,0.0,OPTIMAL,CERTIFIED_PRB_EXACT,True,MISSING_BY_REUSE_SCHEMA_SOURCE_REFERENCED,DIAGNOSTIC_TOLERANCE_CONTRACT_MISMATCH,True
E5-210330-L2000,210330,L2000,0.2,658258.1260247654,1.000910162060035,1.0011502760683517,0.11502760683517188,0.09101620600349136,1612.776,63410.85714237186,626.714285586282,592607.7785968073,1.001011093692977,1.0012778689313488,0.12778689313488467,65650.34742795816,65650.34742795814,0.9999999999999998,1.4551915228366852e-11,39.169642849143045,39.169642849143045,0.07827666436801795,0.07827666436801795,0.017702756308556188,0.009546244767006162,True,4,0.7999999621817854,0.9999999621817859,2,90016100|9624708,,,224617.27857176584,1108.01959594093,366882.4804292806,3176.573214289087,4.440892098500626e-16,0.12446283171843035,1.2073697000741959,7,7,192,39,658258.1260247654,658258.1260247654,0.0,OPTIMAL,CERTIFIED_PRB_EXACT,True,PASS,PASS,False
E5-210323-L0000,210323,L0000,0.0,627045.0920246697,0.9998371404622077,1.0,0.0,-0.016285953779227036,1581.0600000000002,66695.14285663515,0.0,558768.8891680345,0.9998172442243985,1.0,0.0,68276.20285663515,68276.20285663515,1.0,0.0,41.438849308835415,41.438849308835415,0.0782002089763651,0.0782002089763651,0.0,0.0,True,4,0.4041620878918388,0.9353778719402185,2,90016100|9624708,,,211405.1193349908,1816.5522384009403,345547.2175948509,3058.8866979226173,2.6645352591003757e-15,0.1379055323612405,1.6523422999307513,9,9,240,47,627045.0920246695,627045.0920246697,3.7131403564946393e-16,OPTIMAL,CERTIFIED_PRB_EXACT,True,PASS,PASS,False
E5-210323-L0025,210323,L0025,0.0025,627050.3109190209,0.9998454621036189,1.0000083229968906,0.0008322996890575141,-0.015453789638109061,1581.0600000000002,66690.89804598698,4.244810649413182,558774.1080623845,0.9998265825048005,1.0000093399873384,0.0009339987338430333,68276.20285663515,68276.20285663639,1.0000000000000182,-1.2369127944111824e-09,19.477490542920858,19.477490542920858,0.03675642196142806,0.03675642196142806,-0.041443787014937034,6.21711587905136e-05,True,2,0.7282633369207543,1.0,2,90016100|9624708,,,211406.683669947,1814.2706721812192,345553.1537204494,3058.9848511259997,5.002664948960955e-13,0.13787308144619984,1.4392743001226336,7,7,192,41,627050.3109199037,627050.3109190209,0.0,OPTIMAL,CERTIFIED_PRB_EXACT,True,PASS,PASS,False
E5-210323-L0100,210323,L0100,0.01,627064.9954665219,0.9998688769364102,1.000031741643632,0.0031741643631955085,-0.013112306358975534,1581.0600000000002,66678.03498341682,17.107873223354414,558788.7926098817,0.9998528578828609,1.0000356201682539,0.0035620168253869267,68276.20285663515,68276.20285664017,1.0000000000000735,-5.020410753786564e-09,19.691874919090335,19.691874919090335,0.037160991665880404,0.037160991665880404,-0.04103921731048469,0.0002505686096702997,True,2,0.7312217192604746,1.0,2,90016100|9624708,,,211412.6864324909,1811.8473464455033,345564.25883114553,3059.19923550253,2.1094237467877974e-15,0.13780901507684776,1.29769519995898,6,6,168,37,627064.9954665219,627064.9954665219,0.0,OPTIMAL,CERTIFIED_PRB_EXACT,True,PASS,PASS,False
E5-210323-L0500,210323,L0500,0.05,627147.2289325014,1.0,1.0001628860653415,0.01628860653415387,0.0,1581.0600000000002,66606.00183302385,89.14102361131269,558871.0260758662,1.0,1.00018278918138,0.01827891813799276,68276.20285663515,68276.20285663517,1.0000000000000002,-1.4551915228366852e-11,20.892427425639706,20.892427425639706,0.039426582010814094,0.039426582010814094,-0.038773626965551,0.0013055943342146462,True,2,0.7466666664690438,1.0,2,90016100|9624708,,,211446.30190274774,1798.2767220546957,345626.4474510638,3060.3997880112797,1.6997514507011147e-13,0.1374502434084508,1.014445299981162,4,4,120,31,627147.2289325013,627147.2289325014,1.8562678180862116e-16,OPTIMAL,CERTIFIED_PRB_EXACT,True,MISSING_BY_REUSE_SCHEMA_SOURCE_REFERENCED,PASS,True
E5-210323-L2000,210323,L2000,0.2,627528.843610591,1.000608492967017,1.0007714781473838,0.0771478147383764,0.0608492967016927,1581.0600000000002,66271.72299447727,423.4198621578798,559252.6407539558,1.0006828313873581,1.0008657453829284,0.08657453829283845,68276.20285663515,68276.20285663515,1.0,0.0,26.463741384867504,26.463741384867504,0.04994033717417623,0.04994033717417623,-0.028259871802188863,0.006201573087580271,True,2,0.8000000000000006,1.0,2,90016100|9624708,,,211602.29869400288,1735.300545232395,345915.0415149508,3065.9711019851225,1.9984014443252818e-15,0.13578531863822974,1.3780436001252383,5,5,144,34,627528.8436105908,627528.8436105909,1.855138979064612e-16,OPTIMAL,CERTIFIED_PRB_EXACT,True,PASS,PASS,False
E5-210428-L0000,210428,L0000,0.0,793717.3880815352,0.9999999999998241,1.0,0.0,-1.758593271006248e-11,1222.776,74689.19999934557,0.0,717805.4120821897,0.9999999999998055,1.0,0.0,75911.97599934557,75911.97599934557,1.0,0.0,2.367437178740772e-06,2.367437178740772e-06,4.005002670841849e-09,4.005002670841849e-09,0.0,0.0,False,0,0.3825926277931674,0.8827813271027442,2,90016100|9624708,,,271606.8666666667,2259.4844149913897,443939.06100000005,3848.2800000000007,1.4099832412739488e-14,0.13302141299986528,1.9960256998892874,8,8,216,41,793717.3880815352,793717.3880815352,0.0,OPTIMAL,CERTIFIED_PRB_EXACT,True,PASS,PASS,False
E5-210428-L0025,210428,L0025,0.0025,793717.388081639,0.9999999999999548,1.0000000000001308,1.3078427230084344e-11,-4.518607710224387e-12,1222.776,74689.19999934213,3.4437311310578903e-09,717805.4120822934,0.99999999999995,1.0000000000001446,1.4455103780619538e-11,75911.97599934557,75911.97599934558,1.0000000000000002,-1.4551915228366852e-11,2.3494175493965486e-08,2.3494175493965486e-08,3.974518793888635e-11,3.974518793888635e-11,-3.965257482902962e-09,4.5364793706431495e-14,False,0,0.5177926583494915,1.0,2,90016100|9624708,,,271606.86666666577,2259.484412251034,443939.0610000001,3848.279999999988,8.892886427247504e-14,0.13302141299983125,2.0594585000071675,7,7,192,40,793717.3880816388,793717.388081639,1.4667099848763896e-16,OPTIMAL,CERTIFIED_PRB_EXACT,True,PASS,PASS,False
E5-210428-L0100,210428,L0100,0.01,793717.3880816498,0.9999999999999685,1.0000000000001443,1.4432899320127035e-11,-3.1530333899354446e-12,1222.776,74689.19999933169,1.3879398920404596e-08,717805.4120823042,0.9999999999999651,1.0000000000001597,1.596500709410975e-11,75911.97599934557,75911.97599934557,1.0,0.0,2.366831530764557e-08,2.366831530764557e-08,4.003978093808036e-11,4.003978093808036e-11,-3.9649628899037685e-09,1.828354319287414e-13,False,0,0.513982994844596,1.0,2,90016100|9624708,,,271606.86666666664,2259.4844149602513,443939.06100000005,3848.28,3.3306690738754696e-16,0.13302141299987227,1.4196216999553144,5,5,144,33,793717.3880816498,793717.3880816498,0.0,OPTIMAL,CERTIFIED_PRB_EXACT,True,PASS,PASS,False
E5-210428-L0500,210428,L0500,0.05,793717.3880816748,1.0,1.0000000000001759,1.758593271006248e-11,0.0,1222.776,74689.1999993374,8.16683609627944e-09,717805.4120823293,1.0,1.0000000000001945,1.9451107391432743e-11,75911.97599934557,75911.97599934557,1.0,0.0,1.82907911039365e-09,1.82907911039365e-09,3.0942602355362093e-12,3.0942602355362093e-12,-4.001908410606312e-09,1.0758297342108241e-13,False,0,0.7070002330821226,1.0,2,90016100|9624708,,,271606.86666666664,2259.4844156625913,443939.06100000005,3848.2799999999997,1.887379141862766e-15,0.1330214129998716,1.4929630998522043,5,5,144,33,793717.3880816748,793717.3880816748,0.0,OPTIMAL,CERTIFIED_PRB_EXACT,True,MISSING_BY_REUSE_SCHEMA_SOURCE_REFERENCED,PASS,True
E5-210428-L2000,210428,L2000,0.2,793717.3880817087,1.0000000000000426,1.0000000000002185,2.184918912462308e-11,4.263256414560601e-12,1222.776,74689.19999934557,0.0,717805.4120823632,1.0000000000000473,1.0000000000002416,2.4158453015843406e-11,75911.97599934557,75911.97599934557,1.0,0.0,0.0,0.0,0.0,0.0,-4.005002670841849e-09,0.0,False,0,0.0,0.0,2,90016100|9624708,,,271606.86666666664,2259.4844150916333,443939.06100000005,3848.28,2.220446049250313e-16,0.13302141299987236,1.4001635999884456,5,5,144,33,793717.3880816905,793717.3880816095,0.0,OPTIMAL,CERTIFIED_PRB_EXACT,True,PASS,PASS,False
E5-210611-L0000,210611,L0000,0.0,617415.6681421335,0.9999999999996976,1.0,0.0,-3.0242475190789264e-11,691.008,63965.249997955965,0.0,552759.4101441775,0.9999999999996622,1.0,0.0,64656.257997955974,64656.25799795597,0.9999999999999999,7.275957614183426e-12,1.2722127384900972e-07,1.2722127384900972e-07,2.5625555576661776e-10,2.5625555576661776e-10,0.0,0.0,False,0,0.26876856013359957,0.5997101364292394,5,90015700|90016100|90038200|90038300|9624708,,,209458.625,1676.293267361993,341624.49187500007,2807.4750000000004,0.0,0.1442635707325698,2.654894799925387,13,13,336,63,617415.6681421335,617415.6681421335,0.0,OPTIMAL,CERTIFIED_PRB_EXACT,True,PASS,PASS,False
E5-210611-L0025,210611,L0025,0.0025,617415.6681421598,0.9999999999997402,1.0000000000000426,4.263256414560601e-12,-2.5979218776228663e-11,691.008,63965.24999801629,-5.8021342397296394e-08,552759.4101442016,0.9999999999997058,1.0000000000000435,4.352074256530614e-12,64656.257997955974,64656.25799795827,1.0000000000000355,-2.2992026060819626e-09,1.76032714849228e-07,1.76032714849228e-07,3.5457404105490013e-10,3.5457404105490013e-10,9.831848528828237e-11,-8.973816950422752e-13,False,0,0.37342963683448827,0.7865384148163646,5,90015700|90016100|90038200|90038300|9624708,,,209458.62499999997,1676.2932675644513,341624.49187500007,2807.4750000000004,0.0,0.14426357073256904,2.2972502999473363,10,10,264,50,617415.6681421159,617415.6681421611,7.315840397242791e-14,OPTIMAL,CERTIFIED_PRB_EXACT,True,PASS,PASS,False
E5-210611-L0100,210611,L0100,0.01,617415.6681421584,0.9999999999997379,1.0000000000000404,4.04121180963557e-12,-2.6212365611399946e-11,691.008,63965.24999798822,-1.581202680283056e-08,552759.410144186,0.9999999999996776,1.0000000000000153,1.532107773982716e-12,64656.257997955974,64656.25799797241,1.0000000000002542,-1.643638825044036e-08,6.784967766387817e-08,6.784967766387817e-08,1.3666626918842403e-10,1.3666626918842403e-10,-1.1958928657819373e-10,-2.4455524171118033e-13,False,0,0.5822578225605515,0.8007968533803668,5,90015700|90016100|90038200|90038300|9624708,,,209458.625,1676.2932674331048,341624.49187500007,2807.475,0.0,0.14426357073257684,1.6017066000495106,6,6,168,36,617415.6681421695,617415.6681421398,0.0,OPTIMAL,CERTIFIED_PRB_EXACT,True,PASS,PASS,False
E5-210611-L0500,210611,L0500,0.05,617415.6681423202,1.0,1.0000000000003024,3.0242475190789264e-11,0.0,691.008,63965.24999784426,1.1170719497670783e-07,552759.4101443642,1.0,1.0000000000003377,3.377298440909726e-11,64656.257997955974,64656.25799795597,0.9999999999999999,7.275957614183426e-12,5.417702364049791e-08,5.417702364049791e-08,1.0912611454632943e-10,1.0912611454632943e-10,-1.4712944122028832e-10,1.7277089401035133e-12,False,0,0.5827457761557581,0.8545799149517219,5,90015700|90016100|90038200|90038300|9624708,,,209458.625,1676.2932693641633,341624.49187500007,2807.475,0.0,0.14426357073257684,1.7427417999133468,5,5,144,34,617415.6681423222,617415.6681421611,0.0,OPTIMAL,CERTIFIED_PRB_EXACT,True,MISSING_BY_REUSE_SCHEMA_SOURCE_REFERENCED,PASS,True
E5-210611-L2000,210611,L2000,0.2,617415.6681428609,1.0000000000008757,1.0000000000011782,1.178168673732216e-10,8.757439218243235e-11,691.008,63965.249997369545,5.864237664354732e-07,552759.4101449049,1.000000000000978,1.0000000000013158,1.3158363287857355e-10,64656.257997955974,64656.25799795597,0.9999999999999999,7.275957614183426e-12,3.665151027121283e-08,3.665151027121283e-08,7.382533478938789e-11,7.382533478938789e-11,-1.8243022097722987e-10,9.06986863443307e-12,False,0,0.8000005428206493,1.0,5,90015700|90016100|90038200|90038300|9624708,,,209458.625,1676.2932677882575,341624.49187500007,2807.475,0.0,0.14426357073257642,1.3792513001244515,4,4,120,32,617415.6681428609,617415.6681429369,1.2312483967509124e-13,OPTIMAL,CERTIFIED_PRB_EXACT,True,PASS,PASS,False
