run_id,case,beta_token,beta,Gamma_token,Gamma,reuse_or_new,reuse_source_run,reported_runtime_seconds,reported_runtime_exact_scope,certification_in_reported_timer,service_post_evaluation_in_reported_timer,artifact_writing_in_reported_timer,completion_utc,result_mtime_utc,previous_completion_utc,inter_completion_gap_seconds,reconstructed_wallclock_seconds,wallclock_reconstruction_status,global_scenarios_in_post_evaluation,product_risk_blocks_in_post_evaluation,runtime_scope_classification,timing_anomaly_flag
E6-210202-B080-G0,210202,B080,0.8,G0,0,NEW_SOLVE,,0.13038540026172996,PRB_BUILD_MASTER_THROUGH_EXACT_PRODUCT_RECERTIFICATION,True,False,False,2026-09-13T10:19:42.376628+00:00,2026-09-13T18:19:42.370110+08:00,,,,UNAVAILABLE_NO_RUNNER_START_TIMESTAMP,1,8,CORE_PRB_AND_CERTIFICATION_ONLY|POST_EVALUATION_EXCLUDED_FROM_TIMER|RUNNER_WALLCLOCK_NOT_CAPTURED|MULTI_STAGE_TIMING_ACCOUNTING_GAP,False
E6-210202-B080-G2,210202,B080,0.8,G2,2,REUSE,E3-210202-B080,1.0246602999977767,SOURCE_REPORTED_PRB_RUNTIME_COPIED,True,False,False,2026-09-13T10:19:48.732637+00:00,2026-09-13T18:19:48.725639+08:00,2026-09-13T10:19:42.376628+00:00,6.356009,,UNAVAILABLE_NO_RUNNER_START_TIMESTAMP,4657,632,SOURCE_TIMING_SCOPE_INHERITED,False
E6-210202-B080-G4,210202,B080,0.8,G4,4,NEW_SOLVE,,32.731618099845946,PRB_BUILD_MASTER_THROUGH_EXACT_PRODUCT_RECERTIFICATION,True,False,False,2026-09-13T12:15:11.601993+00:00,2026-09-13T20:15:11.599996+08:00,2026-09-13T10:19:48.732637+00:00,6922.869356,,UNAVAILABLE_NO_RUNNER_START_TIMESTAMP,3469497,6352,CORE_PRB_AND_CERTIFICATION_ONLY|POST_EVALUATION_EXCLUDED_FROM_TIMER|RUNNER_WALLCLOCK_NOT_CAPTURED|MULTI_STAGE_TIMING_ACCOUNTING_GAP,True
E6-210202-B100-G0,210202,B100,1.0,G0,0,REUSE,E4-210202-G0,0.1164369999896735,SOURCE_REPORTED_PRB_RUNTIME_COPIED,True,False,False,2026-09-13T12:15:18.148085+00:00,2026-09-13T20:15:18.146085+08:00,2026-09-13T12:15:11.601993+00:00,6.546092,,UNAVAILABLE_NO_RUNNER_START_TIMESTAMP,1,8,SOURCE_TIMING_SCOPE_INHERITED,False
E6-210202-B100-G2,210202,B100,1.0,G2,2,REUSE,E3-210202-B100,1.2333677001297474,SOURCE_REPORTED_PRB_RUNTIME_COPIED,True,False,False,2026-09-13T12:15:22.682809+00:00,2026-09-13T20:15:22.681812+08:00,2026-09-13T12:15:18.148085+00:00,4.534724,,UNAVAILABLE_NO_RUNNER_START_TIMESTAMP,4657,632,SOURCE_TIMING_SCOPE_INHERITED,False
E6-210202-B100-G4,210202,B100,1.0,G4,4,REUSE,E4-210202-G4,10.97530319984071,SOURCE_REPORTED_PRB_RUNTIME_COPIED,True,False,False,2026-09-13T12:15:27.058057+00:00,2026-09-13T20:15:27.057052+08:00,2026-09-13T12:15:22.682809+00:00,4.375248,,UNAVAILABLE_NO_RUNNER_START_TIMESTAMP,3469497,6352,SOURCE_TIMING_SCOPE_INHERITED,False
E6-210202-B120-G0,210202,B120,1.2,G0,0,NEW_SOLVE,,0.08602729998528957,PRB_BUILD_MASTER_THROUGH_EXACT_PRODUCT_RECERTIFICATION,True,False,False,2026-09-13T12:15:31.567111+00:00,2026-09-13T20:15:31.563114+08:00,2026-09-13T12:15:27.058057+00:00,4.509054,,UNAVAILABLE_NO_RUNNER_START_TIMESTAMP,1,8,CORE_PRB_AND_CERTIFICATION_ONLY|POST_EVALUATION_EXCLUDED_FROM_TIMER|RUNNER_WALLCLOCK_NOT_CAPTURED|MULTI_STAGE_TIMING_ACCOUNTING_GAP,False
E6-210202-B120-G2,210202,B120,1.2,G2,2,REUSE,E3-210202-B120,1.3830013999249786,SOURCE_REPORTED_PRB_RUNTIME_COPIED,True,False,False,2026-09-13T12:15:36.040164+00:00,2026-09-13T20:15:36.038160+08:00,2026-09-13T12:15:31.567111+00:00,4.473053,,UNAVAILABLE_NO_RUNNER_START_TIMESTAMP,4657,632,SOURCE_TIMING_SCOPE_INHERITED,False
E6-210202-B120-G4,210202,B120,1.2,G4,4,NEW_SOLVE,,12.22826230013743,PRB_BUILD_MASTER_THROUGH_EXACT_PRODUCT_RECERTIFICATION,True,False,False,2026-09-13T13:06:13.919964+00:00,2026-09-13T21:06:13.916966+08:00,2026-09-13T12:15:36.040164+00:00,3037.8798,,UNAVAILABLE_NO_RUNNER_START_TIMESTAMP,3469497,6352,CORE_PRB_AND_CERTIFICATION_ONLY|POST_EVALUATION_EXCLUDED_FROM_TIMER|RUNNER_WALLCLOCK_NOT_CAPTURED|MULTI_STAGE_TIMING_ACCOUNTING_GAP,True
E6-210628-B080-G0,210628,B080,0.8,G0,0,NEW_SOLVE,,0.05304729985073209,PRB_BUILD_MASTER_THROUGH_EXACT_PRODUCT_RECERTIFICATION,True,False,False,2026-09-13T13:06:18.354579+00:00,2026-09-13T21:06:18.353577+08:00,2026-09-13T13:06:13.919964+00:00,4.434615,,UNAVAILABLE_NO_RUNNER_START_TIMESTAMP,1,8,CORE_PRB_AND_CERTIFICATION_ONLY|POST_EVALUATION_EXCLUDED_FROM_TIMER|RUNNER_WALLCLOCK_NOT_CAPTURED|MULTI_STAGE_TIMING_ACCOUNTING_GAP,False
E6-210628-B080-G2,210628,B080,0.8,G2,2,REUSE,E3-210628-B080,1.2240196000784636,SOURCE_REPORTED_PRB_RUNTIME_COPIED,True,False,False,2026-09-13T13:06:22.751168+00:00,2026-09-13T21:06:22.748170+08:00,2026-09-13T13:06:18.354579+00:00,4.396589,,UNAVAILABLE_NO_RUNNER_START_TIMESTAMP,4657,632,SOURCE_TIMING_SCOPE_INHERITED,False
E6-210628-B080-G4,210628,B080,0.8,G4,4,NEW_SOLVE,,9.86773549998179,PRB_BUILD_MASTER_THROUGH_EXACT_PRODUCT_RECERTIFICATION,True,False,False,2026-09-13T13:59:07.871341+00:00,2026-09-13T21:59:07.867342+08:00,2026-09-13T13:06:22.751168+00:00,3165.120173,,UNAVAILABLE_NO_RUNNER_START_TIMESTAMP,3469497,6352,CORE_PRB_AND_CERTIFICATION_ONLY|POST_EVALUATION_EXCLUDED_FROM_TIMER|RUNNER_WALLCLOCK_NOT_CAPTURED|MULTI_STAGE_TIMING_ACCOUNTING_GAP,True
E6-210628-B100-G0,210628,B100,1.0,G0,0,REUSE,E4-210628-G0,0.08916809991933405,SOURCE_REPORTED_PRB_RUNTIME_COPIED,True,False,False,2026-09-13T13:59:11.991429+00:00,2026-09-13T21:59:11.990430+08:00,2026-09-13T13:59:07.871341+00:00,4.120088,,UNAVAILABLE_NO_RUNNER_START_TIMESTAMP,1,8,SOURCE_TIMING_SCOPE_INHERITED,False
E6-210628-B100-G2,210628,B100,1.0,G2,2,REUSE,E3-210628-B100,1.2426573000848293,SOURCE_REPORTED_PRB_RUNTIME_COPIED,True,False,False,2026-09-13T13:59:16.061352+00:00,2026-09-13T21:59:16.060349+08:00,2026-09-13T13:59:11.991429+00:00,4.069923,,UNAVAILABLE_NO_RUNNER_START_TIMESTAMP,4657,632,SOURCE_TIMING_SCOPE_INHERITED,False
E6-210628-B100-G4,210628,B100,1.0,G4,4,REUSE,E4-210628-G4,12.450714999809861,SOURCE_REPORTED_PRB_RUNTIME_COPIED,True,False,False,2026-09-13T13:59:20.236529+00:00,2026-09-13T21:59:20.233531+08:00,2026-09-13T13:59:16.061352+00:00,4.175177,,UNAVAILABLE_NO_RUNNER_START_TIMESTAMP,3469497,6352,SOURCE_TIMING_SCOPE_INHERITED,False
E6-210628-B120-G0,210628,B120,1.2,G0,0,NEW_SOLVE,,0.1053297002799809,PRB_BUILD_MASTER_THROUGH_EXACT_PRODUCT_RECERTIFICATION,True,False,False,2026-09-13T13:59:24.764823+00:00,2026-09-13T21:59:24.762830+08:00,2026-09-13T13:59:20.236529+00:00,4.528294,,UNAVAILABLE_NO_RUNNER_START_TIMESTAMP,1,8,CORE_PRB_AND_CERTIFICATION_ONLY|POST_EVALUATION_EXCLUDED_FROM_TIMER|RUNNER_WALLCLOCK_NOT_CAPTURED|MULTI_STAGE_TIMING_ACCOUNTING_GAP,False
E6-210628-B120-G2,210628,B120,1.2,G2,2,REUSE,E3-210628-B120,1.3807689999230206,SOURCE_REPORTED_PRB_RUNTIME_COPIED,True,False,False,2026-09-13T13:59:28.978140+00:00,2026-09-13T21:59:28.975139+08:00,2026-09-13T13:59:24.764823+00:00,4.213317,,UNAVAILABLE_NO_RUNNER_START_TIMESTAMP,4657,632,SOURCE_TIMING_SCOPE_INHERITED,False
E6-210628-B120-G4,210628,B120,1.2,G4,4,NEW_SOLVE,,11.84493330027908,PRB_BUILD_MASTER_THROUGH_EXACT_PRODUCT_RECERTIFICATION,True,False,False,2026-09-13T14:56:58.498320+00:00,2026-09-13T22:56:58.495332+08:00,2026-09-13T13:59:28.978140+00:00,3449.52018,,UNAVAILABLE_NO_RUNNER_START_TIMESTAMP,3469497,6352,CORE_PRB_AND_CERTIFICATION_ONLY|POST_EVALUATION_EXCLUDED_FROM_TIMER|RUNNER_WALLCLOCK_NOT_CAPTURED|MULTI_STAGE_TIMING_ACCOUNTING_GAP,True
E6-210129-B080-G0,210129,B080,0.8,G0,0,NEW_SOLVE,,0.061376099940389395,PRB_BUILD_MASTER_THROUGH_EXACT_PRODUCT_RECERTIFICATION,True,False,False,2026-09-13T14:57:03.087947+00:00,2026-09-13T22:57:03.084951+08:00,2026-09-13T14:56:58.498320+00:00,4.589627,,UNAVAILABLE_NO_RUNNER_START_TIMESTAMP,1,8,CORE_PRB_AND_CERTIFICATION_ONLY|POST_EVALUATION_EXCLUDED_FROM_TIMER|RUNNER_WALLCLOCK_NOT_CAPTURED|MULTI_STAGE_TIMING_ACCOUNTING_GAP,False
E6-210129-B080-G2,210129,B080,0.8,G2,2,REUSE,E3-210129-B080,1.0679373999591917,SOURCE_REPORTED_PRB_RUNTIME_COPIED,True,False,False,2026-09-13T14:57:07.579224+00:00,2026-09-13T22:57:07.576214+08:00,2026-09-13T14:57:03.087947+00:00,4.491277,,UNAVAILABLE_NO_RUNNER_START_TIMESTAMP,4657,632,SOURCE_TIMING_SCOPE_INHERITED,False
E6-210129-B080-G4,210129,B080,0.8,G4,4,NEW_SOLVE,,9.242235799785703,PRB_BUILD_MASTER_THROUGH_EXACT_PRODUCT_RECERTIFICATION,True,False,False,2026-09-13T15:47:05.317058+00:00,2026-09-13T23:47:05.316067+08:00,2026-09-13T14:57:07.579224+00:00,2997.737834,,UNAVAILABLE_NO_RUNNER_START_TIMESTAMP,3469497,6352,CORE_PRB_AND_CERTIFICATION_ONLY|POST_EVALUATION_EXCLUDED_FROM_TIMER|RUNNER_WALLCLOCK_NOT_CAPTURED|MULTI_STAGE_TIMING_ACCOUNTING_GAP,True
E6-210129-B100-G0,210129,B100,1.0,G0,0,REUSE,E4-210129-G0,0.08878529979847372,SOURCE_REPORTED_PRB_RUNTIME_COPIED,True,False,False,2026-09-13T15:47:09.415744+00:00,2026-09-13T23:47:09.412793+08:00,2026-09-13T15:47:05.317058+00:00,4.098686,,UNAVAILABLE_NO_RUNNER_START_TIMESTAMP,1,8,SOURCE_TIMING_SCOPE_INHERITED,False
E6-210129-B100-G2,210129,B100,1.0,G2,2,REUSE,E3-210129-B100,1.1686394000425935,SOURCE_REPORTED_PRB_RUNTIME_COPIED,True,False,False,2026-09-13T15:47:13.791455+00:00,2026-09-13T23:47:13.790456+08:00,2026-09-13T15:47:09.415744+00:00,4.375711,,UNAVAILABLE_NO_RUNNER_START_TIMESTAMP,4657,632,SOURCE_TIMING_SCOPE_INHERITED,False
E6-210129-B100-G4,210129,B100,1.0,G4,4,REUSE,E4-210129-G4,10.246090600034222,SOURCE_REPORTED_PRB_RUNTIME_COPIED,True,False,False,2026-09-13T15:47:18.274151+00:00,2026-09-13T23:47:18.271150+08:00,2026-09-13T15:47:13.791455+00:00,4.482696,,UNAVAILABLE_NO_RUNNER_START_TIMESTAMP,3469497,6352,SOURCE_TIMING_SCOPE_INHERITED,False
E6-210129-B120-G0,210129,B120,1.2,G0,0,NEW_SOLVE,,0.09716959996148944,PRB_BUILD_MASTER_THROUGH_EXACT_PRODUCT_RECERTIFICATION,True,False,False,2026-09-13T15:47:23.000271+00:00,2026-09-13T23:47:22.999267+08:00,2026-09-13T15:47:18.274151+00:00,4.72612,,UNAVAILABLE_NO_RUNNER_START_TIMESTAMP,1,8,CORE_PRB_AND_CERTIFICATION_ONLY|POST_EVALUATION_EXCLUDED_FROM_TIMER|RUNNER_WALLCLOCK_NOT_CAPTURED|MULTI_STAGE_TIMING_ACCOUNTING_GAP,False
E6-210129-B120-G2,210129,B120,1.2,G2,2,REUSE,E3-210129-B120,1.4792450999375433,SOURCE_REPORTED_PRB_RUNTIME_COPIED,True,False,False,2026-09-13T15:47:27.446656+00:00,2026-09-13T23:47:27.444654+08:00,2026-09-13T15:47:23.000271+00:00,4.446385,,UNAVAILABLE_NO_RUNNER_START_TIMESTAMP,4657,632,SOURCE_TIMING_SCOPE_INHERITED,False
E6-210129-B120-G4,210129,B120,1.2,G4,4,NEW_SOLVE,,13.776038399897516,PRB_BUILD_MASTER_THROUGH_EXACT_PRODUCT_RECERTIFICATION,True,False,False,2026-09-13T16:37:55.068808+00:00,2026-09-14T00:37:55.065811+08:00,2026-09-13T15:47:27.446656+00:00,3027.622152,,UNAVAILABLE_NO_RUNNER_START_TIMESTAMP,3469497,6352,CORE_PRB_AND_CERTIFICATION_ONLY|POST_EVALUATION_EXCLUDED_FROM_TIMER|RUNNER_WALLCLOCK_NOT_CAPTURED|MULTI_STAGE_TIMING_ACCOUNTING_GAP,True
E6-210310-B080-G0,210310,B080,0.8,G0,0,NEW_SOLVE,,0.1598507002927363,PRB_BUILD_MASTER_THROUGH_EXACT_PRODUCT_RECERTIFICATION,True,False,False,2026-09-13T16:37:59.242048+00:00,2026-09-14T00:37:59.238048+08:00,2026-09-13T16:37:55.068808+00:00,4.17324,,UNAVAILABLE_NO_RUNNER_START_TIMESTAMP,1,8,CORE_PRB_AND_CERTIFICATION_ONLY|POST_EVALUATION_EXCLUDED_FROM_TIMER|RUNNER_WALLCLOCK_NOT_CAPTURED|MULTI_STAGE_TIMING_ACCOUNTING_GAP,False
E6-210310-B080-G2,210310,B080,0.8,G2,2,REUSE,E3-210310-B080,2.0106341999489814,SOURCE_REPORTED_PRB_RUNTIME_COPIED,True,False,False,2026-09-13T16:38:03.612532+00:00,2026-09-14T00:38:03.609537+08:00,2026-09-13T16:37:59.242048+00:00,4.370484,,UNAVAILABLE_NO_RUNNER_START_TIMESTAMP,4657,632,SOURCE_TIMING_SCOPE_INHERITED,False
E6-210310-B080-G4,210310,B080,0.8,G4,4,NEW_SOLVE,,13.118573700077832,PRB_BUILD_MASTER_THROUGH_EXACT_PRODUCT_RECERTIFICATION,True,False,False,2026-09-13T17:30:48.250256+00:00,2026-09-14T01:30:48.246240+08:00,2026-09-13T16:38:03.612532+00:00,3164.637724,,UNAVAILABLE_NO_RUNNER_START_TIMESTAMP,3469497,6352,CORE_PRB_AND_CERTIFICATION_ONLY|POST_EVALUATION_EXCLUDED_FROM_TIMER|RUNNER_WALLCLOCK_NOT_CAPTURED|MULTI_STAGE_TIMING_ACCOUNTING_GAP,True
E6-210310-B100-G0,210310,B100,1.0,G0,0,REUSE,E4-210310-G0,0.10715649998746812,SOURCE_REPORTED_PRB_RUNTIME_COPIED,True,False,False,2026-09-13T17:30:52.587091+00:00,2026-09-14T01:30:52.585134+08:00,2026-09-13T17:30:48.250256+00:00,4.336835,,UNAVAILABLE_NO_RUNNER_START_TIMESTAMP,1,8,SOURCE_TIMING_SCOPE_INHERITED,False
E6-210310-B100-G2,210310,B100,1.0,G2,2,REUSE,E3-210310-B100,1.3473797999322414,SOURCE_REPORTED_PRB_RUNTIME_COPIED,True,False,False,2026-09-13T17:30:56.939737+00:00,2026-09-14T01:30:56.938743+08:00,2026-09-13T17:30:52.587091+00:00,4.352646,,UNAVAILABLE_NO_RUNNER_START_TIMESTAMP,4657,632,SOURCE_TIMING_SCOPE_INHERITED,False
E6-210310-B100-G4,210310,B100,1.0,G4,4,REUSE,E4-210310-G4,15.278107000049204,SOURCE_REPORTED_PRB_RUNTIME_COPIED,True,False,False,2026-09-13T17:31:01.410786+00:00,2026-09-14T01:31:01.407844+08:00,2026-09-13T17:30:56.939737+00:00,4.471049,,UNAVAILABLE_NO_RUNNER_START_TIMESTAMP,3469497,6352,SOURCE_TIMING_SCOPE_INHERITED,False
E6-210310-B120-G0,210310,B120,1.2,G0,0,NEW_SOLVE,,0.07757999980822206,PRB_BUILD_MASTER_THROUGH_EXACT_PRODUCT_RECERTIFICATION,True,False,False,2026-09-13T17:31:05.867610+00:00,2026-09-14T01:31:05.866606+08:00,2026-09-13T17:31:01.410786+00:00,4.456824,,UNAVAILABLE_NO_RUNNER_START_TIMESTAMP,1,8,CORE_PRB_AND_CERTIFICATION_ONLY|POST_EVALUATION_EXCLUDED_FROM_TIMER|RUNNER_WALLCLOCK_NOT_CAPTURED|MULTI_STAGE_TIMING_ACCOUNTING_GAP,False
E6-210310-B120-G2,210310,B120,1.2,G2,2,REUSE,E3-210310-B120,1.252697299933061,SOURCE_REPORTED_PRB_RUNTIME_COPIED,True,False,False,2026-09-13T17:31:10.130830+00:00,2026-09-14T01:31:10.129828+08:00,2026-09-13T17:31:05.867610+00:00,4.26322,,UNAVAILABLE_NO_RUNNER_START_TIMESTAMP,4657,632,SOURCE_TIMING_SCOPE_INHERITED,False
E6-210310-B120-G4,210310,B120,1.2,G4,4,NEW_SOLVE,,12.120294900145382,PRB_BUILD_MASTER_THROUGH_EXACT_PRODUCT_RECERTIFICATION,True,False,False,2026-09-13T18:24:25.856720+00:00,2026-09-14T02:24:25.855719+08:00,2026-09-13T17:31:10.130830+00:00,3195.72589,,UNAVAILABLE_NO_RUNNER_START_TIMESTAMP,3469497,6352,CORE_PRB_AND_CERTIFICATION_ONLY|POST_EVALUATION_EXCLUDED_FROM_TIMER|RUNNER_WALLCLOCK_NOT_CAPTURED|MULTI_STAGE_TIMING_ACCOUNTING_GAP,True
E6-210330-B080-G0,210330,B080,0.8,G0,0,NEW_SOLVE,,0.04147860035300255,PRB_BUILD_MASTER_THROUGH_EXACT_PRODUCT_RECERTIFICATION,True,False,False,2026-09-13T18:24:30.497702+00:00,2026-09-14T02:24:30.493700+08:00,2026-09-13T18:24:25.856720+00:00,4.640982,,UNAVAILABLE_NO_RUNNER_START_TIMESTAMP,1,8,CORE_PRB_AND_CERTIFICATION_ONLY|POST_EVALUATION_EXCLUDED_FROM_TIMER|RUNNER_WALLCLOCK_NOT_CAPTURED|MULTI_STAGE_TIMING_ACCOUNTING_GAP,False
E6-210330-B080-G2,210330,B080,0.8,G2,2,REUSE,E3-210330-B080,0.8741103000938892,SOURCE_REPORTED_PRB_RUNTIME_COPIED,True,False,False,2026-09-13T18:24:35.139249+00:00,2026-09-14T02:24:35.136246+08:00,2026-09-13T18:24:30.497702+00:00,4.641547,,UNAVAILABLE_NO_RUNNER_START_TIMESTAMP,4657,632,SOURCE_TIMING_SCOPE_INHERITED,False
E6-210330-B080-G4,210330,B080,0.8,G4,4,NEW_SOLVE,,7.278121399693191,PRB_BUILD_MASTER_THROUGH_EXACT_PRODUCT_RECERTIFICATION,True,False,False,2026-09-13T19:03:08.166580+00:00,2026-09-14T03:03:08.162579+08:00,2026-09-13T18:24:35.139249+00:00,2313.027331,,UNAVAILABLE_NO_RUNNER_START_TIMESTAMP,3469497,6352,CORE_PRB_AND_CERTIFICATION_ONLY|POST_EVALUATION_EXCLUDED_FROM_TIMER|RUNNER_WALLCLOCK_NOT_CAPTURED|MULTI_STAGE_TIMING_ACCOUNTING_GAP,True
E6-210330-B100-G0,210330,B100,1.0,G0,0,REUSE,E4-210330-G0,0.08869959996081889,SOURCE_REPORTED_PRB_RUNTIME_COPIED,True,False,False,2026-09-13T19:03:12.589195+00:00,2026-09-14T03:03:12.588193+08:00,2026-09-13T19:03:08.166580+00:00,4.422615,,UNAVAILABLE_NO_RUNNER_START_TIMESTAMP,1,8,SOURCE_TIMING_SCOPE_INHERITED,False
E6-210330-B100-G2,210330,B100,1.0,G2,2,REUSE,E3-210330-B100,0.9831330000888556,SOURCE_REPORTED_PRB_RUNTIME_COPIED,True,False,False,2026-09-13T19:03:17.224842+00:00,2026-09-14T03:03:17.222844+08:00,2026-09-13T19:03:12.589195+00:00,4.635647,,UNAVAILABLE_NO_RUNNER_START_TIMESTAMP,4657,632,SOURCE_TIMING_SCOPE_INHERITED,False
E6-210330-B100-G4,210330,B100,1.0,G4,4,REUSE,E4-210330-G4,9.079976900015026,SOURCE_REPORTED_PRB_RUNTIME_COPIED,True,False,False,2026-09-13T19:03:21.538101+00:00,2026-09-14T03:03:21.536156+08:00,2026-09-13T19:03:17.224842+00:00,4.313259,,UNAVAILABLE_NO_RUNNER_START_TIMESTAMP,3469497,6352,SOURCE_TIMING_SCOPE_INHERITED,False
E6-210330-B120-G0,210330,B120,1.2,G0,0,NEW_SOLVE,,0.08374070003628731,PRB_BUILD_MASTER_THROUGH_EXACT_PRODUCT_RECERTIFICATION,True,False,False,2026-09-13T19:03:25.562510+00:00,2026-09-14T03:03:25.559510+08:00,2026-09-13T19:03:21.538101+00:00,4.024409,,UNAVAILABLE_NO_RUNNER_START_TIMESTAMP,1,8,CORE_PRB_AND_CERTIFICATION_ONLY|POST_EVALUATION_EXCLUDED_FROM_TIMER|RUNNER_WALLCLOCK_NOT_CAPTURED|MULTI_STAGE_TIMING_ACCOUNTING_GAP,False
E6-210330-B120-G2,210330,B120,1.2,G2,2,REUSE,E3-210330-B120,1.0716995000839233,SOURCE_REPORTED_PRB_RUNTIME_COPIED,True,False,False,2026-09-13T19:03:29.993909+00:00,2026-09-14T03:03:29.991900+08:00,2026-09-13T19:03:25.562510+00:00,4.431399,,UNAVAILABLE_NO_RUNNER_START_TIMESTAMP,4657,632,SOURCE_TIMING_SCOPE_INHERITED,False
E6-210330-B120-G4,210330,B120,1.2,G4,4,NEW_SOLVE,,9.008636799640954,PRB_BUILD_MASTER_THROUGH_EXACT_PRODUCT_RECERTIFICATION,True,False,False,2026-09-13T19:41:52.062084+00:00,2026-09-14T03:41:52.061083+08:00,2026-09-13T19:03:29.993909+00:00,2302.068175,,UNAVAILABLE_NO_RUNNER_START_TIMESTAMP,3469497,6352,CORE_PRB_AND_CERTIFICATION_ONLY|POST_EVALUATION_EXCLUDED_FROM_TIMER|RUNNER_WALLCLOCK_NOT_CAPTURED|MULTI_STAGE_TIMING_ACCOUNTING_GAP,True
E6-210323-B080-G0,210323,B080,0.8,G0,0,NEW_SOLVE,,0.058274699840694666,PRB_BUILD_MASTER_THROUGH_EXACT_PRODUCT_RECERTIFICATION,True,False,False,2026-09-13T19:41:56.084214+00:00,2026-09-14T03:41:56.082214+08:00,2026-09-13T19:41:52.062084+00:00,4.02213,,UNAVAILABLE_NO_RUNNER_START_TIMESTAMP,1,8,CORE_PRB_AND_CERTIFICATION_ONLY|POST_EVALUATION_EXCLUDED_FROM_TIMER|RUNNER_WALLCLOCK_NOT_CAPTURED|MULTI_STAGE_TIMING_ACCOUNTING_GAP,False
E6-210323-B080-G2,210323,B080,0.8,G2,2,REUSE,E3-210323-B080,0.9045131001621485,SOURCE_REPORTED_PRB_RUNTIME_COPIED,True,False,False,2026-09-13T19:42:00.235534+00:00,2026-09-14T03:42:00.233541+08:00,2026-09-13T19:41:56.084214+00:00,4.15132,,UNAVAILABLE_NO_RUNNER_START_TIMESTAMP,4657,632,SOURCE_TIMING_SCOPE_INHERITED,False
E6-210323-B080-G4,210323,B080,0.8,G4,4,NEW_SOLVE,,8.288460599724203,PRB_BUILD_MASTER_THROUGH_EXACT_PRODUCT_RECERTIFICATION,True,False,False,2026-09-13T20:26:22.820992+00:00,2026-09-14T04:26:22.819067+08:00,2026-09-13T19:42:00.235534+00:00,2662.585458,,UNAVAILABLE_NO_RUNNER_START_TIMESTAMP,3469497,6352,CORE_PRB_AND_CERTIFICATION_ONLY|POST_EVALUATION_EXCLUDED_FROM_TIMER|RUNNER_WALLCLOCK_NOT_CAPTURED|MULTI_STAGE_TIMING_ACCOUNTING_GAP,True
E6-210323-B100-G0,210323,B100,1.0,G0,0,REUSE,E4-210323-G0,0.07482429989613593,SOURCE_REPORTED_PRB_RUNTIME_COPIED,True,False,False,2026-09-13T20:26:27.164019+00:00,2026-09-14T04:26:27.161020+08:00,2026-09-13T20:26:22.820992+00:00,4.343027,,UNAVAILABLE_NO_RUNNER_START_TIMESTAMP,1,8,SOURCE_TIMING_SCOPE_INHERITED,False
E6-210323-B100-G2,210323,B100,1.0,G2,2,REUSE,E3-210323-B100,1.014445299981162,SOURCE_REPORTED_PRB_RUNTIME_COPIED,True,False,False,2026-09-13T20:26:31.679613+00:00,2026-09-14T04:26:31.676582+08:00,2026-09-13T20:26:27.164019+00:00,4.515594,,UNAVAILABLE_NO_RUNNER_START_TIMESTAMP,4657,632,SOURCE_TIMING_SCOPE_INHERITED,False
E6-210323-B100-G4,210323,B100,1.0,G4,4,REUSE,E4-210323-G4,9.37629899987951,SOURCE_REPORTED_PRB_RUNTIME_COPIED,True,False,False,2026-09-13T20:26:36.056487+00:00,2026-09-14T04:26:36.055479+08:00,2026-09-13T20:26:31.679613+00:00,4.376874,,UNAVAILABLE_NO_RUNNER_START_TIMESTAMP,3469497,6352,SOURCE_TIMING_SCOPE_INHERITED,False
E6-210323-B120-G0,210323,B120,1.2,G0,0,NEW_SOLVE,,0.10584339965134859,PRB_BUILD_MASTER_THROUGH_EXACT_PRODUCT_RECERTIFICATION,True,False,False,2026-09-13T20:26:40.671483+00:00,2026-09-14T04:26:40.670483+08:00,2026-09-13T20:26:36.056487+00:00,4.614996,,UNAVAILABLE_NO_RUNNER_START_TIMESTAMP,1,8,CORE_PRB_AND_CERTIFICATION_ONLY|POST_EVALUATION_EXCLUDED_FROM_TIMER|RUNNER_WALLCLOCK_NOT_CAPTURED|MULTI_STAGE_TIMING_ACCOUNTING_GAP,False
E6-210323-B120-G2,210323,B120,1.2,G2,2,REUSE,E3-210323-B120,1.2807884998619556,SOURCE_REPORTED_PRB_RUNTIME_COPIED,True,False,False,2026-09-13T20:26:45.123634+00:00,2026-09-14T04:26:45.121668+08:00,2026-09-13T20:26:40.671483+00:00,4.452151,,UNAVAILABLE_NO_RUNNER_START_TIMESTAMP,4657,632,SOURCE_TIMING_SCOPE_INHERITED,False
E6-210323-B120-G4,210323,B120,1.2,G4,4,NEW_SOLVE,,11.236756199970841,PRB_BUILD_MASTER_THROUGH_EXACT_PRODUCT_RECERTIFICATION,True,False,False,2026-09-13T21:11:15.066280+00:00,2026-09-14T05:11:15.064313+08:00,2026-09-13T20:26:45.123634+00:00,2669.942646,,UNAVAILABLE_NO_RUNNER_START_TIMESTAMP,3469497,6352,CORE_PRB_AND_CERTIFICATION_ONLY|POST_EVALUATION_EXCLUDED_FROM_TIMER|RUNNER_WALLCLOCK_NOT_CAPTURED|MULTI_STAGE_TIMING_ACCOUNTING_GAP,True
E6-210428-B080-G0,210428,B080,0.8,G0,0,NEW_SOLVE,,0.07076210016384721,PRB_BUILD_MASTER_THROUGH_EXACT_PRODUCT_RECERTIFICATION,True,False,False,2026-09-13T21:11:19.504118+00:00,2026-09-14T05:11:19.499666+08:00,2026-09-13T21:11:15.066280+00:00,4.437838,,UNAVAILABLE_NO_RUNNER_START_TIMESTAMP,1,8,CORE_PRB_AND_CERTIFICATION_ONLY|POST_EVALUATION_EXCLUDED_FROM_TIMER|RUNNER_WALLCLOCK_NOT_CAPTURED|MULTI_STAGE_TIMING_ACCOUNTING_GAP,False
E6-210428-B080-G2,210428,B080,0.8,G2,2,REUSE,E3-210428-B080,1.2716123999562114,SOURCE_REPORTED_PRB_RUNTIME_COPIED,True,False,False,2026-09-13T21:11:23.811575+00:00,2026-09-14T05:11:23.810576+08:00,2026-09-13T21:11:19.504118+00:00,4.307457,,UNAVAILABLE_NO_RUNNER_START_TIMESTAMP,4657,632,SOURCE_TIMING_SCOPE_INHERITED,False
E6-210428-B080-G4,210428,B080,0.8,G4,4,NEW_SOLVE,,10.827534400392324,PRB_BUILD_MASTER_THROUGH_EXACT_PRODUCT_RECERTIFICATION,True,False,False,2026-09-13T22:10:18.850557+00:00,2026-09-14T06:10:18.848619+08:00,2026-09-13T21:11:23.811575+00:00,3535.038982,,UNAVAILABLE_NO_RUNNER_START_TIMESTAMP,3469497,6352,CORE_PRB_AND_CERTIFICATION_ONLY|POST_EVALUATION_EXCLUDED_FROM_TIMER|RUNNER_WALLCLOCK_NOT_CAPTURED|MULTI_STAGE_TIMING_ACCOUNTING_GAP,True
E6-210428-B100-G0,210428,B100,1.0,G0,0,REUSE,E4-210428-G0,0.09894040017388761,SOURCE_REPORTED_PRB_RUNTIME_COPIED,True,False,False,2026-09-13T22:10:25.497086+00:00,2026-09-14T06:10:25.495079+08:00,2026-09-13T22:10:18.850557+00:00,6.646529,,UNAVAILABLE_NO_RUNNER_START_TIMESTAMP,1,8,SOURCE_TIMING_SCOPE_INHERITED,False
E6-210428-B100-G2,210428,B100,1.0,G2,2,REUSE,E3-210428-B100,1.4929630998522043,SOURCE_REPORTED_PRB_RUNTIME_COPIED,True,False,False,2026-09-13T22:10:30.150564+00:00,2026-09-14T06:10:30.147560+08:00,2026-09-13T22:10:25.497086+00:00,4.653478,,UNAVAILABLE_NO_RUNNER_START_TIMESTAMP,4657,632,SOURCE_TIMING_SCOPE_INHERITED,False
E6-210428-B100-G4,210428,B100,1.0,G4,4,REUSE,E4-210428-G4,15.068174100015312,SOURCE_REPORTED_PRB_RUNTIME_COPIED,True,False,False,2026-09-13T22:10:34.765429+00:00,2026-09-14T06:10:34.764430+08:00,2026-09-13T22:10:30.150564+00:00,4.614865,,UNAVAILABLE_NO_RUNNER_START_TIMESTAMP,3469497,6352,SOURCE_TIMING_SCOPE_INHERITED,False
E6-210428-B120-G0,210428,B120,1.2,G0,0,NEW_SOLVE,,0.13313789991661906,PRB_BUILD_MASTER_THROUGH_EXACT_PRODUCT_RECERTIFICATION,True,False,False,2026-09-13T22:10:39.530290+00:00,2026-09-14T06:10:39.525288+08:00,2026-09-13T22:10:34.765429+00:00,4.764861,,UNAVAILABLE_NO_RUNNER_START_TIMESTAMP,1,8,CORE_PRB_AND_CERTIFICATION_ONLY|POST_EVALUATION_EXCLUDED_FROM_TIMER|RUNNER_WALLCLOCK_NOT_CAPTURED|MULTI_STAGE_TIMING_ACCOUNTING_GAP,False
E6-210428-B120-G2,210428,B120,1.2,G2,2,REUSE,E3-210428-B120,1.564868199871853,SOURCE_REPORTED_PRB_RUNTIME_COPIED,True,False,False,2026-09-13T22:10:44.119309+00:00,2026-09-14T06:10:44.116766+08:00,2026-09-13T22:10:39.530290+00:00,4.589019,,UNAVAILABLE_NO_RUNNER_START_TIMESTAMP,4657,632,SOURCE_TIMING_SCOPE_INHERITED,False
E6-210428-B120-G4,210428,B120,1.2,G4,4,NEW_SOLVE,,30.989847800000007,PRB_BUILD_MASTER_THROUGH_EXACT_PRODUCT_RECERTIFICATION,True,False,False,2026-09-14T02:52:25.161862+00:00,2026-09-14T10:52:25.159861+08:00,2026-09-13T22:10:44.119309+00:00,16901.042553,,UNAVAILABLE_NO_RUNNER_START_TIMESTAMP,3469497,6352,CORE_PRB_AND_CERTIFICATION_ONLY|POST_EVALUATION_EXCLUDED_FROM_TIMER|RUNNER_WALLCLOCK_NOT_CAPTURED|MULTI_STAGE_TIMING_ACCOUNTING_GAP,True
E6-210611-B080-G0,210611,B080,0.8,G0,0,NEW_SOLVE,,0.06259959999988496,PRB_BUILD_MASTER_THROUGH_EXACT_PRODUCT_RECERTIFICATION,True,False,False,2026-09-14T02:52:30.007788+00:00,2026-09-14T10:52:30.004787+08:00,2026-09-14T02:52:25.161862+00:00,4.845926,,UNAVAILABLE_NO_RUNNER_START_TIMESTAMP,1,8,CORE_PRB_AND_CERTIFICATION_ONLY|POST_EVALUATION_EXCLUDED_FROM_TIMER|RUNNER_WALLCLOCK_NOT_CAPTURED|MULTI_STAGE_TIMING_ACCOUNTING_GAP,False
E6-210611-B080-G2,210611,B080,0.8,G2,2,REUSE,E3-210611-B080,1.2697533001191914,SOURCE_REPORTED_PRB_RUNTIME_COPIED,True,False,False,2026-09-14T02:52:34.800821+00:00,2026-09-14T10:52:34.798820+08:00,2026-09-14T02:52:30.007788+00:00,4.793033,,UNAVAILABLE_NO_RUNNER_START_TIMESTAMP,4657,632,SOURCE_TIMING_SCOPE_INHERITED,False
E6-210611-B080-G4,210611,B080,0.8,G4,4,NEW_SOLVE,,12.638462600000821,PRB_BUILD_MASTER_THROUGH_EXACT_PRODUCT_RECERTIFICATION,True,False,False,2026-09-14T03:51:10.684614+00:00,2026-09-14T11:51:10.682614+08:00,2026-09-14T02:52:34.800821+00:00,3515.883793,,UNAVAILABLE_NO_RUNNER_START_TIMESTAMP,3469497,6352,CORE_PRB_AND_CERTIFICATION_ONLY|POST_EVALUATION_EXCLUDED_FROM_TIMER|RUNNER_WALLCLOCK_NOT_CAPTURED|MULTI_STAGE_TIMING_ACCOUNTING_GAP,True
E6-210611-B100-G0,210611,B100,1.0,G0,0,REUSE,E4-210611-G0,0.11170370015315711,SOURCE_REPORTED_PRB_RUNTIME_COPIED,True,False,False,2026-09-14T03:51:17.868689+00:00,2026-09-14T11:51:17.866687+08:00,2026-09-14T03:51:10.684614+00:00,7.184075,,UNAVAILABLE_NO_RUNNER_START_TIMESTAMP,1,8,SOURCE_TIMING_SCOPE_INHERITED,False
E6-210611-B100-G2,210611,B100,1.0,G2,2,REUSE,E3-210611-B100,1.7427417999133468,SOURCE_REPORTED_PRB_RUNTIME_COPIED,True,False,False,2026-09-14T03:51:22.422238+00:00,2026-09-14T11:51:22.420235+08:00,2026-09-14T03:51:17.868689+00:00,4.553549,,UNAVAILABLE_NO_RUNNER_START_TIMESTAMP,4657,632,SOURCE_TIMING_SCOPE_INHERITED,False
E6-210611-B100-G4,210611,B100,1.0,G4,4,REUSE,E4-210611-G4,14.241052800090984,SOURCE_REPORTED_PRB_RUNTIME_COPIED,True,False,False,2026-09-14T03:51:26.998734+00:00,2026-09-14T11:51:26.996735+08:00,2026-09-14T03:51:22.422238+00:00,4.576496,,UNAVAILABLE_NO_RUNNER_START_TIMESTAMP,3469497,6352,SOURCE_TIMING_SCOPE_INHERITED,False
E6-210611-B120-G0,210611,B120,1.2,G0,0,NEW_SOLVE,,0.09674939999968046,PRB_BUILD_MASTER_THROUGH_EXACT_PRODUCT_RECERTIFICATION,True,False,False,2026-09-14T03:51:31.628450+00:00,2026-09-14T11:51:31.626451+08:00,2026-09-14T03:51:26.998734+00:00,4.629716,,UNAVAILABLE_NO_RUNNER_START_TIMESTAMP,1,8,CORE_PRB_AND_CERTIFICATION_ONLY|POST_EVALUATION_EXCLUDED_FROM_TIMER|RUNNER_WALLCLOCK_NOT_CAPTURED|MULTI_STAGE_TIMING_ACCOUNTING_GAP,False
E6-210611-B120-G2,210611,B120,1.2,G2,2,REUSE,E3-210611-B120,1.5119634000584483,SOURCE_REPORTED_PRB_RUNTIME_COPIED,True,False,False,2026-09-14T03:51:35.988292+00:00,2026-09-14T11:51:35.985293+08:00,2026-09-14T03:51:31.628450+00:00,4.359842,,UNAVAILABLE_NO_RUNNER_START_TIMESTAMP,4657,632,SOURCE_TIMING_SCOPE_INHERITED,False
E6-210611-B120-G4,210611,B120,1.2,G4,4,NEW_SOLVE,,15.288333399999829,PRB_BUILD_MASTER_THROUGH_EXACT_PRODUCT_RECERTIFICATION,True,False,False,2026-09-14T04:53:29.753466+00:00,2026-09-14T12:53:29.748535+08:00,2026-09-14T03:51:35.988292+00:00,3713.765174,,UNAVAILABLE_NO_RUNNER_START_TIMESTAMP,3469497,6352,CORE_PRB_AND_CERTIFICATION_ONLY|POST_EVALUATION_EXCLUDED_FROM_TIMER|RUNNER_WALLCLOCK_NOT_CAPTURED|MULTI_STAGE_TIMING_ACCOUNTING_GAP,True
