run_id,case,Gamma,lambda_R,material_reconfiguration,canonical_total_adjustment,RI,changed_pair_count,top_adjustment_share,active_depots,active_depot_ids,positive_inventory_depot_ids,opened_depots,closed_depots,network_change,inventory_cost,reconfiguration_cost,robust_recourse_cost
E7-210202-G0-L0025,210202,0,0.0025,False,3.586692276513759e-08,4.3983437894540443e-11,0,0.5188558230513589,2,90016100|9624708,90016100|9624708,,,False,105389.99999900062,5.598603002641419e-09,928163.0828248442
E7-210202-G0-L0500,210202,0,0.05,False,3.0885924928725217e-09,3.787526378589822e-12,0,0.7174938158637115,2,90016100|9624708,90016100|9624708,,,False,105389.99999899956,6.648138040077356e-09,928163.0828248976
E7-210202-G0-L2000,210202,0,0.2,False,0.0,0.0,0,0.0,2,90016100|9624708,90016100|9624708,,,False,105389.99999900619,0.0,928163.0828249606
E7-210202-G2-L0025,210202,2,0.0025,True,104.62388729045594,0.1282997785747599,3,0.7282633314077828,2,90016100|9624708,90016100|9624708,,,False,105367.1988794151,22.801119591109604,951723.3657656652
E7-210202-G2-L0500,210202,2,0.05,True,112.22426048749267,0.13762008031004352,3,0.7466666613441874,2,90016100|9624708,90016100|9624708,,,False,104911.1764875929,478.8235114133023,952269.8382506805
E7-210202-G2-L2000,210202,2,0.2,True,58.9999999763872,0.07235142116127283,3,0.7999999898758199,2,90016100|9624708,90016100|9624708,,,False,104445.99999938402,943.9999996221973,954303.9031682627
E7-210202-G4-L0025,210202,4,0.0025,True,118.0117835013823,0.14471729243251932,3,0.7282633320554573,2,90016100|9624708,90016100|9624708,,,False,105364.28119942361,25.718799582594126,969827.6288118176
E7-210202-G4-L0500,210202,4,0.05,True,126.5847166955808,0.15523023989640325,3,0.7466666619479987,2,90016100|9624708,90016100|9624708,,,False,104849.90520777169,540.0947912344781,970444.0290838898
E7-210202-G4-L2000,210202,4,0.2,True,58.9999999763872,0.07235142116127283,3,0.7999999898758199,2,90016100|9624708,90016100|9624708,,,False,104445.99999938402,943.9999996221973,972723.1268111198
E7-210628-G0-L0025,210628,0,0.0025,False,1.9008062679404247e-08,3.136405133423101e-11,0,0.551295311995939,2,90016100|9624708,90016100|9624708,,,False,75498.92307531871,1.3255695982810474e-09,547992.4372277602
E7-210628-G0-L0500,210628,0,0.05,False,4.0940516754517375e-08,6.755346353786714e-11,0,0.46177153909614865,2,90016100|9624708,90016100|9624708,,,False,75498.92307532004,0.0,547992.4372277588
E7-210628-G0-L2000,210628,0,0.2,False,1.8986618499639007e-08,3.132866759385088e-11,0,0.5824404435564301,2,90016100|9624708,90016100|9624708,,,False,75498.92307532002,0.0,547992.4372277593
E7-210628-G2-L0025,210628,2,0.0025,False,1.7784351769023488e-08,2.9344880182558256e-11,0,0.5880112268645684,2,90016100|9624708,90016100|9624708,,,False,75498.92307532002,3.1372477948821142e-09,599292.0062277593
E7-210628-G2-L0500,210628,2,0.05,False,1.83114039487009e-08,3.02145370170305e-11,0,0.5998693881225454,2,90016100|9624708,90016100|9624708,,,False,75498.9230752884,3.295336289224188e-08,599292.0062277921
E7-210628-G2-L2000,210628,2,0.2,False,1.8986305860835273e-08,3.1328151727523265e-11,0,0.5824395556279085,2,90016100|9624708,90016100|9624708,,,False,75498.92307532001,2.6540121211837686e-07,599292.0062277593
E7-210628-G4-L0025,210628,4,0.0025,False,1.9016603403088084e-08,3.1378143864362536e-11,0,0.5830958518489181,2,90016100|9624708,90016100|9624708,,,False,75498.92307531823,1.8193424273103525e-09,631019.8562277613
E7-210628-G4-L0500,210628,4,0.05,False,1.951304540170895e-08,3.21972926956679e-11,0,0.5937112762756912,2,90016100|9624708,90016100|9624708,,,False,75498.9230752884,3.4755334797266284e-08,631019.8562277922
E7-210628-G4-L2000,210628,4,0.2,False,1.8986305860835273e-08,3.1328151727523265e-11,0,0.5824395556279085,2,90016100|9624708,90016100|9624708,,,False,75498.92307532001,0.0,631019.8562277594
E7-210129-G0-L0025,210129,0,0.0025,False,3.4116904856773544e-08,5.025459880890133e-11,0,0.5201227109497967,2,90016100|9624708,90016100|9624708,,,False,89450.99999905335,4.986441512665666e-09,736374.194832036
E7-210129-G0-L0500,210129,0,0.05,False,3.093203471138395e-09,4.556324793498921e-12,0,0.7174555204209453,2,90016100|9624708,90016100|9624708,,,False,89450.99999905168,6.657707718460415e-09,736374.1948320869
E7-210129-G0-L2000,210129,0,0.2,False,5.684341886080802e-14,8.373101902909243e-17,0,1.0,2,90016100|9624708,90016100|9624708,,,False,89450.99999905836,0.0,736374.1948321507
E7-210129-G2-L0025,210129,2,0.0025,True,54.21136895324159,0.07985397881383693,3,0.728263327562863,2,90016100|9624708,90016100|9624708,,,False,89439.18548959293,11.81450946540563,760669.4571595881
E7-210129-G2-L0500,210129,2,0.05,True,58.14953877504357,0.08565494889792966,3,0.7466666577596643,2,90016100|9624708,90016100|9624708,,,False,89202.89530028481,248.10469877351852,760949.1358334916
E7-210129-G2-L2000,210129,2,0.2,True,31.109374977469127,0.04582447221550904,3,0.7999999833505965,2,90016100|9624708,90016100|9624708,,,False,88953.24999941885,497.7499996395054,762009.5887995571
E7-210129-G4-L0025,210129,4,0.0025,True,106.60416011611306,0.15702917132975203,4,0.7139299329019232,2,90016100|9624708,90016100|9624708,,,False,89427.76731036106,23.23268869726865,781127.7677337414
E7-210129-G4-L0500,210129,4,0.05,True,114.34838968186945,0.1684365118122768,4,0.7333039903561849,2,90016100|9624708,90016100|9624708,,,False,88963.11353641568,487.8864626426422,781707.3128649216
E7-210129-G4-L2000,210129,4,0.2,True,31.109374977469127,0.04582447221550904,3,0.7999999833505965,2,90016100|9624708,90016100|9624708,,,False,88953.24999941885,497.7499996395054,783670.542237057
E7-210310-G0-L0025,210310,0,0.0025,False,7.816544211891596e-08,1.4033125058763788e-10,0,0.48190223845375724,4,90018300|90018400|90019100|91017500,90018300|90018400|90019100|91017500,,,False,74874.39999988716,3.034650717381737e-08,567937.7793743699
E7-210310-G0-L0500,210310,0,0.05,False,1.9437003118127905e-09,3.4895458674603015e-12,0,0.7272853557739585,4,90018300|90018400|90019100|91017500,90018300|90018400|90019100|91017500,,,False,74874.3999999175,0.0,567937.7793744502
E7-210310-G0-L2000,210310,0,0.2,False,6.342420277860583e-08,1.1386614662660247e-10,0,0.4998131896090179,4,90018300|90018400|90019100|91017500,90018300|90018400|90019100|91017500,,,False,74874.39999991693,-1.0131108752803256e-06,567937.7793743052
E7-210310-G2-L0025,210310,2,0.0025,False,7.658209000283023e-08,1.3748864167316565e-10,0,0.48402728120162875,4,90018300|90018400|90019100|91017500,90018300|90018400|90019100|91017500,,,False,74874.39999988735,3.015374367976165e-08,638420.455707703
E7-210310-G2-L0500,210310,2,0.05,False,1.9437003118127905e-09,3.4895458674603015e-12,0,0.7272853557739585,4,90018300|90018400|90019100|91017500,90018300|90018400|90019100|91017500,,,False,74874.3999999175,0.0,638420.4557077837
E7-210310-G2-L2000,210310,2,0.2,False,6.342416014604169e-08,1.1386607008790608e-10,0,0.49981352557433173,4,90018300|90018400|90019100|91017500,90018300|90018400|90019100|91017500,,,False,74874.39999991693,-1.013109511038273e-06,638420.4557076385
E7-210310-G4-L0025,210310,4,0.0025,True,443.6242197798312,0.796443285742042,7,0.2386893750548532,2,90018400|90019100,90018400|90019100,,90018300|91017500,True,75209.39210336332,154.07989655418214,672262.3303077167
E7-210310-G4-L0500,210310,4,0.05,True,146.6383724244373,0.2632614315051285,4,0.38421492619659287,4,90018300|90018400|90019100|91017500,90018300|90018400|90019100|91017500,,,False,74248.74294473582,625.6570551816772,673329.2538777936
E7-210310-G4-L2000,210310,4,0.2,True,6.333333343947547,0.011370300793443163,2,0.7999999986605204,4,90018300|90018400|90019100|91017500,90018300|90018400|90019100|91017500,,,False,74773.0666682741,101.33333164342191,675583.5027330171
E7-210330-G0-L0025,210330,0,0.0025,False,1.90156708157474e-08,3.80009408793866e-11,0,0.5639600888231161,2,90016100|9624708,90016100|9624708,,,False,64037.57142795552,2.6373814630966864e-09,522702.1150428213
E7-210330-G0-L0500,210330,0,0.05,False,5.2548614348779665e-09,1.050132181247047e-11,0,0.7272742023592534,2,90016100|9624708,90016100|9624708,,,False,64037.57142795815,0.0,522702.1150428376
E7-210330-G0-L2000,210330,0,0.2,False,5.254690904621384e-09,1.0500981024587605e-11,0,0.7272653516007421,2,90016100|9624708,90016100|9624708,,,False,64037.57142795816,0.0,522702.11504283757
E7-210330-G2-L0025,210330,2,0.0025,True,30.421682325102328,0.06079472886806261,4,0.72826328842382,2,90016100|9624708,90016100|9624708,,,False,64030.94150400081,6.629923957343534,591858.9571010554
E7-210330-G2-L0500,210330,2,0.05,True,32.63165697755088,0.06521114504009128,2,0.7466666666666678,2,90016100|9624708,90016100|9624708,,,False,63898.34302485392,139.2284031042169,592009.201826656
E7-210330-G2-L2000,210330,2,0.2,True,39.169642849143045,0.07827666436801795,4,0.7999999621817854,2,90016100|9624708,90016100|9624708,,,False,63410.85714237186,626.714285586282,592607.7785968073
E7-210330-G4-L0025,210330,4,0.0025,True,71.82586049252993,0.14353689147412918,2,0.7282633371169119,2,90016100|9624708,90016100|9624708,,,False,64021.91811897454,15.653308983616071,625127.644766705
E7-210330-G4-L0500,210330,4,0.05,True,77.0436301537359,0.15396408903865286,4,0.7358538991738323,2,90016100|9624708,90016100|9624708,,,False,63708.85193930221,328.71948865594,625504.2753380863
E7-210330-G4-L2000,210330,4,0.2,True,39.16964284914299,0.07827666436801783,4,0.7999999621817866,2,90016100|9624708,90016100|9624708,,,False,63410.85714237185,626.7142855862802,626890.3385968072
E7-210323-G0-L0025,210323,0,0.0025,False,1.6759368115515372e-08,3.1626990391977284e-11,0,0.500627604385965,2,90016100|9624708,90016100|9624708,,,False,66695.14285663389,1.255374870723358e-09,503914.82679452456
E7-210323-G0-L0500,210323,0,0.05,False,2.842170943040401e-14,5.363526386455982e-17,0,1.0,2,90016100|9624708,90016100|9624708,,,False,66695.14285663515,0.0,503914.82679454767
E7-210323-G0-L2000,210323,0,0.2,False,0.0,0.0,0,0.0,2,90016100|9624708,90016100|9624708,,,False,66695.14285663515,0.0,503914.82679454767
E7-210323-G2-L0025,210323,2,0.0025,True,19.477490542920858,0.03675642196142806,2,0.7282633369207543,2,90016100|9624708,90016100|9624708,,,False,66690.89804598698,4.244810649413182,558774.1080623845
E7-210323-G2-L0500,210323,2,0.05,True,20.892427425639706,0.039426582010814094,2,0.7466666664690438,2,90016100|9624708,90016100|9624708,,,False,66606.00183302385,89.14102361131269,558871.0260758662
E7-210323-G2-L2000,210323,2,0.2,True,26.463741384867504,0.04994033717417623,2,0.8000000000000006,2,90016100|9624708,90016100|9624708,,,False,66271.72299447727,423.4198621578798,559252.6407539558
E7-210323-G4-L0025,210323,4,0.0025,True,957.2262867246343,1.8064038193159009,7,0.3459381352505039,4,90018300|90019100|91017500|9624708,90018300|90019100|91017500|9624708,90018300|90019100|91017500,90016100,True,66827.54983551751,317.82102111763186,597964.9162088687
E7-210323-G4-L0500,210323,4,0.05,True,135.33736534056567,0.2553982658414783,4,0.7049719078786831,2,90016100|9624708,90016100|9624708,,,False,66117.70343118209,577.4394254530805,598830.544072862
E7-210323-G4-L2000,210323,4,0.2,True,36.48214284656741,0.06884629380620588,2,0.8000000000000002,2,90016100|9624708,90016100|9624708,,,False,66111.42857109007,583.7142855450785,601167.5057691551
E7-210428-G0-L0025,210428,0,0.0025,False,2.3494175493965486e-08,3.974518793888635e-11,0,0.5177926583494915,2,90016100|9624708,90016100|9624708,,,False,74689.19999934213,3.4437311310578903e-09,659917.8810822935
E7-210428-G0-L0500,210428,0,0.05,False,1.965192453212694e-09,3.324523706272712e-12,0,0.7272940102412987,2,90016100|9624708,90016100|9624708,,,False,74689.19999934557,0.0,659917.8810823205
E7-210428-G0-L2000,210428,0,0.2,False,0.0,0.0,0,0.0,2,90016100|9624708,90016100|9624708,,,False,74689.19999934557,0.0,659917.8810823632
E7-210428-G2-L0025,210428,2,0.0025,False,2.3494175493965486e-08,3.974518793888635e-11,0,0.5177926583494915,2,90016100|9624708,90016100|9624708,,,False,74689.19999934213,3.4437311310578903e-09,717805.4120822934
E7-210428-G2-L0500,210428,2,0.05,False,1.82907911039365e-09,3.0942602355362093e-12,0,0.7070002330821226,2,90016100|9624708,90016100|9624708,,,False,74689.1999993374,8.16683609627944e-09,717805.4120823293
E7-210428-G2-L2000,210428,2,0.2,False,0.0,0.0,0,0.0,2,90016100|9624708,90016100|9624708,,,False,74689.19999934557,0.0,717805.4120823632
E7-210428-G4-L0025,210428,4,0.0025,False,2.3494175493965486e-08,3.974518793888635e-11,0,0.5177926583494915,2,90016100|9624708,90016100|9624708,,,False,74689.19999934213,3.4437311310578903e-09,750588.1100822934
E7-210428-G4-L0500,210428,4,0.05,False,1.8974537496774246e-09,3.20992987839238e-12,0,0.7175036967378365,2,90016100|9624708,90016100|9624708,,,False,74689.19999934148,4.084290239347865e-09,750588.1100823254
E7-210428-G4-L2000,210428,4,0.2,False,0.0,0.0,0,0.0,2,90016100|9624708,90016100|9624708,,,False,74689.19999934557,0.0,750588.1100823631
E7-210611-G0-L0025,210611,0,0.0025,False,1.7612113656362283e-07,3.547521445660391e-10,0,0.37324054251884364,5,90015700|90016100|90038200|90038300|9624708,90015700|90016100|90038200|90038300|9624708,,,False,63965.24999801094,-5.267776693982424e-08,472310.0557692071
E7-210611-G0-L0500,210611,0,0.05,False,5.820635506914584e-08,1.1724219869937388e-10,0,0.3752148347413754,5,90015700|90016100|90038200|90038300|9624708,90015700|90016100|90038200|90038300|9624708,,,False,63965.24999822569,-2.071274771697773e-07,472310.05576909246
E7-210611-G0-L2000,210611,0,0.2,False,3.665151027121283e-08,7.382533478938789e-11,0,0.8000005428206493,5,90015700|90016100|90038200|90038300|9624708,90015700|90016100|90038200|90038300|9624708,,,False,63965.249997369545,5.864237664354732e-07,472310.05576997896
E7-210611-G2-L0025,210611,2,0.0025,False,1.76032714849228e-07,3.5457404105490013e-10,0,0.37342963683448827,5,90015700|90016100|90038200|90038300|9624708,90015700|90016100|90038200|90038300|9624708,,,False,63965.24999801629,-5.8021342397296394e-08,552759.4101442016
E7-210611-G2-L0500,210611,2,0.05,False,5.417702364049791e-08,1.0912611454632943e-10,0,0.5827457761557581,5,90015700|90016100|90038200|90038300|9624708,90015700|90016100|90038200|90038300|9624708,,,False,63965.24999784426,1.1170719497670783e-07,552759.4101443642
E7-210611-G2-L2000,210611,2,0.2,False,3.665151027121283e-08,7.382533478938789e-11,0,0.8000005428206493,5,90015700|90016100|90038200|90038300|9624708,90015700|90016100|90038200|90038300|9624708,,,False,63965.249997369545,5.864237664354732e-07,552759.4101449049
E7-210611-G4-L0025,210611,4,0.0025,False,1.1536854667426599e-07,2.3238119028023812e-10,0,0.3049411674219944,5,90015700|90016100|90038200|90038300|9624708,90015700|90016100|90038200|90038300|9624708,,,False,63965.24999798961,0.0,580547.0320191435
E7-210611-G4-L0500,210611,4,0.05,False,5.417702364049791e-08,1.0912611454632943e-10,0,0.5827457761557581,5,90015700|90016100|90038200|90038300|9624708,90015700|90016100|90038200|90038300|9624708,,,False,63965.24999784426,1.1170719497670783e-07,580547.0320193642
E7-210611-G4-L2000,210611,4,0.2,False,3.665151027121283e-08,7.382533478938789e-11,0,0.8000005428206493,5,90015700|90016100|90038200|90038300|9624708,90015700|90016100|90038200|90038300|9624708,,,False,63965.249997369545,5.864237664354732e-07,580547.0320199048
