run_id,case,Gamma_token,Gamma,lambda_token,lambda_R,objective,fixed_cost,inventory_cost,reconfiguration_cost,robust_recourse_cost,transportation_cost,shortage_cost,service_penalty,total_shortage,average_fill_rate,minimum_fill_rate,B,budget_used,budget_utilization,budget_slack,RS,iterations,cuts,master_solves,subproblem_evaluations,lower_bound,upper_bound,relative_gap,status,certification_status,exact_certification_pass,reused,reuse_source_run,canonical_total_adjustment,RI,changed_pair_count,top_adjustment_share,material_reconfiguration,active_depots,active_depot_ids,positive_inventory_depot_ids,opened_depots,closed_depots,network_change,budget_binding,global_coupling_diagnostic_status,global_coupling_diagnostic_source_status,artifact_validation_pass,t_artifact_write_seconds,t_core_prb_seconds,t_exact_certification_seconds,t_instance_load_seconds,t_post_evaluation_seconds,t_reporting_seconds,t_reuse_validation_seconds,t_total_runner_wallclock_seconds,normalized_objective,normalized_robust_recourse
E7-210202-G0-L0025,210202,G0,0,L0025,0.0025,1034674.0388238505,1120.9560000000001,105389.99999900062,5.598603002641419e-09,928163.0828248442,3099.4167525383154,351522.9,573540.7660714287,5322.607142857141,0.13614501999661296,6.661338147750939e-16,106510.9559990062,106510.95599900623,1.0000000000000002,-2.9103830456733704e-11,5.2563634887416246e-14,8,19,8,72,1034674.0388238502,1034674.0388238446,0.0,OPTIMAL,CERTIFIED_PRB_EXACT,True,False,,3.586692276513759e-08,4.3983437894540443e-11,0,0.5188558230513589,False,2,90016100|9624708,90016100|9624708,,,False,True,PASS,E7_RESULT,True,0.002012799999647541,0.2040586000039184,0.0032566999980190303,0.002447900002152892,0.011206200000742683,0.05035710000083782,5.306287399998837,5.73219600000084,1.0,1.0
E7-210202-G0-L0500,210202,G0,0,L0500,0.05,1034674.0388239038,1120.9560000000001,105389.99999899956,6.648138040077356e-09,928163.0828248976,3099.41675269835,351522.9,573540.7660714287,5322.607142857141,0.13614501999661563,4.440892098500626e-16,106510.9559990062,106510.95599900621,1.0000000000000002,-1.4551915228366852e-11,6.241741028161823e-14,5,13,5,48,1034674.0388239037,1034674.0388239038,1.1251400678735703e-16,OPTIMAL,CERTIFIED_PRB_EXACT,True,True,E4-210202-G0,3.0885924928725217e-09,3.787526378589822e-12,0,0.7174938158637115,False,2,90016100|9624708,90016100|9624708,,,False,True,PASS,E7_RESULT,True,0.0030721000002813525,0.0,0.0,0.0011733999999705702,0.0,0.002962200000183657,5.159470099999453,5.260011200000008,1.0,1.0
E7-210202-G0-L2000,210202,G0,0,L2000,0.2,1034674.0388239668,1120.9560000000001,105389.99999900619,0.0,928163.0828249606,3099.416752680688,351522.9,573540.7660714287,5322.607142857141,0.1361450199966151,4.440892098500626e-16,106510.9559990062,106510.9559990062,1.0,0.0,0.0,5,13,5,48,1034674.0388238964,1034674.0388238054,0.0,OPTIMAL,CERTIFIED_PRB_EXACT,True,False,,0.0,0.0,0,0.0,False,2,90016100|9624708,90016100|9624708,,,False,True,PASS,E7_RESULT,True,0.0018626999990374316,0.0700676000014937,0.0034089000000676606,0.00225979999959236,0.014368599997396814,0.06915119999757735,5.158665500002826,5.466626500001439,1.0,1.0
E7-210202-G2-L0025,210202,G2,2,L0025,0.0025,1058234.3217646715,1120.9560000000001,105367.1988794151,22.801119591109604,951723.3657656652,2026.7388158646058,360815.2958720616,588881.3310778218,5448.185023896603,0.12199755661050034,6.661338147750939e-16,106510.9559990062,106510.95599900621,1.0000000000000002,-1.4551915228366852e-11,0.00021407299725412614,5,35,5,144,1058234.3217646712,1058234.3217646715,2.2001804219089216e-16,OPTIMAL,CERTIFIED_PRB_EXACT,True,True,E5-210202-L0025,104.62388729045594,0.1282997785747599,3,0.7282633314077828,True,2,90016100|9624708,90016100|9624708,,,False,True,PASS,E7_RESULT,True,0.002115100000082748,0.0,0.0,0.000945699997828342,0.0,0.0009486999988439493,5.322269500000402,5.427876599998854,1.0227707297726372,1.0253837750895196
E7-210202-G2-L0500,210202,G2,2,L0500,0.05,1058780.7942496866,1120.9560000000001,104911.1764875929,478.8235114133023,952269.8382506805,2264.867797194165,358942.64917865157,591062.3212748348,5417.3568256608505,0.11974816491655471,1.3322676295501878e-15,106510.9559990062,106510.9559990062,1.0,0.0,0.004495532942336655,4,31,4,120,1058780.7942496866,1058780.7942496866,0.0,OPTIMAL,CERTIFIED_PRB_EXACT,True,True,E4-210202-G2,112.22426048749267,0.13762008031004352,3,0.7466666613441874,True,2,90016100|9624708,90016100|9624708,,,False,True,MISSING_BY_REUSE_SCHEMA_SOURCE_REFERENCED,PASS,True,0.003345399996760534,0.0,0.0,0.0008927000017138198,0.0,0.0007807999973010737,5.136722000002919,5.2273727000028885,1.0232988888492696,1.0259725428341893
E7-210202-G2-L2000,210202,G2,2,L2000,0.2,1060814.859167269,1120.9560000000001,104445.99999938402,943.9999996221973,954303.9031682627,2181.385167164103,361666.48571470566,590456.0322864964,5435.821428575628,0.12491735347322615,1.2434497875801753e-14,106510.9559990062,106510.95599900623,1.0000000000000002,-2.9103830456733704e-11,0.008862938002650218,7,35,7,192,1060814.8591672687,1060814.859167269,2.1948282647232127e-16,OPTIMAL,CERTIFIED_PRB_EXACT,True,True,E5-210202-L2000,58.9999999763872,0.07235142116127283,3,0.7999999898758199,True,2,90016100|9624708,90016100|9624708,,,False,True,PASS,E7_RESULT,True,0.00306319999799598,0.0,0.0,0.0023723000012978446,0.0,0.002074600000923965,5.258700200000021,5.37412570000015,1.0252647880998487,1.0281640380090746
E7-210202-G4-L0025,210202,G4,4,L0025,0.0025,1076338.584810824,1120.9560000000001,105364.28119942361,25.718799582594126,969827.6288118176,2268.726299796602,365298.0238109277,602260.8787012751,5444.568384204593,0.1193115824698251,2.3314683517128287e-15,106510.9559990062,106510.95599900621,1.0000000000000002,-1.4551915228366852e-11,0.0002414662354812973,5,61,5,240,1076338.5848108237,1076338.584810824,2.1631728801656932e-16,OPTIMAL,CERTIFIED_PRB_EXACT,True,False,,118.0117835013823,0.14471729243251932,3,0.7282633320554573,True,2,90016100|9624708,90016100|9624708,,,False,True,PASS,E7_RESULT,True,0.002078800000163028,12.06845930000054,0.977515399998083,0.0010221000011370052,2935.7977489000004,0.0711196000011114,4.829465700000583,2955.6955006999997,1.0402682820130822,1.044889251423541
E7-210202-G4-L0500,210202,G4,4,L0500,0.05,1076954.985082896,1120.9560000000001,104849.90520777169,540.0947912344781,970444.0290838898,2201.006502963995,365538.0659403893,602704.9566407697,5453.141317399666,0.11677435380562971,1.6653345369377348e-15,106510.9559990062,106510.95599900617,0.9999999999999998,2.9103830456733704e-11,0.005070790945107257,4,53,4,200,1076954.985082896,1076954.985082896,0.0,OPTIMAL,CERTIFIED_PRB_EXACT,True,True,E4-210202-G4,126.5847166955808,0.15523023989640325,3,0.7466666619479987,True,2,90016100|9624708,90016100|9624708,,,False,True,PASS,E7_RESULT,True,0.0018560999997134786,0.0,0.0,0.0014434999975492246,0.0,0.0018966999996337108,5.373845300000539,5.493775899998582,1.0408640254539026,1.0455533591470894
E7-210202-G4-L2000,210202,G4,4,L2000,0.2,1079234.082810126,1120.9560000000001,104445.99999938402,943.9999996221973,972723.1268111198,2181.3851671875273,368578.01428613503,601963.7273578792,5470.20714286135,0.12491735347332393,0.0,106510.9559990062,106510.95599900623,1.0000000000000002,-2.9103830456733704e-11,0.008862938002650218,7,60,7,320,1079234.082810126,1079234.082810126,0.0,OPTIMAL,CERTIFIED_PRB_EXACT,True,False,,58.9999999763872,0.07235142116127283,3,0.7999999898758199,True,2,90016100|9624708,90016100|9624708,,,False,True,PASS,E7_RESULT,True,0.0018665999996301252,13.58017629999813,0.9135112000003573,0.0024510000002919696,2933.315066700001,0.06395720000000438,5.231441100000666,2954.962373999999,1.0430667459645622,1.04800885190406
E7-210628-G0-L0025,210628,G0,0,L0025,0.0025,625401.2683030802,1909.9080000000001,75498.92307531871,1.3255695982810474e-09,547992.4372277602,2381.6379954138138,207866.06153846148,337744.7376923077,3137.646153846153,0.14358015430039392,0.0,77408.83107532002,77408.83107532003,1.0000000000000002,-1.4551915228366852e-11,1.7124268379550225e-14,6,16,6,56,625401.2683030802,625401.2683030369,0.0,OPTIMAL,CERTIFIED_PRB_EXACT,True,False,,1.9008062679404247e-08,3.136405133423101e-11,0,0.551295311995939,False,2,90016100|9624708,90016100|9624708,,,False,True,PASS,E7_RESULT,True,0.0020731000004161615,0.2079197999992175,0.002946399999927962,0.0026686000019253697,0.01161829999909969,0.055419500000425614,5.346485300000495,5.776725899999292,1.0,1.0
E7-210628-G0-L0500,210628,G0,0,L0500,0.05,625401.2683030788,1909.9080000000001,75498.92307532004,0.0,547992.4372277588,2381.637995459684,207866.06153846098,337744.7376923077,3137.6461538461467,0.14358015428821916,0.0,77408.83107532002,77408.83107532003,1.0000000000000002,-1.4551915228366852e-11,0.0,5,14,5,48,625401.2683030788,625401.2683030788,0.0,OPTIMAL,CERTIFIED_PRB_EXACT,True,True,E4-210628-G0,4.0940516754517375e-08,6.755346353786714e-11,0,0.46177153909614865,False,2,90016100|9624708,90016100|9624708,,,False,True,PASS,E7_RESULT,True,0.0018405999981041532,0.0,0.0,0.0020464000008360017,0.0,0.001982300000236137,5.0462411000007705,5.168073299999378,1.0,1.0
E7-210628-G0-L2000,210628,G0,0,L2000,0.2,625401.2683030793,1909.9080000000001,75498.92307532002,0.0,547992.4372277593,2381.637995057916,207866.06153920962,337744.7376936917,3137.6461538728718,0.14358014852421405,0.0,77408.83107532002,77408.83107532002,1.0,0.0,0.0,4,12,4,40,625401.2683030793,625401.2683030793,0.0,OPTIMAL,CERTIFIED_PRB_EXACT,True,False,,1.8986618499639007e-08,3.132866759385088e-11,0,0.5824404435564301,False,2,90016100|9624708,90016100|9624708,,,False,True,PASS,E7_RESULT,True,0.004640999999537598,0.0715849000007438,0.003445599999395199,0.0024230999988503754,0.037128599997231504,0.07189279999874998,5.116619500000525,5.462828100000479,1.0,1.0
E7-210628-G2-L0025,210628,G2,2,L0025,0.0025,676700.8373030825,1909.9080000000001,75498.92307532002,3.1372477948821142e-09,599292.0062277593,2381.637997215383,227115.43076923076,369794.9374615385,3207.1384615384613,0.14358015430155144,0.0,77408.83107532002,77408.83107532316,1.0000000000000406,-3.14321368932724e-09,4.052829310688754e-14,6,36,6,168,676700.8373030792,676700.8373030793,1.7203366008958397e-16,OPTIMAL,CERTIFIED_PRB_EXACT,True,True,E5-210628-L0025,1.7784351769023488e-08,2.9344880182558256e-11,0,0.5880112268645684,False,2,90016100|9624708,90016100|9624708,,,False,True,PASS,E7_RESULT,True,0.004109299999981886,0.0,0.0,0.0013614999988931231,0.0,0.0023816000029910356,5.312247099998785,5.431737499999144,1.0820266468905553,1.093613644121657
E7-210628-G2-L0500,210628,G2,2,L0500,0.05,676700.8373031134,1909.9080000000001,75498.9230752884,3.295336289224188e-08,599292.0062277921,2381.63799702283,227115.4307692308,369794.9374615385,3207.1384615384613,0.14358015430158724,0.0,77408.83107532002,77408.83107532136,1.0000000000000173,-1.3387762010097504e-09,4.2570547099694265e-13,5,34,5,144,676700.8373031134,676700.8373031134,0.0,OPTIMAL,CERTIFIED_PRB_EXACT,True,True,E4-210628-G2,1.83114039487009e-08,3.02145370170305e-11,0,0.5998693881225454,False,2,90016100|9624708,90016100|9624708,,,False,True,MISSING_BY_REUSE_SCHEMA_SOURCE_REFERENCED,PASS,True,0.002720899999985704,0.0,0.0,0.0009074999979929999,0.0,0.0012234999994689133,5.01326109999718,5.090888499998982,1.0820266468906072,1.09361364412172
E7-210628-G2-L2000,210628,G2,2,L2000,0.2,676700.8373033447,1909.9080000000001,75498.92307532001,2.6540121211837686e-07,599292.0062277593,2381.6379958053794,227115.43076923076,369794.9374615385,3207.138461538461,0.1435801543014907,0.0,77408.83107532002,77408.8310755854,1.0000000000034284,-2.653832780197263e-07,3.4285650413728283e-12,4,31,4,120,676700.8373030793,676700.8373030793,0.0,OPTIMAL,CERTIFIED_PRB_EXACT,True,True,E5-210628-L2000,1.8986305860835273e-08,3.1328151727523265e-11,0,0.5824395556279085,False,2,90016100|9624708,90016100|9624708,,,False,True,PASS,E7_RESULT,True,0.001975700000912184,0.0,0.0,0.0009461000008741394,0.0,0.0009344999998575076,4.894969099997979,4.9913535000014235,1.0820266468909763,1.093613644121659
E7-210628-G4-L0025,210628,G4,4,L0025,0.0025,708428.6873030813,1909.9080000000001,75498.92307531823,1.8193424273103525e-09,631019.8562277613,2381.637995057404,239020.81538536435,389617.40284753946,3266.3692307959786,0.14358014852359177,0.0,77408.83107532002,77408.83107532005,1.0000000000000004,-2.9103830456733704e-11,2.3503034499256338e-14,6,61,6,280,708428.6873030812,708428.6873030813,1.6432892105219024e-16,OPTIMAL,CERTIFIED_PRB_EXACT,True,False,,1.9016603403088084e-08,3.1378143864362536e-11,0,0.5830958518489181,False,2,90016100|9624708,90016100|9624708,,,False,True,PASS,E7_RESULT,True,0.003485599998384714,21.300355100007437,0.8550264999939827,0.0018022000003838912,3024.4650074999954,0.09767730000021402,5.653405799996108,3054.139435199999,1.132758635468204,1.15151197965437
E7-210628-G4-L0500,210628,G4,4,L0500,0.05,708428.6873031154,1909.9080000000001,75498.9230752884,3.4755334797266284e-08,631019.8562277922,2381.6379950487053,239020.81538537826,389617.4028475652,3266.369230796475,0.14358014852416257,0.0,77408.83107532002,77408.83107532315,1.0000000000000404,-3.128661774098873e-09,4.489841057469114e-13,5,62,5,240,708428.6873031153,708428.6873031154,1.6432892105218233e-16,OPTIMAL,CERTIFIED_PRB_EXACT,True,True,E4-210628-G4,1.951304540170895e-08,3.21972926956679e-11,0,0.5937112762756912,False,2,90016100|9624708,90016100|9624708,,,False,True,PASS,E7_RESULT,True,0.002351200004341081,0.0,0.0,0.0029021999944234267,0.0,0.0016460000042570755,6.95552139999927,7.158339000001433,1.132758635468261,1.1515119796544295
E7-210628-G4-L2000,210628,G4,4,L2000,0.2,708428.6873030794,1909.9080000000001,75498.92307532001,0.0,631019.8562277594,2381.6379950579194,239020.81538536353,389617.4028475379,3266.3692307959486,0.14358014852421389,0.0,77408.83107532002,77408.83107532,0.9999999999999998,1.4551915228366852e-11,0.0,4,53,4,200,708428.6873030793,708428.6873030794,1.6432892105219068e-16,OPTIMAL,CERTIFIED_PRB_EXACT,True,False,,1.8986305860835273e-08,3.1328151727523265e-11,0,0.5824395556279085,False,2,90016100|9624708,90016100|9624708,,,False,True,PASS,E7_RESULT,True,0.004685500003688503,11.050533300003735,1.0336859000017284,0.002428600004350301,3127.4962118999974,0.06840029999875696,5.057261399997515,3146.5503903999997,1.1327586354682027,1.1515119796543685
E7-210129-G0-L0025,210129,G0,0,L0025,0.0025,826685.3068310944,860.1120000000001,89450.99999905335,4.986441512665666e-09,736374.194832036,2213.7154568232118,279236.89999999997,454923.5793750001,3823.993749999999,0.1474264273562077,3.552713678800501e-15,90311.11199905835,90311.11199905834,0.9999999999999999,1.4551915228366852e-11,5.5214041797178387e-14,6,15,6,56,826685.3068310944,826685.3068310944,0.0,OPTIMAL,CERTIFIED_PRB_EXACT,True,False,,3.4116904856773544e-08,5.025459880890133e-11,0,0.5201227109497967,False,2,90016100|9624708,90016100|9624708,,,False,True,PASS,E7_RESULT,True,0.0021250999998301268,0.15515530000266153,0.0029375000012805685,0.0009051000015460886,0.013038999997661449,0.06949380000150995,4.982296800000768,5.368131600000197,1.0,1.0
E7-210129-G0-L0500,210129,G0,0,L0500,0.05,826685.3068311452,860.1120000000001,89450.99999905168,6.657707718460415e-09,736374.1948320869,2213.7154562727237,279236.89999999997,454923.5793750001,3823.993749999999,0.14742642735621023,3.4416913763379853e-15,90311.11199905835,90311.11199905834,0.9999999999999999,1.4551915228366852e-11,7.371969596088943e-14,5,13,5,48,826685.3068311454,826685.3068311452,0.0,OPTIMAL,CERTIFIED_PRB_EXACT,True,True,E4-210129-G0,3.093203471138395e-09,4.556324793498921e-12,0,0.7174555204209453,False,2,90016100|9624708,90016100|9624708,,,False,True,PASS,E7_RESULT,True,0.0017566999958944507,0.0,0.0,0.0027476999966893345,0.0,0.002068000001600012,5.062538800004404,5.165919799997937,1.0,1.0
E7-210129-G0-L2000,210129,G0,0,L2000,0.2,826685.3068312091,860.1120000000001,89450.99999905836,0.0,736374.1948321507,2213.715455864399,279236.89999999997,454923.5793750001,3823.993749999999,0.14742642735621903,3.1086244689504383e-15,90311.11199905835,90311.11199905835,1.0,0.0,0.0,5,13,5,48,826685.3068311454,826685.3068310474,0.0,OPTIMAL,CERTIFIED_PRB_EXACT,True,False,,5.684341886080802e-14,8.373101902909243e-17,0,1.0,False,2,90016100|9624708,90016100|9624708,,,False,True,PASS,E7_RESULT,True,0.0043667999998433515,0.09992709999642102,0.0037092999991727993,0.0024274000024888664,0.01088970000273548,0.07472939999570372,5.301912400005676,5.650926799993613,1.0,1.0
E7-210129-G2-L0025,210129,G2,2,L0025,0.0025,850980.5691586464,860.1120000000001,89439.18548959293,11.81450946540563,760669.4571595881,1850.9551405894194,287492.34762059443,471326.15439863264,3885.6176859941315,0.1356612456463131,3.3306690738754696e-16,90311.11199905835,90311.11199905832,0.9999999999999997,2.9103830456733704e-11,0.00013082010844389576,5,35,5,144,850980.5691586466,850980.5691586465,0.0,OPTIMAL,CERTIFIED_PRB_EXACT,True,True,E5-210129-L0025,54.21136895324159,0.07985397881383693,3,0.728263327562863,True,2,90016100|9624708,90016100|9624708,,,False,True,PASS,E7_RESULT,True,0.003237799995986279,0.0,0.0,0.0009457000051042996,0.0,0.0014014999978826381,5.115295600000536,5.218103499995777,1.029388767559789,1.0329930930470665
E7-210129-G2-L0500,210129,G2,2,L0500,0.05,851260.2478325499,860.1120000000001,89202.89530028481,248.10469877351852,760949.1358334916,1816.3678624927998,287602.61637560074,471530.151595398,3889.555855815645,0.13510097109495198,8.881784197001252e-16,90311.11199905835,90311.11199905832,0.9999999999999997,2.9103830456733704e-11,0.0027472222773218145,4,31,4,120,851260.2478325501,851260.24783255,0.0,OPTIMAL,CERTIFIED_PRB_EXACT,True,True,E4-210129-G2,58.14953877504357,0.08565494889792966,3,0.7466666577596643,True,2,90016100|9624708,90016100|9624708,,,False,True,MISSING_BY_REUSE_SCHEMA_SOURCE_REFERENCED,PASS,True,0.0024608000021544285,0.0,0.0,0.002503600000636652,0.0,0.0013475000014295802,5.027498499999638,5.1229545999958646,1.0297270809077343,1.0333728981459058
E7-210129-G2-L2000,210129,G2,2,L2000,0.2,852320.7007986155,860.1120000000001,88953.24999941885,497.7499996395054,762009.5887995571,1646.7416110183967,289063.7500003992,471299.0971882639,3911.971875004,0.13690532377537515,4.107825191113079e-15,90311.11199905835,90311.11199905835,1.0,0.0,0.005511503386700579,7,35,7,192,852320.7007986156,852320.7007986155,0.0,OPTIMAL,CERTIFIED_PRB_EXACT,True,True,E5-210129-L2000,31.109374977469127,0.04582447221550904,3,0.7999999833505965,True,2,90016100|9624708,90016100|9624708,,,False,True,PASS,E7_RESULT,True,0.003103199996985495,0.0,0.0,0.0009319000018876977,0.0,0.0008316999956150539,5.064129400001548,5.1848497999963,1.0310098579901827,1.034812998808642
E7-210129-G4-L0025,210129,G4,4,L0025,0.0025,871438.8797327997,860.1120000000001,89427.76731036106,23.23268869726865,781127.7677337414,1377.3640361344678,296394.0043676049,483356.39933026873,3982.411392694262,0.12419479598363935,1.7763568394002505e-15,90311.11199905835,90311.11199905832,0.9999999999999997,2.9103830456733704e-11,0.00025725171778984287,5,60,5,240,871438.8797327997,871438.8797327996,0.0,OPTIMAL,CERTIFIED_PRB_EXACT,True,False,,106.60416011611306,0.15702917132975203,4,0.7139299329019232,True,2,90016100|9624708,90016100|9624708,,,False,True,PASS,E7_RESULT,True,0.0045226000002003275,11.869085200007248,0.960737399997015,0.002392199996393174,3016.4583181000053,0.055709500004013535,5.403585599997314,3036.6142795999986,1.0541361658806514,1.0607755855865013
E7-210129-G4-L0500,210129,G4,4,L0500,0.05,872018.4248639799,860.1120000000001,88963.11353641568,487.8864626426422,781707.3128649216,1338.919648158693,296610.84279542556,483757.55042153737,3990.1556222602067,0.12338646285301781,0.0,90311.11199905835,90311.11199905831,0.9999999999999996,4.3655745685100555e-11,0.005402286073586705,4,52,4,200,872018.42486398,872018.4248639799,0.0,OPTIMAL,CERTIFIED_PRB_EXACT,True,True,E4-210129-G4,114.34838968186945,0.1684365118122768,4,0.7333039903561849,True,2,90016100|9624708,90016100|9624708,,,False,True,PASS,E7_RESULT,True,0.001602799995453097,0.0,0.0,0.001000100004603155,0.0,0.001408700001775287,5.358850199998415,5.470283199996629,1.0548372127316572,1.061562610899438
E7-210129-G4-L2000,210129,G4,4,L2000,0.2,873981.6542361154,860.1120000000001,88953.24999941885,497.7499996395054,783670.542237057,1646.7416110238023,297191.6875003995,484832.11312576913,3952.409375003996,0.13690532377535491,1.765254609153999e-14,90311.11199905835,90311.11199905835,1.0,0.0,0.005511503386700579,7,58,7,320,873981.6542361155,873981.6542361154,0.0,OPTIMAL,CERTIFIED_PRB_EXACT,True,False,,31.109374977469127,0.04582447221550904,3,0.7999999833505965,True,2,90016100|9624708,90016100|9624708,,,False,True,PASS,E7_RESULT,True,0.0019155999980284832,13.894435900001554,1.0084964999987278,0.0017788000041036867,2953.402300099995,0.0627463999990141,5.106310299997858,2975.425052700004,1.0572120334232131,1.064228686633549
E7-210310-G0-L0025,210310,G0,0,L0025,0.0025,644331.8713742874,1519.692,74874.39999988716,3.034650717381737e-08,567937.7793743699,1516.1503743346811,215695.53333333353,350726.09566658386,3062.860000000006,0.14478398181076194,0.0,76394.09199991751,76394.0919999175,0.9999999999999998,1.4551915228366852e-11,3.9723630950218167e-13,7,18,7,64,644331.8713742874,644331.8713742874,0.0,OPTIMAL,CERTIFIED_PRB_EXACT,True,False,,7.816544211891596e-08,1.4033125058763788e-10,0,0.48190223845375724,False,4,90018300|90018400|90019100|91017500,90018300|90018400|90019100|91017500,,,False,True,PASS,E7_RESULT,True,0.001916299996082671,0.22796450000896584,0.003304799996840302,0.002839000000676606,0.01116800000454532,0.04852760000358103,5.2833548999988125,5.757256200005941,1.0,1.0
E7-210310-G0-L0500,210310,G0,0,L0500,0.05,644331.8713743677,1519.692,74874.3999999175,0.0,567937.7793744502,1516.1503743484448,215695.53333333327,350726.0956668212,3062.859999999998,0.1447839818107621,0.0,76394.09199991751,76394.0919999175,0.9999999999999998,1.4551915228366852e-11,0.0,5,13,5,48,644331.8713743679,644331.8713743679,0.0,OPTIMAL,CERTIFIED_PRB_EXACT,True,True,E4-210310-G0,1.9437003118127905e-09,3.4895458674603015e-12,0,0.7272853557739585,False,4,90018300|90018400|90019100|91017500,90018300|90018400|90019100|91017500,,,False,True,PASS,E7_RESULT,True,0.0022836999996798113,0.0,0.0,0.0014475000061793253,0.0,0.0013829000017722137,5.1634195000006,5.279600200003188,1.0,1.0
E7-210310-G0-L2000,210310,G0,0,L2000,0.2,644331.8713732089,1519.692,74874.39999991693,-1.0131108752803256e-06,567937.7793743052,1516.1503741577803,215695.5333333344,350726.09566750744,3062.8600000000333,0.14478398181074056,0.0,76394.09199991751,76394.09199890382,0.9999999999867308,1.013686414808035e-06,-1.3261639071270322e-11,4,12,4,40,644331.8713743618,644331.8713733057,0.0,OPTIMAL,CERTIFIED_PRB_EXACT,True,False,,6.342420277860583e-08,1.1386614662660247e-10,0,0.4998131896090179,False,4,90018300|90018400|90019100|91017500,90018300|90018400|90019100|91017500,,,False,False,PASS,E7_RESULT,True,0.004745799997181166,0.06880329999694368,0.0037331999992602505,0.0017728000020724721,0.018051200000627432,0.0821111999975983,4.9920404000004055,5.314403200005472,1.0,1.0
E7-210310-G2-L0025,210310,G2,2,L0025,0.0025,714814.5477076205,1519.692,74874.39999988735,3.015374367976165e-08,638420.455707703,1516.1503740250378,242143.06666666668,394761.2386668785,3168.526666666667,0.14478398181076793,0.0,76394.09199991751,76394.0919999175,0.9999999999999998,1.4551915228366852e-11,3.947130319945973e-13,7,41,7,192,714814.5477076224,714814.5477076205,0.0,OPTIMAL,CERTIFIED_PRB_EXACT,True,True,E5-210310-L0025,7.658209000283023e-08,1.3748864167316565e-10,0,0.48402728120162875,False,4,90018300|90018400|90019100|91017500,90018300|90018400|90019100|91017500,,,False,True,PASS,E7_RESULT,True,0.0031197999996948056,0.0,0.0,0.002641400002175942,0.0,0.0024319000003742985,5.262973100005183,5.395665199997893,1.1093887784613254,1.1241028135352706
E7-210310-G2-L0500,210310,G2,2,L0500,0.05,714814.5477077012,1519.692,74874.3999999175,0.0,638420.4557077837,1516.1503744137008,242143.06666666668,394761.23866670334,3168.5266666666666,0.14478398181076774,0.0,76394.09199991751,76394.0919999175,0.9999999999999998,1.4551915228366852e-11,0.0,5,33,5,144,714814.547707701,714814.5477077012,3.257217475504957e-16,OPTIMAL,CERTIFIED_PRB_EXACT,True,True,E4-210310-G2,1.9437003118127905e-09,3.4895458674603015e-12,0,0.7272853557739585,False,4,90018300|90018400|90019100|91017500,90018300|90018400|90019100|91017500,,,False,True,MISSING_BY_REUSE_SCHEMA_SOURCE_REFERENCED,PASS,True,0.003722000001289416,0.0,0.0,0.002791400002024602,0.0,0.0024723999958951026,4.970359300001292,5.0925829999978305,1.1093887784613123,1.1241028135352538
E7-210310-G2-L2000,210310,G2,2,L2000,0.2,714814.5477065423,1519.692,74874.39999991693,-1.013109511038273e-06,638420.4557076385,1516.1503743505345,242143.06666666668,394761.2386667504,3168.5266666666666,0.14478398181076776,0.0,76394.09199991751,76394.09199890382,0.9999999999867308,1.013686414808035e-06,-1.3261621213318e-11,5,32,5,144,714814.5477076487,714814.5477066392,0.0,OPTIMAL,CERTIFIED_PRB_EXACT,True,True,E5-210310-L2000,6.342416014604169e-08,1.1386607008790608e-10,0,0.49981352557433173,False,4,90018300|90018400|90019100|91017500,90018300|90018400|90019100|91017500,,,False,False,PASS,E7_RESULT,True,0.003067199999350123,0.0,0.0,0.003103699993516784,0.0,0.001526499996543862,5.016954500002612,5.142567999995663,1.1093887784615089,1.1241028135352853
E7-210310-G4-L0025,210310,G4,4,L0025,0.0025,748656.4223076343,1030.6200000000001,75209.39210336332,154.07989655418214,672262.3303077167,1330.2983412562019,252408.84453057093,418523.18743596174,3281.3907777493478,0.12206803968580467,1.6653345369377348e-15,76394.09199991751,76394.0919999175,0.9999999999999998,1.4551915228366852e-11,0.0020169085399214973,6,67,6,280,748656.422307634,748656.4223076343,3.1099799149014177e-16,OPTIMAL,CERTIFIED_PRB_EXACT,True,False,,443.6242197798312,0.796443285742042,7,0.2386893750548532,True,2,90018400|90019100,90018400|90019100,,90018300|91017500,True,True,PASS,E7_RESULT,True,0.003921099996659905,14.752547499992943,1.0440651000026264,0.0022920000046724454,3116.821746099995,0.059661100000084843,5.1552604000025894,3139.790897400002,1.1619112068922406,1.1836901060680782
E7-210310-G4-L0500,210310,G4,4,L0500,0.05,749723.3458777111,1519.692,74248.74294473582,625.6570551816772,673329.2538777936,814.8099183051545,255550.28080453406,416964.16315513215,3344.7349303924157,0.12688569403527872,0.0,76394.09199991751,76394.0919999175,0.9999999999999998,1.4551915228366852e-11,0.00818986179169919,8,64,8,360,749723.3458777108,749723.3458777111,3.1055541345226713e-16,OPTIMAL,CERTIFIED_PRB_EXACT,True,True,E4-210310-G4,146.6383724244373,0.2632614315051285,4,0.38421492619659287,True,4,90018300|90018400|90019100|91017500,90018300|90018400|90019100|91017500,,,False,True,PASS,E7_RESULT,True,0.002329399998416193,0.0,0.0,0.0014192000016919337,0.0,0.001578999996127095,5.448324400000274,5.545898299998953,1.1635670671986813,1.1855686984222564
E7-210310-G4-L2000,210310,G4,4,L2000,0.2,751977.5947329346,1519.692,74773.0666682741,101.33333164342191,675583.5027330171,1175.7490836565562,256214.59999532008,418193.1536555004,3276.193333275728,0.14338671584071358,0.0,76394.09199991751,76394.09199991752,1.0000000000000002,-1.4551915228366852e-11,0.0013264550829864086,6,58,6,280,751977.5947329345,751977.5947329346,1.5481222132459916e-16,OPTIMAL,CERTIFIED_PRB_EXACT,True,False,,6.333333343947547,0.011370300793443163,2,0.7999999986605204,True,4,90018300|90018400|90019100|91017500,90018300|90018400|90019100|91017500,,,False,True,PASS,E7_RESULT,True,0.003932600004191045,13.483725299993239,1.0595728000043891,0.0026299000019207597,3134.0715679999994,0.058419200002390426,5.253540300000168,3155.980888900005,1.1670656507031223,1.1895378812047066
E7-210330-G0-L0025,210330,G0,0,L0025,0.0025,588352.4624707794,1612.776,64037.57142795552,2.6373814630966864e-09,522702.1150428213,1883.459685526218,198101.8142857141,322716.8410714286,3010.8857142857123,0.135242277081414,0.0,65650.34742795816,65650.34742795816,1.0,0.0,4.017315317319279e-14,6,16,6,56,588352.4624707794,588352.4624707794,0.0,OPTIMAL,CERTIFIED_PRB_EXACT,True,False,,1.90156708157474e-08,3.80009408793866e-11,0,0.5639600888231161,False,2,90016100|9624708,90016100|9624708,,,False,True,PASS,E7_RESULT,True,0.001653999999689404,0.11912950000987621,0.002467699996486772,0.0008165999970515259,0.00901029999658931,0.05546469999535475,5.035315100001753,5.3630428000033135,1.0,1.0
E7-210330-G0-L0500,210330,G0,0,L0500,0.05,588352.4624707957,1612.776,64037.57142795815,0.0,522702.1150428376,1883.4596810186385,198101.81428571427,322716.8410714286,3010.885714285714,0.1352422770814142,0.0,65650.34742795816,65650.34742795816,1.0,0.0,0.0,5,14,5,48,588352.4624707957,588352.4624707957,0.0,OPTIMAL,CERTIFIED_PRB_EXACT,True,True,E4-210330-G0,5.2548614348779665e-09,1.050132181247047e-11,0,0.7272742023592534,False,2,90016100|9624708,90016100|9624708,,,False,True,PASS,E7_RESULT,True,0.0024574000053689815,0.0,0.0,0.0014760999983991496,0.0,0.0016105000031529926,5.266615300002741,5.369293199997628,1.0,1.0
E7-210330-G0-L2000,210330,G0,0,L2000,0.2,588352.4624707957,1612.776,64037.57142795816,0.0,522702.11504283757,1883.4596850677199,198101.81428571424,322716.8410714286,3010.8857142857137,0.13524227708141415,0.0,65650.34742795816,65650.34742795816,1.0,0.0,0.0,4,12,4,40,588352.4624707957,588352.4624707957,0.0,OPTIMAL,CERTIFIED_PRB_EXACT,True,False,,5.254690904621384e-09,1.0500981024587605e-11,0,0.7272653516007421,False,2,90016100|9624708,90016100|9624708,,,False,True,PASS,E7_RESULT,True,0.003928699996322393,0.061859500005084556,0.004606199996487703,0.0010719000056269579,0.009594600000127684,0.06889499999670079,5.2587902000013855,5.559254200001305,1.0,1.0
E7-210330-G2-L0025,210330,G2,2,L0025,0.0025,657509.3045290136,1612.776,64030.94150400081,6.629923957343534,591858.9571010554,1215.1554189556825,224316.9426704842,366326.8590118227,3166.9597380375903,0.128207223916844,3.647082635893639e-13,65650.34742795816,65650.34742795816,1.0,0.0,0.00010098840626272275,6,35,6,168,657509.3045290136,657509.3045290136,0.0,OPTIMAL,CERTIFIED_PRB_EXACT,True,True,E5-210330-L0025,30.421682325102328,0.06079472886806261,4,0.72826328842382,True,2,90016100|9624708,90016100|9624708,,,False,True,PASS,E7_RESULT,True,0.0021330000017769635,0.0,0.0,0.0008152000009431504,0.0,0.0015477999986615032,5.335863300002529,5.428853800003708,1.1175432185119287,1.1323064132858323
E7-210330-G2-L0500,210330,G2,2,L0500,0.05,657659.5492546142,1612.776,63898.34302485392,139.2284031042169,592009.201826656,1578.507177130843,223658.82196075816,366771.872688767,3128.7839984029306,0.12751158681648178,4.440892098500626e-15,65650.34742795816,65650.34742795814,0.9999999999999998,1.4551915228366852e-11,0.002120756531517219,5,33,5,144,657659.549256254,657659.5492546142,0.0,OPTIMAL,CERTIFIED_PRB_EXACT,True,True,E4-210330-G2,32.63165697755088,0.06521114504009128,2,0.7466666666666678,True,2,90016100|9624708,90016100|9624708,,,False,True,MISSING_BY_REUSE_SCHEMA_SOURCE_REFERENCED,DIAGNOSTIC_TOLERANCE_CONTRACT_MISMATCH,True,0.002560000000812579,0.0,0.0,0.0009062999961315654,0.0,0.0015514000042458065,5.215788900000916,5.30608249999932,1.1177985836802011,1.132593851812018
E7-210330-G2-L2000,210330,G2,2,L2000,0.2,658258.1260247654,1612.776,63410.85714237186,626.714285586282,592607.7785968073,1108.01959594093,224617.27857176584,366882.4804292806,3176.573214289087,0.12446283171843035,4.440892098500626e-16,65650.34742795816,65650.34742795814,0.9999999999999998,1.4551915228366852e-11,0.009546244767006162,7,39,7,192,658258.1260247654,658258.1260247654,0.0,OPTIMAL,CERTIFIED_PRB_EXACT,True,True,E5-210330-L2000,39.169642849143045,0.07827666436801795,4,0.7999999621817854,True,2,90016100|9624708,90016100|9624708,,,False,True,PASS,E7_RESULT,True,0.002937799996288959,0.0,0.0,0.00215829999797279,0.0,0.0012913999962620437,5.306620700001076,5.41314780000539,1.1188159615418278,1.1337390103122897
E7-210330-G4-L0025,210330,G4,4,L0025,0.0025,690777.9921946632,1612.776,64021.91811897454,15.653308983616071,625127.644766705,1001.6065799053629,236900.12740895746,387225.91077799967,3249.861849795058,0.12005225198718833,1.199040866595169e-14,65650.34742795816,65650.34742795816,1.0,0.0,0.00023843451858032182,7,64,7,320,690777.9921963031,690777.9921946632,0.0,OPTIMAL,CERTIFIED_PRB_EXACT,True,False,,71.82586049252993,0.14353689147412918,2,0.7282633371169119,True,2,90016100|9624708,90016100|9624708,,,False,True,DIAGNOSTIC_TOLERANCE_CONTRACT_MISMATCH,E7_RESULT,True,0.001780000005965121,11.198942600007285,0.7380503999957,0.0025965000022551976,2253.9468725000042,0.061097799996787217,4.782063100006781,2272.6884312999973,1.1740887244590579,1.1959539224659397
E7-210330-G4-L0500,210330,G4,4,L0500,0.05,691154.6227660445,1612.776,63708.85193930221,328.71948865594,625504.2753380863,1351.3221422465513,235545.19638808654,388607.7568082509,3210.80819088469,0.11660607722217609,7.605027718682322e-14,65650.34742795816,65650.34742795814,0.9999999999999998,1.4551915228366852e-11,0.005007124890186796,5,53,5,240,691154.6227660445,691154.6227660445,0.0,OPTIMAL,CERTIFIED_PRB_EXACT,True,True,E4-210330-G4,77.0436301537359,0.15396408903865286,4,0.7358538991738323,True,2,90016100|9624708,90016100|9624708,,,False,True,PASS,E7_RESULT,True,0.002747400001680944,0.0,0.0,0.002238199995190371,0.0,0.0015602999992552213,5.147331600004691,5.281903600000078,1.1747288689224302,1.1966744678024186
E7-210330-G4-L2000,210330,G4,4,L2000,0.2,692540.6860247654,1612.776,63410.85714237185,626.7142855862802,626890.3385968072,1108.019595942007,237481.2785717678,388301.04042917216,3240.573214289106,0.1244628317184312,5.773159728050814e-15,65650.34742795816,65650.34742795813,0.9999999999999996,2.9103830456733704e-11,0.009546244767006135,7,67,7,320,692540.6860247654,692540.6860247654,0.0,OPTIMAL,CERTIFIED_PRB_EXACT,True,False,,39.16964284914299,0.07827666436801783,4,0.7999999621817866,True,2,90016100|9624708,90016100|9624708,,,False,True,PASS,E7_RESULT,True,0.0035036000044783577,10.826046399997722,0.697700700002315,0.000745700002880767,2257.9383802999946,0.06538149999687448,5.117599900004279,2276.4397487000024,1.1770847072117783,1.1993261947016054
E7-210323-G0-L0025,210323,G0,0,L0025,0.0025,572191.0296511597,1581.0600000000002,66695.14285663389,1.255374870723358e-09,503914.82679452456,1985.865723284205,191115.44285714134,310813.5182142858,2964.5214285713932,0.14215949487999135,0.0,68276.20285663515,68276.20285663514,0.9999999999999998,1.4551915228366852e-11,1.8386711887879385e-14,8,18,8,72,572191.0296515991,572191.0296515991,0.0,OPTIMAL,CERTIFIED_PRB_EXACT,True,False,,1.6759368115515372e-08,3.1626990391977284e-11,0,0.500627604385965,False,2,90016100|9624708,90016100|9624708,,,False,True,PASS,E7_RESULT,True,0.0021040999999968335,0.18301459999929648,0.0026923999976133928,0.0022330999927362427,0.00992670000414364,0.05408210000314284,5.37642319999577,5.783120100008091,1.0,1.0
E7-210323-G0-L0500,210323,G0,0,L0500,0.05,572191.0296511828,1581.0600000000002,66695.14285663515,0.0,503914.82679454767,1985.8657231192087,191115.44285714233,310813.5182142858,2964.5214285714196,0.1421594948800109,0.0,68276.20285663515,68276.20285663515,1.0,0.0,0.0,5,13,5,48,572191.0296516211,572191.0296516211,0.0,OPTIMAL,CERTIFIED_PRB_EXACT,True,True,E4-210323-G0,2.842170943040401e-14,5.363526386455982e-17,0,1.0,False,2,90016100|9624708,90016100|9624708,,,False,True,PASS,E7_RESULT,True,0.0031337000109488145,0.0,0.0,0.0013773999962722883,0.0,0.0014503999991575256,5.444542500001262,5.561576699998113,1.0,1.0
E7-210323-G0-L2000,210323,G0,0,L2000,0.2,572191.0296511828,1581.0600000000002,66695.14285663515,0.0,503914.82679454767,1985.8657230112722,191115.44285714286,310813.5182142857,2964.5214285714283,0.14215949488006338,0.0,68276.20285663515,68276.20285663515,1.0,0.0,0.0,4,12,4,40,572191.0296516211,572191.0296516211,0.0,OPTIMAL,CERTIFIED_PRB_EXACT,True,False,,0.0,0.0,0,0.0,False,2,90016100|9624708,90016100|9624708,,,False,True,PASS,E7_RESULT,True,0.0038423000078182667,0.07172230001015123,0.0038978999946266413,0.0017231999954674393,0.017823400004999712,0.08360260000335984,5.451915099998587,5.7692171999951825,1.0,1.0
E7-210323-G2-L0025,210323,G2,2,L0025,0.0025,627050.3109190209,1581.0600000000002,66690.89804598698,4.244810649413182,558774.1080623845,1814.2706721812192,211406.683669947,345553.1537204494,3058.9848511259997,0.13787308144619984,5.002664948960955e-13,68276.20285663515,68276.20285663639,1.0000000000000182,-1.2369127944111824e-09,6.21711587905136e-05,7,41,7,192,627050.3109199037,627050.3109190209,0.0,OPTIMAL,CERTIFIED_PRB_EXACT,True,True,E5-210323-L0025,19.477490542920858,0.03675642196142806,2,0.7282633369207543,True,2,90016100|9624708,90016100|9624708,,,False,True,PASS,E7_RESULT,True,0.0033417999948142096,0.0,0.0,0.00222389999544248,0.0,0.0018111999961547554,5.596881599994958,5.704079399991315,1.0958758149377257,1.108866178073838
E7-210323-G2-L0500,210323,G2,2,L0500,0.05,627147.2289325014,1581.0600000000002,66606.00183302385,89.14102361131269,558871.0260758662,1798.2767220546957,211446.30190274774,345626.4474510638,3060.3997880112797,0.1374502434084508,1.6997514507011147e-13,68276.20285663515,68276.20285663517,1.0000000000000002,-1.4551915228366852e-11,0.0013055943342146462,4,31,4,120,627147.2289325013,627147.2289325014,1.8562678180862116e-16,OPTIMAL,CERTIFIED_PRB_EXACT,True,True,E4-210323-G2,20.892427425639706,0.039426582010814094,2,0.7466666664690438,True,2,90016100|9624708,90016100|9624708,,,False,True,MISSING_BY_REUSE_SCHEMA_SOURCE_REFERENCED,PASS,True,0.0031898000015644357,0.0,0.0,0.0008221000025514513,0.0,0.0021979999874019995,5.637394400007906,5.7478217000025325,1.0960451954565258,1.1090585082223128
E7-210323-G2-L2000,210323,G2,2,L2000,0.2,627528.843610591,1581.0600000000002,66271.72299447727,423.4198621578798,559252.6407539558,1735.300545232395,211602.29869400288,345915.0415149508,3065.9711019851225,0.13578531863822974,1.9984014443252818e-15,68276.20285663515,68276.20285663515,1.0,0.0,0.006201573087580271,5,34,5,144,627528.8436105908,627528.8436105909,1.855138979064612e-16,OPTIMAL,CERTIFIED_PRB_EXACT,True,True,E5-210323-L2000,26.463741384867504,0.04994033717417623,2,0.8000000000000006,True,2,90016100|9624708,90016100|9624708,,,False,True,PASS,E7_RESULT,True,0.0019457000016700476,0.0,0.0,0.0009156000014627352,0.0,0.0011679999879561365,5.611184199995478,5.703383899992332,1.0967121312494938,1.1098158081821436
E7-210323-G4-L0025,210323,G4,4,L0025,0.0025,666241.1190655038,1130.832,66827.54983551751,317.82102111763186,597964.9162088687,940.2148236719011,226863.9007116745,370160.80067372625,3232.8487203762024,0.1224352648306285,0.0,68276.20285663515,68276.20285663514,0.9999999999999998,1.4551915228366852e-11,0.004654931115384161,7,75,7,320,666241.1190655038,666241.1190655038,0.0,OPTIMAL,CERTIFIED_PRB_EXACT,True,False,,957.2262867246343,1.8064038193159009,7,0.3459381352505039,True,4,90018300|90019100|91017500|9624708,90018300|90019100|91017500|9624708,90018300|90019100|91017500,90016100,True,True,PASS,E7_RESULT,True,0.0017651999951340258,13.186212800006615,0.8830855999985943,0.0025006000068970025,2688.771496100002,0.06542240000271704,5.313303599992651,2710.1718260000052,1.164368339489143,1.1866388611992436
E7-210323-G4-L0500,210323,G4,4,L0500,0.05,667106.7469294972,1581.0600000000002,66117.70343118209,577.4394254530805,598830.544072862,834.2609161882083,227204.80659621774,370791.47656051914,3244.0450050001114,0.11331826715511613,1.2212453270876722e-15,68276.20285663515,68276.20285663517,1.0000000000000002,-1.4551915228366852e-11,0.008457403916640984,4,51,4,200,667106.7469294973,667106.7469294972,0.0,OPTIMAL,CERTIFIED_PRB_EXACT,True,True,E4-210323-G4,135.33736534056567,0.2553982658414783,4,0.7049719078786831,True,2,90016100|9624708,90016100|9624708,,,False,True,PASS,E7_RESULT,True,0.003264600003603846,0.0,0.0,0.0014680000022053719,0.0,0.0020300000032875687,5.513000199993257,5.611609300001874,1.1658811696789035,1.1883566671020234
E7-210323-G4-L2000,210323,G4,4,L2000,0.2,669443.7086257902,1581.0600000000002,66111.42857109007,583.7142855450785,601167.5057691551,1214.2685542844774,227891.45714310446,372061.78007174353,3199.1678571453845,0.13258976295989588,4.466427228067005e-13,68276.20285663515,68276.20285663515,1.0,0.0,0.008549307974416045,7,60,7,320,669443.7086257903,669443.7086257902,0.0,OPTIMAL,CERTIFIED_PRB_EXACT,True,False,,36.48214284656741,0.06884629380620588,2,0.8000000000000002,True,2,90016100|9624708,90016100|9624708,,,False,True,PASS,E7_RESULT,True,0.0018803999992087483,12.32257629999367,0.8803669000044465,0.0024139000015566126,2613.4646072999894,0.056963199996971525,5.335384000005433,2633.998921300008,1.1699654030471156,1.1929942795953066
E7-210428-G0-L0025,210428,G0,0,L0025,0.0025,735829.857081639,1222.776,74689.19999934213,3.4437311310578903e-09,659917.8810822935,2259.48441507974,249885.46666666583,407772.9300000001,3760.4799999999896,0.133021412999815,1.6697754290362354e-13,75911.97599934557,75911.97599934558,1.0000000000000002,-1.4551915228366852e-11,4.5364793706431495e-14,7,17,7,64,735829.8570816388,735829.857081639,3.164191306089357e-16,OPTIMAL,CERTIFIED_PRB_EXACT,True,False,,2.3494175493965486e-08,3.974518793888635e-11,0,0.5177926583494915,False,2,90016100|9624708,90016100|9624708,,,False,True,PASS,E7_RESULT,True,0.0046282999974209815,0.21508180000819266,0.003788200003327802,0.0023658999998588115,0.012835499990615062,0.0576675000047544,5.1662669999932405,5.610241499991389,1.0,1.0
E7-210428-G0-L0500,210428,G0,0,L0500,0.05,735829.857081666,1222.776,74689.19999934557,0.0,659917.8810823205,2259.484414952599,249885.46666666665,407772.93000000005,3760.4799999999996,0.13302141299987194,9.992007221626409e-16,75911.97599934557,75911.97599934557,1.0,0.0,0.0,5,13,5,48,735829.8570816658,735829.857081666,3.164191306089241e-16,OPTIMAL,CERTIFIED_PRB_EXACT,True,True,E4-210428-G0,1.965192453212694e-09,3.324523706272712e-12,0,0.7272940102412987,False,2,90016100|9624708,90016100|9624708,,,False,True,PASS,E7_RESULT,True,0.0017853999888757244,0.0,0.0,0.003000099997734651,0.0,0.0008095000084722415,5.4379791999963345,5.540844799994375,1.0,1.0
E7-210428-G0-L2000,210428,G0,0,L2000,0.2,735829.8570817087,1222.776,74689.19999934557,0.0,659917.8810823632,2259.4844151557936,249885.46666666665,407772.93000000005,3760.479999999999,0.1330214129998722,8.881784197001252e-16,75911.97599934557,75911.97599934557,1.0,0.0,0.0,5,13,5,48,735829.85708167,735829.8570816095,0.0,OPTIMAL,CERTIFIED_PRB_EXACT,True,False,,0.0,0.0,0,0.0,False,2,90016100|9624708,90016100|9624708,,,False,True,PASS,E7_RESULT,True,0.004029200004879385,0.09307670000998769,0.006231599996681325,0.001609599989023991,0.014785100007429719,0.0885924000031082,5.683415999999852,6.038048200003686,1.0,1.0
E7-210428-G2-L0025,210428,G2,2,L0025,0.0025,793717.388081639,1222.776,74689.19999934213,3.4437311310578903e-09,717805.4120822934,2259.484412251034,271606.86666666577,443939.0610000001,3848.279999999988,0.13302141299983125,8.892886427247504e-14,75911.97599934557,75911.97599934558,1.0000000000000002,-1.4551915228366852e-11,4.5364793706431495e-14,7,40,7,192,793717.3880816388,793717.388081639,1.4667099848763896e-16,OPTIMAL,CERTIFIED_PRB_EXACT,True,True,E5-210428-L0025,2.3494175493965486e-08,3.974518793888635e-11,0,0.5177926583494915,False,2,90016100|9624708,90016100|9624708,,,False,True,PASS,E7_RESULT,True,0.002784500000416301,0.0,0.0,0.0028568999987328425,0.0,0.0021413000067695975,5.596775400001206,5.7385043999966,1.078669722956862,1.087719294565957
E7-210428-G2-L0500,210428,G2,2,L0500,0.05,793717.3880816748,1222.776,74689.1999993374,8.16683609627944e-09,717805.4120823293,2259.4844156625913,271606.86666666664,443939.06100000005,3848.2799999999997,0.1330214129998716,1.887379141862766e-15,75911.97599934557,75911.97599934557,1.0,0.0,1.0758297342108241e-13,5,33,5,144,793717.3880816748,793717.3880816748,0.0,OPTIMAL,CERTIFIED_PRB_EXACT,True,True,E4-210428-G2,1.82907911039365e-09,3.0942602355362093e-12,0,0.7070002330821226,False,2,90016100|9624708,90016100|9624708,,,False,True,MISSING_BY_REUSE_SCHEMA_SOURCE_REFERENCED,PASS,True,0.0028289000038057566,0.0,0.0,0.0026448999997228384,0.0,0.002175099987653084,5.596793299991987,5.729365299994242,1.0786697229568711,1.0877192945659668
E7-210428-G2-L2000,210428,G2,2,L2000,0.2,793717.3880817087,1222.776,74689.19999934557,0.0,717805.4120823632,2259.4844150916333,271606.86666666664,443939.06100000005,3848.28,0.13302141299987236,2.220446049250313e-16,75911.97599934557,75911.97599934557,1.0,0.0,0.0,5,33,5,144,793717.3880816905,793717.3880816095,0.0,OPTIMAL,CERTIFIED_PRB_EXACT,True,True,E5-210428-L2000,0.0,0.0,0,0.0,False,2,90016100|9624708,90016100|9624708,,,False,True,PASS,E7_RESULT,True,0.0028214999911142513,0.0,0.0,0.0013747000048169866,0.0,0.0008969999908003956,5.40572450000036,5.505131199999596,1.0786697229568547,1.0877192945659477
E7-210428-G4-L0025,210428,G4,4,L0025,0.0025,826500.0860816389,1222.776,74689.19999934213,3.4437311310578903e-09,750588.1100822934,2259.4844149680375,283908.0666666664,464420.55900000007,3909.479999999996,0.13302141299986073,1.942890293094024e-14,75911.97599934557,75911.97599934558,1.0000000000000002,-1.4551915228366852e-11,4.5364793706431495e-14,8,75,8,360,826500.0860816388,826500.0860816389,1.4085336927047302e-16,OPTIMAL,CERTIFIED_PRB_EXACT,True,False,,2.3494175493965486e-08,3.974518793888635e-11,0,0.5177926583494915,False,2,90016100|9624708,90016100|9624708,,,False,True,PASS,E7_RESULT,True,0.0037198999925749376,20.24520430000848,1.17898339999374,0.0025200999953085557,3492.166954900007,0.07037200000195298,5.676679800002603,3521.299557499995,1.123221731392642,1.1373962300450124
E7-210428-G4-L0500,210428,G4,4,L0500,0.05,826500.086081671,1222.776,74689.19999934148,4.084290239347865e-09,750588.1100823254,2259.4844155511705,283908.06666666357,464420.55900000007,3909.4799999998972,0.1330214129998568,6.061817714453355e-14,75911.97599934557,75911.97599934557,1.0,0.0,5.3802976217916864e-14,6,59,6,280,826500.0860816708,826500.086081671,1.4085336927046754e-16,OPTIMAL,CERTIFIED_PRB_EXACT,True,True,E4-210428-G4,1.8974537496774246e-09,3.20992987839238e-12,0,0.7175036967378365,False,2,90016100|9624708,90016100|9624708,,,False,True,PASS,E7_RESULT,True,0.0023778000031597912,0.0,0.0,0.0015799999964656308,0.0,0.0017708000086713582,5.616915200007497,5.7137594999949215,1.1232217313926445,1.1373962300450144
E7-210428-G4-L2000,210428,G4,4,L2000,0.2,826500.0860817087,1222.776,74689.19999934557,0.0,750588.1100823631,2259.484423759213,283908.0666666667,464420.55900000007,3909.48,0.13302141299987236,2.220446049250313e-16,75911.97599934557,75911.97599934557,1.0,0.0,0.0,5,57,5,240,826500.0860816906,826500.0860816096,0.0,OPTIMAL,CERTIFIED_PRB_EXACT,True,False,,0.0,0.0,0,0.0,False,2,90016100|9624708,90016100|9624708,,,False,True,PASS,E7_RESULT,True,0.004695499999797903,13.60979450000741,1.1155502000037814,0.0014507000014418736,3467.029895399988,0.06303959999058861,5.363684800002375,3488.9523339000007,1.1232217313926305,1.1373962300449978
E7-210611-G0-L0025,210611,G0,0,L0025,0.0025,536966.3137671653,691.008,63965.24999801094,-5.267776693982424e-08,472310.0557692071,1676.2932671146818,179271.25,291362.5125,2685.6,0.14426357073257498,0.0,64656.257997955974,64656.257997958266,1.0000000000000355,-2.291926648467779e-09,-8.147357822886932e-13,10,23,10,88,536966.3137671214,536966.3137671667,8.433594255283928e-14,OPTIMAL,CERTIFIED_PRB_EXACT,True,False,,1.7612113656362283e-07,3.547521445660391e-10,0,0.37324054251884364,False,5,90015700|90016100|90038200|90038300|9624708,90015700|90016100|90038200|90038300|9624708,,,False,True,PASS,E7_RESULT,True,0.0047885999956633896,0.2915196999965701,0.0036700000055134296,0.0016697999963071197,0.013734100008150563,0.05650199999217875,5.395901799987769,5.913747099999455,1.0,1.0
E7-210611-G0-L0500,210611,G0,0,L0500,0.05,536966.313767111,691.008,63965.24999822569,-2.071274771697773e-07,472310.05576909246,1676.2932675007048,179271.25,291362.5125,2685.6000000000004,0.14426357073257648,0.0,64656.257997955974,64656.25799801857,1.0000000000009681,-6.259506335482001e-08,-3.203517858647579e-12,5,13,5,48,536966.3137671129,536966.3137671129,0.0,OPTIMAL,CERTIFIED_PRB_EXACT,True,True,E4-210611-G0,5.820635506914584e-08,1.1724219869937388e-10,0,0.3752148347413754,False,5,90015700|90016100|90038200|90038300|9624708,90015700|90016100|90038200|90038300|9624708,,,False,True,PASS,E7_RESULT,True,0.0018277000053785741,0.0,0.0,0.002925900000263937,0.0,0.0010076000035041943,5.195323000007193,5.298256800000672,1.0,1.0
E7-210611-G0-L2000,210611,G0,0,L2000,0.2,536966.3137679349,691.008,63965.249997369545,5.864237664354732e-07,472310.05576997896,1676.2932677896713,179271.24999999817,291362.51250000007,2685.5999999999813,0.14426357073236826,0.0,64656.257997955974,64656.25799795597,0.9999999999999999,7.275957614183426e-12,9.06986863443307e-12,4,12,4,40,536966.3137678608,536966.3137679368,1.4157164649595134e-13,OPTIMAL,CERTIFIED_PRB_EXACT,True,False,,3.665151027121283e-08,7.382533478938789e-11,0,0.8000005428206493,False,5,90015700|90016100|90038200|90038300|9624708,90015700|90016100|90038200|90038300|9624708,,,False,True,PASS,E7_RESULT,True,0.004938700003549457,0.06865560000005644,0.004424899991136044,0.0028593000024557114,0.01934070000424981,0.08937149999837857,5.561092200005078,5.878063600001042,1.0,1.0
E7-210611-G2-L0025,210611,G2,2,L0025,0.0025,617415.6681421598,691.008,63965.24999801629,-5.8021342397296394e-08,552759.4101442016,1676.2932675644513,209458.62499999997,341624.49187500007,2807.4750000000004,0.14426357073256904,0.0,64656.257997955974,64656.25799795827,1.0000000000000355,-2.2992026060819626e-09,-8.973816950422752e-13,10,50,10,264,617415.6681421159,617415.6681421611,7.315840397242791e-14,OPTIMAL,CERTIFIED_PRB_EXACT,True,True,E5-210611-L0025,1.76032714849228e-07,3.5457404105490013e-10,0,0.37342963683448827,False,5,90015700|90016100|90038200|90038300|9624708,90015700|90016100|90038200|90038300|9624708,,,False,True,PASS,E7_RESULT,True,0.0015328000008594245,0.0,0.0,0.003050800005439669,0.0,0.0009254000033251941,5.314723800009233,5.406938700005412,1.149821976374254,1.170331656911209
E7-210611-G2-L0500,210611,G2,2,L0500,0.05,617415.6681423202,691.008,63965.24999784426,1.1170719497670783e-07,552759.4101443642,1676.2932693641633,209458.625,341624.49187500007,2807.475,0.14426357073257684,0.0,64656.257997955974,64656.25799795597,0.9999999999999999,7.275957614183426e-12,1.7277089401035133e-12,5,34,5,144,617415.6681423222,617415.6681421611,0.0,OPTIMAL,CERTIFIED_PRB_EXACT,True,True,E4-210611-G2,5.417702364049791e-08,1.0912611454632943e-10,0,0.5827457761557581,False,5,90015700|90016100|90038200|90038300|9624708,90015700|90016100|90038200|90038300|9624708,,,False,True,MISSING_BY_REUSE_SCHEMA_SOURCE_REFERENCED,PASS,True,0.002008900002692826,0.0,0.0,0.0031309000041801482,0.0,0.001167800000985153,5.388322800004971,5.489137800002936,1.1498219763746689,1.1703316569118372
E7-210611-G2-L2000,210611,G2,2,L2000,0.2,617415.6681428609,691.008,63965.249997369545,5.864237664354732e-07,552759.4101449049,1676.2932677882575,209458.625,341624.49187500007,2807.475,0.14426357073257642,0.0,64656.257997955974,64656.25799795597,0.9999999999999999,7.275957614183426e-12,9.06986863443307e-12,4,32,4,120,617415.6681428609,617415.6681429369,1.2312483967509124e-13,OPTIMAL,CERTIFIED_PRB_EXACT,True,True,E5-210611-L2000,3.665151027121283e-08,7.382533478938789e-11,0,0.8000005428206493,False,5,90015700|90016100|90038200|90038300|9624708,90015700|90016100|90038200|90038300|9624708,,,False,True,PASS,E7_RESULT,True,0.0017667999927653,0.0,0.0,0.001223200000822544,0.0,0.0009756000072229654,5.46746919999714,5.563568400000804,1.1498219763739117,1.1703316569107853
E7-210611-G4-L0025,210611,G4,4,L0025,0.0025,645203.2900171331,691.008,63965.24999798961,0.0,580547.0320191435,1676.2932663741233,219885.5,358985.23875,2859.35,0.14426357073257706,0.0,64656.257997955974,64656.25799798961,1.0000000000005203,-3.363675205036998e-08,0.0,11,99,11,480,645203.2900171332,645203.2900171331,0.0,OPTIMAL,CERTIFIED_PRB_EXACT,True,False,,1.1536854667426599e-07,2.3238119028023812e-10,0,0.3049411674219944,False,5,90015700|90016100|90038200|90038300|9624708,90015700|90016100|90038200|90038300|9624708,,,False,True,PASS,E7_RESULT,True,0.005101300004753284,24.146750000014435,1.2091501999966567,0.0030678999901283532,3616.8682610999967,0.07731979999516625,5.439822300002561,3649.700822400002,1.2015712596393908,1.2291650896012811
E7-210611-G4-L0500,210611,G4,4,L0500,0.05,645203.2900173202,691.008,63965.24999784426,1.1170719497670783e-07,580547.0320193642,1676.2932654159513,219885.5,358985.23875,2859.35,0.1442635707325769,0.0,64656.257997955974,64656.25799795597,0.9999999999999999,7.275957614183426e-12,1.7277089401035133e-12,5,60,5,240,645203.2900173222,645203.290017161,0.0,OPTIMAL,CERTIFIED_PRB_EXACT,True,True,E4-210611-G4,5.417702364049791e-08,1.0912611454632943e-10,0,0.5827457761557581,False,5,90015700|90016100|90038200|90038300|9624708,90015700|90016100|90038200|90038300|9624708,,,False,True,PASS,E7_RESULT,True,0.0037523999926634133,0.0,0.0,0.0012089000083506107,0.0,0.0008834000036586076,5.420814700002666,5.536969399996451,1.2015712596398604,1.2291650896020467
E7-210611-G4-L2000,210611,G4,4,L2000,0.2,645203.2900178608,691.008,63965.249997369545,5.864237664354732e-07,580547.0320199048,1676.2932674855856,219885.5,358985.23875,2859.35,0.1442635707325771,0.0,64656.257997955974,64656.25799795597,0.9999999999999999,7.275957614183426e-12,9.06986863443307e-12,4,54,4,200,645203.2900178608,645203.2900179368,1.1782209782419906e-13,OPTIMAL,CERTIFIED_PRB_EXACT,True,False,,3.665151027121283e-08,7.382533478938789e-11,0,0.8000005428206493,False,5,90015700|90016100|90038200|90038300|9624708,90015700|90016100|90038200|90038300|9624708,,,False,True,PASS,E7_RESULT,True,0.0021865000016987324,13.368694600008894,1.211537800001679,0.0030792999896220863,3646.268753700002,0.07318460001260974,5.488264100000379,3668.172229799995,1.2015712596390238,1.229165089600884
