case,gamma,beta,lambda_r,status,budget,objective,first_stage_expenditure,budget_utilization,robust_recourse_cost,total_inventory,active_depot_count,ri,ri_from_adjustments,reconfiguration_cost,rs,total_a_plus,total_a_minus,positive_changed_pairs,depot_activation_changes,balance_max_error,ri_representation_error,simultaneous_positive_adjustment_pairs,objective_accounting_error
210202,1,0.9,0.0,OPTIMAL,76152.87461821854,134054.09596896154,76152.87461821853,0.9999999999999998,57901.22135074304,5265.843996455597,11,0.6490031179480736,0.6490031179480736,0.0,0.0,1619.1607026838678,2129.7856572769892,55,2,0.0,0.0,0,2.9103830456733704e-11
210202,1,0.9,0.0025,OPTIMAL,76152.87461821854,134468.08354851385,76152.87461821864,1.0000000000000013,58315.20893029522,5262.618527266271,11,0.33523543043617304,0.33523543043614035,60.43214273327191,0.0007935635133439118,711.3133157117791,1225.1637394940383,39,2,1.8883383745560423e-10,1.8894752429332584e-10,0,1.4551915228366852e-11
210202,1,0.9,0.005,OPTIMAL,76152.87461821854,134804.61965587974,76152.87461821854,1.0,58651.74503766116,5259.167696553132,8,0.33780284611394074,0.33780284611394074,81.3998062711722,0.0010688999815077027,717.0031988287403,1234.3044533243267,46,5,0.0,0.0,0,3.637978807091713e-11
210202,1,0.9,0.01,OPTIMAL,76152.87461821854,135275.95114033998,76152.87461821844,0.9999999999999987,59123.07652212153,5258.468780857131,9,0.30939922431360756,0.30939922431360756,132.45222018360545,0.0017392937672758323,634.6174212672615,1152.6175914588503,40,4,1.7053025658242404e-13,2.2737367544323206e-13,0,7.275957614183426e-12
210202,1,0.9,0.025,OPTIMAL,76152.87461821854,136416.50197464105,76152.87461821856,1.0000000000000002,60263.627356422534,5259.049310670911,9,0.26236098142325426,0.2623609814232542,306.4650133596702,0.004024339394882837,499.0502113901445,1016.4698517679532,40,4,1.7053025658242404e-13,2.2737367544323206e-13,0,3.637978807091713e-11
210202,1,0.9,0.05,OPTIMAL,76152.87461821854,138154.90337415956,76152.8746182186,1.0000000000000007,62002.028755940955,5254.217692643409,9,0.20857952567368643,0.20857952567368643,559.1366042898103,0.007342291503675482,341.30094773660414,863.5522061419146,37,4,1.0658141036401503e-14,0.0,0,7.275957614183426e-12
210202,1,0.9,0.1,OPTIMAL,76152.87461821854,142039.63192900913,76152.87461821848,0.9999999999999992,65886.75731079059,5198.0649959551865,9,0.20103110780384081,0.20103110780384076,1116.5222538749294,0.014661590379515584,291.42299866514054,869.8269537586734,33,4,1.4566126083082054e-13,2.2737367544323206e-13,0,5.820766091346741e-11
210202,1,0.9,0.2,OPTIMAL,76152.87461821854,152430.1389601135,76152.8746182186,1.0000000000000007,76277.26434189492,4990.456158192643,9,0.171645250859905,0.17164525085990498,2164.5022905701753,0.028423119959969937,102.7453346655666,888.7581275216429,32,4,1.7053025658242404e-13,2.2737367544323206e-13,0,2.9103830456733704e-11
210202,1,0.9,0.4,OPTIMAL,76152.87461821854,185598.00064110057,76152.8746182186,1.0000000000000007,109445.12602288196,4348.945609429658,7,0.27230916548699646,0.27230916548699646,5531.21721315136,0.0726330718424133,72.7310489512809,1500.2543905703415,35,6,2.842170943040401e-14,0.0,0,1.4551915228366852e-11
210202,1,0.9,0.8,OPTIMAL,76152.87461821854,431068.82093865005,76152.8746182185,0.9999999999999994,354915.94632043154,3177.2189261670546,9,0.4499721277666992,0.44997212776669915,26500.68926390366,0.34799328845773775,0.0,2599.2500248816646,32,4,1.7053025658242404e-13,4.547473508864641e-13,0,0.0
210202,1,0.9,1.6,INFEASIBLE,76152.87461821854,,,,,,,,,,,,,,,,,,
210202,1,1.0,0.0,OPTIMAL,84614.30513135393,113164.57123020572,84564.42143901098,0.9994104579330232,28600.14979119475,5773.492468154314,13,0.08364104546707803,0.08364104546707803,0.0,0.0,240.0867096397128,243.0631925341176,21,0,0.0,0.0,0,1.4551915228366852e-11
210202,1,1.0,0.0025,OPTIMAL,84614.30513135393,113171.0845422307,84568.05888064308,0.9994534464280116,28603.025661587617,5773.460833424404,13,0.04847322864727652,0.048473228647276455,3.108995821481767,3.67431466423486e-05,138.49799130688115,141.50610893119662,14,0,2.5579538487363607e-13,3.410605131648481e-13,0,1.0913936421275139e-11
210202,1,1.0,0.005,OPTIMAL,84614.30513135393,113173.78901629124,84567.00259413954,0.9994409628828015,28606.786422151716,5773.3932485015985,13,0.0361866485533862,0.03618664855338614,4.859829258651723,5.743507851429376e-05,102.977674632013,106.05337717913403,10,0,2.8421709430404007e-13,3.694822225952521e-13,0,2.1827872842550278e-11
210202,1,1.0,0.01,OPTIMAL,84614.30513135393,113178.36136254208,84569.93303148447,0.999475595765981,28608.428331057607,5773.3932485015985,13,0.023777502240152175,0.02377750224015212,7.790266603612649,9.206796169417405e-05,67.1371504383045,70.21285298542558,9,0,2.5579538487363607e-13,3.126388037344441e-13,0,7.275957614183426e-12
210202,1,1.0,0.025,OPTIMAL,84614.30513135393,113188.08264885598,84575.53196946155,0.9995417658771505,28612.550679394437,5773.329197542741,13,0.01694493138587753,0.016944931385877472,16.049542365633826,0.00018967882961065232,47.371058261097026,50.51081176707514,9,0,2.5579538487363607e-13,3.268496584496461e-13,0,0.0
210202,1,1.0,0.05,OPTIMAL,84614.30513135393,113204.13219122177,84591.58151182721,0.9997314447067616,28612.550679394568,5773.329197542741,13,0.016944931385878048,0.01694493138587791,32.09908473126896,0.0003793576592213201,47.37105826109827,50.510811767076405,9,0,3.410605131648481e-13,8.100187187665142e-13,0,1.4551915228366852e-11
210202,1,1.0,0.1,OPTIMAL,84614.30513135393,113237.43211012325,84614.30513135393,1.0,28623.126978769298,5773.289780003534,13,0.01765866022708207,0.017658660227081843,60.5283020880113,0.0007153436052455682,49.412765736835624,52.59193678202155,11,0,5.115907697472721e-13,1.3358203432289883e-12,0,1.8189894035458565e-11
210202,1,1.0,0.2,OPTIMAL,84614.30513135393,113260.49201003119,84614.30513135396,1.0000000000000004,28646.186878677203,5770.419702903701,13,0.005733877037532663,0.005733877037532625,33.93262405710669,0.00040102703679277654,13.536157265710099,19.585405410728313,8,0,8.526512829121202e-14,2.2026824808563106e-13,0,2.1827872842550278e-11
210202,1,1.0,0.4,OPTIMAL,84614.30513135393,113310.18452811573,84614.30513135399,1.0000000000000007,28695.879396761775,5770.9968445356435,13,0.0049166154529212275,0.004916615452921142,50.49310145162651,0.0005967442665072035,11.464284997484809,16.936391510560497,8,0,4.263256414560601e-13,4.938272013532696e-13,0,3.637978807091713e-11
210202,1,1.0,0.8,OPTIMAL,84614.30513135393,113742.56203863944,84614.30513135393,1.0,29128.256907285526,5776.46895104872,13,3.6901924434187486e-17,0.0,0.0,0.0,0.0,0.0,0,0,1.2079226507921703e-13,2.1316282072803006e-13,0,1.4551915228366852e-11
210202,1,1.0,1.6,OPTIMAL,84614.30513135393,113742.56203864222,84614.3051313531,0.9999999999999902,29128.25690728909,5776.468951048571,13,2.5872848545730108e-14,4.633750049917966e-16,1.1660566632754069e-11,1.3780845466558386e-16,8.967617759481072e-13,1.779909553079051e-12,0,0,4.462208380573429e-12,1.4677703497056882e-10,0,2.9103830456733704e-11
210202,1,1.1,0.0,OPTIMAL,93075.73564448934,112802.97664731962,85096.58742739474,0.9142725205248806,27706.389219924873,5807.1901717495,14,0.11564014032088636,0.11564014032088638,0.0,0.0,349.35645037964923,318.6352296788679,35,1,0.0,1.1368683772161603e-13,0,7.275957614183426e-12
210202,1,1.1,0.0025,OPTIMAL,93075.73564448934,112814.0083339184,85106.88523106728,0.9143831594964797,27707.123102851117,5807.208337106438,14,0.06507152736418696,0.06507152736418689,7.90551077239681,8.493632328185489e-05,203.3115217371313,172.57213567941136,24,1,3.0686564400639327e-13,3.979039320256561e-13,0,7.275957614183426e-12
210202,1,1.1,0.005,OPTIMAL,93075.73564448934,112819.04346257201,85112.9553602059,0.9144483765919622,27706.08810236611,5807.315703993113,14,0.029478289046073882,0.029478289046073688,7.34687642255543,7.89343900607721e-05,100.56358717453881,69.7168342301454,20,1,3.410605131648481e-13,1.1368683772161603e-12,0,3.637978807091713e-12
210202,1,1.1,0.01,OPTIMAL,93075.73564448934,112824.11390406164,85121.0278742174,0.9145351071878108,27703.086029844246,5807.373696854727,14,0.02129425607432761,0.021294256074327573,9.176474147922912,9.859147590273401e-05,76.95517742752125,46.050431621512566,17,1,1.1368683772161603e-13,2.1316282072803006e-13,0,3.637978807091713e-12
210202,1,1.1,0.025,OPTIMAL,93075.73564448934,112835.40717496253,85130.03429409055,0.9146318716110065,27705.372880871975,5807.40294692609,14,0.01723879495025378,0.01723879495025374,16.620103543454032,0.00017856537397604815,65.25667983050386,34.3226839531323,13,1,1.1368683772161603e-13,2.5579538487363607e-13,0,0.0
210202,1,1.1,0.05,OPTIMAL,93075.73564448934,112851.54071765917,85142.23665691208,0.9147629730493892,27709.3040607471,5807.407591001906,14,0.011293543735753505,0.011293543735753418,28.607414133379926,0.000307356304361089,48.08772234503889,17.149082391851493,9,1,2.2737367544323206e-13,4.973799150320701e-13,0,1.0913936421275139e-11
210202,1,1.1,0.1,OPTIMAL,93075.73564448934,112873.03383988589,85155.62070875868,0.9149067704822424,27717.41313112723,5807.408745449126,14,0.008770323487628231,0.008770323487628151,41.87127623071243,0.0004498624259134875,40.80064785867243,9.860853458264902,7,1,1.1368683772161603e-13,4.547473508864641e-13,0,2.1827872842550278e-11
210202,1,1.1,0.2,OPTIMAL,93075.73564448934,112914.90511611661,85197.49198498938,0.9153566329081558,27717.413131127247,5807.408745449126,14,0.008770323487628191,0.008770323487628143,83.74255246142474,0.0008997248518269736,40.80064785867242,9.860853458264858,7,1,8.526512829121202e-14,2.8421709430404007e-13,0,1.0913936421275139e-11
210202,1,1.1,0.4,OPTIMAL,93075.73564448934,112978.07087938079,85071.95465458717,0.9140078675233545,27906.116224793634,5798.325090929803,14,0.007197796292156335,0.007197796292156233,107.69085267609913,0.0011570239217601618,31.716993339349177,9.860853458264899,6,1,2.779998453661392e-13,5.897504706808832e-13,0,1.8189894035458565e-11
210202,1,1.1,0.8,OPTIMAL,93075.73564448934,113057.09286908222,85117.40952833813,0.9144962319014195,27939.683340744086,5798.325090929803,14,0.0037836505426238343,0.0037836505426237063,153.14572642705886,0.0016453882998251224,21.856139881084477,0.0,3,1,4.263256414560601e-13,7.389644451905042e-13,0,0.0
210202,1,1.1,1.6,OPTIMAL,93075.73564448934,113183.55551514715,84939.10496405028,0.912580538589374,28244.450551096903,5789.664762523313,14,0.0022844079292070395,0.0022844079292069744,102.32204318339251,0.0010993417615759733,13.195811474593587,0.0,2,1,2.913225216616411e-13,3.765876499528531e-13,0,2.9103830456733704e-11
210202,2,0.9,0.0,OPTIMAL,76152.87461821854,139819.3006299691,76152.87461821853,0.9999999999999998,63666.42601175055,5262.880257579265,11,0.6389523719115525,0.6389523719115525,0.0,0.0,1588.6499220382814,2102.238615507735,58,2,0.0,0.0,0,2.9103830456733704e-11
210202,2,0.9,0.0025,OPTIMAL,76152.87461821854,140275.30457178998,76152.87461821864,1.0000000000000013,64122.4299535713,5261.221912375831,11,0.35675912401481863,0.35675912401476834,65.0313137745339,0.0008539574389090236,772.7804821010258,1288.0275207736227,42,2,2.906972440541722e-10,2.9058355721645057e-10,0,3.637978807091713e-11
210202,2,0.9,0.005,OPTIMAL,76152.87461821854,140732.4741401638,76152.87461821863,1.000000000000001,64579.59952194514,5233.652319631964,10,0.3378992462021048,0.3378992462016651,127.42756302158503,0.0016733125789462938,704.523936425038,1247.3405678416475,38,3,1.4517809177050367e-10,2.5399913283763453e-09,0,2.9103830456733704e-11
210202,2,0.9,0.01,OPTIMAL,76152.87461821854,141650.76594736357,76152.87461821856,1.0000000000000002,65497.89132914506,5241.423048410986,10,0.31612652805548197,0.3161265280553335,247.8709089758522,0.0032549120465710226,645.5245856383659,1180.5704882760995,35,3,2.1316282072803006e-14,8.578808774473146e-10,0,4.3655745685100555e-11
210202,2,0.9,0.025,OPTIMAL,76152.87461821854,143345.25891952077,76152.8746182185,0.9999999999999994,67192.38430130226,5218.320188936466,9,0.23288523001763767,0.23288523001763767,298.7588440765478,0.003923145982004385,393.5527691212351,951.7015312334879,38,4,0.0,0.0,0,1.4551915228366852e-11
210202,2,0.9,0.05,OPTIMAL,76152.87461821854,145822.56157767976,76152.87461821857,1.0000000000000004,69669.68695946122,5108.817372100776,10,0.22234793472721856,0.22234793472721853,541.0540433953294,0.0071048407050663,308.3671811668212,976.018760114764,26,3,0.0,2.2737367544323206e-13,0,2.9103830456733704e-11
210202,2,0.9,0.1,OPTIMAL,76152.87461821854,150796.4802399677,76152.87461821854,1.0,74643.60562174916,5031.979765284519,10,0.1810957783508385,0.18109577835083845,1004.8703923777441,0.01319543611998256,150.80247752270947,895.2916632869097,23,3,2.842170943040401e-14,2.2737367544323206e-13,0,0.0
210202,2,0.9,0.2,OPTIMAL,76152.87461821854,161452.27997044584,76152.8746182186,1.0000000000000007,85299.40535222727,4639.677708475863,10,0.22752340972340565,0.22752340972340565,2138.5619337444364,0.02808248466608527,88.74533466556659,1225.5365772384223,23,3,2.842170943040401e-14,0.0,0,2.9103830456733704e-11
210202,2,0.9,0.4,OPTIMAL,76152.87461821854,195482.15165177552,76152.8746182186,1.0000000000000007,119329.27703355691,4129.912728067564,8,0.31022729215196,0.31022729215196,5546.761124631385,0.07283718641534247,72.7310489512809,1719.2872719324357,35,5,1.4210854715202004e-14,2.2737367544323206e-13,0,1.4551915228366852e-11
210202,2,0.9,0.8,OPTIMAL,76152.87461821854,441204.9424683312,76152.87461821853,0.9999999999999998,365052.0678501126,3144.7184731434604,9,0.4555984806994357,0.4555984806994356,26500.689263903474,0.3479932884577353,0.0,2631.750477905259,33,4,1.4210854715202004e-13,4.547473508864641e-13,0,5.820766091346741e-11
210202,2,0.9,1.6,INFEASIBLE,76152.87461821854,,,,,,,,,,,,,,,,,,
210202,2,1.0,0.0,OPTIMAL,84614.30513135393,116815.11494450644,84614.30513135395,1.0000000000000002,32200.80981315251,5773.357545429824,13,0.09732384420268013,0.09732384420268013,0.0,0.0,279.53837930729514,282.64978492618945,22,0,0.0,0.0,0,2.1827872842550278e-11
210202,2,1.0,0.0025,OPTIMAL,84614.30513135393,116824.68044866312,84614.30513135395,1.0000000000000002,32210.375317309175,5773.278572910126,13,0.06347088011696297,0.06347088011696288,4.148802368795347,4.903192624881586e-05,181.7235950763892,184.91397321498238,16,0,2.8421709430404007e-13,5.115907697472721e-13,0,7.275957614183426e-12
210202,2,1.0,0.005,OPTIMAL,84614.30513135393,116829.22502454335,84614.30513135395,1.0000000000000002,32214.919893189377,5773.229058202282,13,0.04597656821979013,0.045976568219790126,6.549344650368038,7.740233333123681e-05,131.17116297547713,134.41105582191378,14,0,1.4210854715202004e-14,5.684341886080802e-14,0,2.9103830456733704e-11
210202,2,1.0,0.01,OPTIMAL,84614.30513135393,116836.02286800151,84614.30513135392,0.9999999999999998,32221.717736647595,5773.184593340925,13,0.024335930540857285,0.024335930540857264,9.188795661635433,0.00010859624324008677,68.64569472817296,71.9300524359673,9,0,3.552713678800501e-14,1.1368683772161603e-13,0,0.0
210202,2,1.0,0.025,OPTIMAL,84614.30513135393,116851.29810184852,84614.30513135395,1.0000000000000002,32236.992970494557,5773.183269123004,13,0.020486137110039042,0.02048613711003902,20.388279838358404,0.00024095547208841288,57.525926508676086,60.81160843439126,8,0,7.105427357601002e-14,1.1368683772161603e-13,0,1.0913936421275139e-11
210202,2,1.0,0.05,OPTIMAL,84614.30513135393,116875.3457619544,84614.30513135395,1.0000000000000002,32261.040630600473,5773.133253665497,13,0.020913487972572833,0.020913487972572784,36.82276045566586,0.0004351836299843481,58.73520827423769,62.07090565745982,11,0,8.526512829121202e-14,2.8421709430404007e-13,0,1.4551915228366852e-11
210202,2,1.0,0.1,OPTIMAL,84614.30513135393,116920.20583738707,84614.30513135396,1.0000000000000004,32305.900706033117,5773.179572482363,13,0.018756071834540693,0.018756071834540648,61.03733724405949,0.0007213595520202651,52.52724401475359,55.81662258110984,9,0,1.2789769243681803e-13,2.7000623958883807e-13,0,1.0913936421275139e-11
210202,2,1.0,0.2,OPTIMAL,84614.30513135393,117018.2206073518,84614.30513135402,1.000000000000001,32403.91547599782,5772.62722812171,13,0.008217768808441814,0.008217768808441639,90.09001550030555,0.0010647137663123418,21.81398172092503,25.655704647934723,6,0,4.263256414560601e-13,1.0089706847793423e-12,0,3.637978807091713e-11
210202,2,1.0,0.4,OPTIMAL,84614.30513135393,117253.27153082791,84614.30513135393,1.0,32638.966399473982,5772.071366772367,13,0.007662353820235669,0.007662353820235492,146.45645171662224,0.0017308710564870268,19.93188232909375,24.3294666054461,6,0,4.263256414560601e-13,1.0231815394945443e-12,0,0.0
210202,2,1.0,0.8,OPTIMAL,84614.30513135393,117798.7871766082,84614.30513135396,1.0000000000000004,33184.48204525425,5776.468951048715,13,6.299696653980468e-15,6.064908159767951e-15,1.9936776238653976e-10,2.356194523810653e-15,1.545119587831323e-11,1.958255779754836e-11,0,0,0.0,1.3562484468820912e-12,0,1.4551915228366852e-11
210202,2,1.0,1.6,OPTIMAL,84614.30513135393,117798.78717661102,84614.3051313531,0.9999999999999902,33184.48204525789,5776.4689510485705,13,2.5723870249016668e-14,3.087461010993686e-16,7.680686046347744e-12,9.07729022229086e-17,0.0,1.7834622667578515e-12,0,0,4.462208380573429e-12,1.468096755274928e-10,0,2.1827872842550278e-11
210202,2,1.1,0.0,OPTIMAL,93075.73564448934,115770.16775308308,89028.28607979625,0.9565144499082697,26741.881673286844,6081.920140967713,12,0.6000248882835688,0.6000248882835688,0.0,0.0,1885.7381634727528,1580.2869735537586,61,3,0.0,0.0,0,1.4551915228366852e-11
210202,2,1.1,0.0025,OPTIMAL,93075.73564448934,115844.63958948234,89111.68767956254,0.957410511585234,26732.95190991983,6082.8483039707735,12,0.4201321265666941,0.4201321265666941,73.05813477335047,0.0007849321229369834,1366.6297686863165,1060.250415764262,36,3,2.9398705692074145e-13,0.0,0,3.637978807091713e-11
210202,2,1.1,0.005,OPTIMAL,93075.73564448934,115915.51093050672,89178.13868457207,0.9581244571108793,26737.372245934694,6082.777302597365,12,0.3699799920924279,0.3699799920924279,139.12904387890984,0.0014947939214826624,1221.743144189903,915.434792641257,32,3,5.684341886080802e-14,0.0,0,4.729372449219227e-11
210202,2,1.1,0.01,OPTIMAL,93075.73564448934,116053.6490537162,89316.89687202693,0.9596152665736685,26736.752181689248,6083.433468197797,12,0.3452439857915115,0.34524398579151144,273.21775362990076,0.002935434801971151,1150.6278408050246,843.6633236559462,26,3,2.5579538487363607e-13,4.547473508864641e-13,0,2.1827872842550278e-11
210202,2,1.1,0.025,OPTIMAL,93075.73564448934,116312.22325066598,85166.33977235435,0.9150219354446405,31145.88347831165,5807.34736010741,14,0.0156942543823634,0.01569425438236329,18.292858628604304,0.00019653735210297372,60.76789110413679,29.88948204544505,13,1,3.552713678800501e-13,6.252776074688882e-13,0,1.8189894035458565e-11
210202,2,1.1,0.05,OPTIMAL,93075.73564448934,116330.02776280468,85179.6331095077,0.9151647582443886,31150.394653296968,5807.3484480002535,14,0.011681138950525822,0.011681138950525728,31.541010471891834,0.00033887468364865144,49.177616706066345,18.298119754531335,8,1,3.339550858072471e-13,5.400124791776761e-13,0,3.637978807091713e-12
210202,2,1.1,0.1,OPTIMAL,93075.73564448934,116353.37945090438,85193.4692893778,0.9153134133130194,31159.910161526594,5807.350016184076,14,0.008760156504035386,0.008760156504035282,45.31205628699813,0.0004868299559841393,40.74191859362228,9.860853458265012,7,1,3.481659405224491e-13,6.039613253960852e-13,0,1.0913936421275139e-11
210202,2,1.1,0.2,OPTIMAL,93075.73564448934,116398.6915071914,85238.7813456648,0.9158002432690036,31159.910161526604,5807.350016184077,14,0.008760156504035322,0.008760156504035296,90.62411257399503,0.0009736599119682654,40.741918593622366,9.860853458265012,7,1,4.263256414560601e-14,1.4921397450962104e-13,0,7.275957614183426e-12
210202,2,1.1,0.4,OPTIMAL,93075.73564448934,116489.31561976537,85329.40545823878,0.9167739031809716,31159.910161526604,5807.350016184076,14,0.008760156504035369,0.008760156504035273,181.2482251479904,0.0019473198239365345,40.74191859362223,9.860853458265012,7,1,2.984279490192421e-13,5.542233338928781e-13,0,7.275957614183426e-12
210202,2,1.1,0.8,OPTIMAL,93075.73564448934,116635.77909725059,85428.81416249635,0.9178419442076605,31206.964934754265,5807.385858544119,14,0.0053522156454746265,0.005352215645474541,291.5477860529299,0.0031323715470433816,30.91690749540086,0.0,4,1,2.984279490192421e-13,4.973799150320701e-13,0,2.1827872842550278e-11
210202,2,1.1,1.6,OPTIMAL,93075.73564448934,116891.39989120842,85255.11544021811,0.9159757357799164,31636.284450990337,5796.192392892167,14,0.00341444609338158,0.003414446093381511,296.7900285174451,0.0031886938788328223,19.723441843447894,0.0,3,1,3.126388037344441e-13,3.979039320256561e-13,0,2.9103830456733704e-11
210628,1,0.9,0.0,OPTIMAL,45502.368940917746,92676.53011251896,45502.368940917746,1.0,47174.16117160122,3032.0271285258696,6,0.4306431463759639,0.4306431463759639,0.0,0.0,506.2044385093969,1021.3696176758347,55,7,0.0,0.0,0,7.275957614183426e-12
210628,1,0.9,0.0025,OPTIMAL,45502.368940917746,93019.72709422483,45502.368940917724,0.9999999999999996,47517.3581533071,3032.006000522739,6,0.40357023968185135,0.4035702396817483,41.87673540877538,0.0009203198950619463,458.17747132155176,973.3637784910866,52,7,3.33315597345063e-11,3.653894964372739e-10,0,7.275957614183426e-12
210628,1,0.9,0.005,OPTIMAL,45502.368940917746,93349.74416382561,45502.36894091775,1.0000000000000002,47847.375222907845,3032.0016773235247,6,0.3836993175265698,0.38369931752630315,82.0568845312881,0.001803354120701591,422.93231861369424,938.1229489823963,50,7,8.076739277385059e-11,9.461018635192886e-10,0,1.4551915228366852e-11
210628,1,0.9,0.01,OPTIMAL,45502.368940917746,93903.70806554347,45502.36894091773,0.9999999999999997,48401.33912462573,3110.538491784605,6,0.3833916585058458,0.3833916585058458,127.97335341258976,0.002812454744471786,461.65506298881473,898.3088788965173,47,7,2.842170943040401e-14,0.0,0,7.275957614183426e-12
210628,1,0.9,0.025,OPTIMAL,45502.368940917746,95326.49529475495,45502.36894091776,1.0000000000000002,49824.12635383719,3149.289144136854,7,0.3412869010535953,0.34128690105359527,235.7631786482754,0.00518133855743644,406.3535532890026,804.2567168444562,43,6,1.7053025658242404e-13,2.2737367544323206e-13,0,7.275957614183426e-12
210628,1,0.9,0.05,OPTIMAL,45502.368940917746,97138.4877031089,45502.368940917775,1.0000000000000007,51636.118762191116,3028.5136395212053,8,0.29713482797511676,0.29713482797511676,436.5895962198248,0.009594876187363162,267.65785398485446,786.3365221559566,43,5,1.4210854715202004e-14,0.0,0,7.275957614183426e-12
210628,1,0.9,0.1,OPTIMAL,45502.368940917746,100743.8735954854,45502.36894091773,0.9999999999999997,55241.504654567645,3003.734826096342,8,0.29315388349913424,0.29315388349913424,882.2742080648079,0.019389632421344723,248.20785946114523,791.6653410571105,40,5,8.526512829121202e-14,0.0,0,2.9103830456733704e-11
210628,1,0.9,0.2,OPTIMAL,45502.368940917746,108667.41121164126,45502.36894091735,0.9999999999999913,63165.04227072386,2823.483489692233,9,0.2500316929629876,0.2500316929629829,1593.0065690887666,0.035009310639566825,81.60083997876004,805.3096579788175,30,4,1.1823431123048067e-11,1.6825651982799172e-11,0,4.3655745685100555e-11
210628,1,0.9,0.4,OPTIMAL,45502.368940917746,131025.54892528075,45502.36894091777,1.0000000000000004,85523.17998436296,2533.3431369282384,8,0.30854390189278624,0.3085439018927863,3154.6863752280888,0.06933015683918063,40.30769230769614,1054.1568630717652,30,5,0.0,2.2737367544323206e-13,0,1.4551915228366852e-11
210628,1,0.9,0.8,OPTIMAL,45502.368940917746,290072.41551852226,45502.36894091782,1.0000000000000016,244570.04657760446,1401.2010810924596,5,0.6049830515098187,0.6049830515098187,15707.220820221277,0.34519567191361433,0.0,2145.991226599848,48,8,0.0,0.0,0,2.9103830456733704e-11
210628,1,0.9,1.6,INFEASIBLE,45502.368940917746,,,,,,,,,,,,,,,,,,
210628,1,1.0,0.0,OPTIMAL,50558.18771213083,75146.22285658869,50558.18771213083,1.0,24588.035144457855,3488.948675829258,8,0.3159137379450067,0.3159137379450067,0.0,0.0,531.1815746349009,589.4252064979503,51,5,0.0,0.0,0,7.275957614183426e-12
210628,1,1.0,0.0025,OPTIMAL,50558.18771213083,75219.41812272367,50558.187712130544,0.9999999999999943,24661.230410593103,3486.4761289978273,8,0.2002761829475401,0.20027618294753868,21.71815466446399,0.0004295675072081941,324.85097843550534,385.56715712998107,43,5,4.689582056016661e-12,5.002220859751105e-12,0,2.1827872842550278e-11
210628,1,1.0,0.005,OPTIMAL,50558.18771213083,75283.07836982797,50558.18771213081,0.9999999999999997,24724.890657697135,3484.493936252884,8,0.19594428508702644,0.19594428508702633,42.55766808454447,0.000841756202316035,316.1768446787722,378.875216118196,41,5,2.1316282072803006e-13,3.410605131648481e-13,0,2.1827872842550278e-11
210628,1,1.0,0.01,OPTIMAL,50558.18771213083,75409.69412466229,50558.187712128914,0.9999999999999621,24851.506412533367,3480.413292709979,8,0.19709467198146355,0.19709467198145134,85.54521160424895,0.0016920149925335121,316.1768446787286,382.955859661014,41,5,4.305888978706207e-11,4.331468517193571e-11,0,7.275957614183426e-12
210628,1,1.0,0.025,OPTIMAL,50558.18771213083,75654.33882735619,50558.18771213026,0.9999999999999888,25096.15111522594,3468.671138595349,10,0.13501215176766812,0.13501215176766446,124.29913582380934,0.0024585362222939266,200.19644854915003,278.7176176460956,36,3,1.2818190953112207e-11,1.3017142919125035e-11,0,1.4551915228366852e-11
210628,1,1.0,0.05,OPTIMAL,50558.18771213083,76013.63262569864,50558.187712130864,1.0000000000000007,25455.444913567804,3455.6555550458806,11,0.10157846950069233,0.10157846950069226,164.85651615905627,0.003260728353194134,134.39080649679306,225.92755914322018,23,2,1.2789769243681803e-13,2.2737367544323206e-13,0,3.2741809263825417e-11
210628,1,1.0,0.1,OPTIMAL,50558.18771213083,76600.88889186899,50558.187712130864,1.0000000000000007,26042.70117973815,3440.074065686423,11,0.08190400053282569,0.08190400053282564,299.5521153759451,0.005924898200100459,91.70549932669073,198.82374133257497,19,2,9.947598300641403e-14,1.7053025658242404e-13,0,2.1827872842550278e-11
210628,1,1.0,0.2,OPTIMAL,50558.18771213083,77920.64772827664,50558.18771213081,0.9999999999999997,27362.46001614583,3412.5992524909716,12,0.053421848867101024,0.05342184886710096,583.5583873483296,0.011542312210061908,27.45225808137285,162.04531328270866,14,1,1.2789769243681803e-13,2.2737367544323206e-13,0,0.0
210628,1,1.0,0.4,OPTIMAL,50558.18771213083,80561.11336372407,50558.18771213085,1.0000000000000004,30002.9256515932,3403.5453924140384,12,0.05071855093665637,0.05071855093665631,1021.4782508905305,0.020204012388787405,18.130769230769246,161.77768450903847,10,1,1.2789769243681803e-13,2.2737367544323206e-13,0,2.1827872842550278e-11
210628,1,1.0,0.8,OPTIMAL,50558.18771213083,88728.14186381051,50558.18771213085,1.0000000000000004,38169.954151679645,3540.4860118669276,12,0.002204017057900934,0.0022040170579008278,80.33412622325,0.0015889439447604012,0.5558882642141967,7.26218408959425,2,1,1.9895196601282805e-13,3.774758283725532e-13,0,1.4551915228366852e-11
210628,1,1.0,1.6,OPTIMAL,50558.18771213083,88833.01365225753,50558.18771214851,1.0000000000003497,38274.825940109025,3547.192307691721,13,9.053449592734994e-13,0.0,0.0,0.0,0.0,0.0,0,0,3.5868197301169857e-10,3.2114326753429623e-09,0,0.0
210628,1,1.1,0.0,OPTIMAL,55614.00648334392,71228.76654544755,53987.14017491087,0.9707471838246309,17241.626370536684,3720.709817755614,13,0.12698222742497792,0.12698222742497792,0.0,0.0,311.9739451994118,138.456435136105,32,0,0.0,0.0,0,3.637978807091713e-12
210628,1,1.1,0.0025,OPTIMAL,55614.00648334392,71239.78119732214,54003.78677426837,0.9710465076894289,17235.994423053784,3720.691605085188,13,0.07665121116397643,0.07665121116397638,9.600544056163494,0.0001726281680324327,222.69794200451807,49.198644611637675,14,0,3.552713678800501e-14,1.7053025658242404e-13,0,1.0913936421275139e-11
210628,1,1.1,0.005,OPTIMAL,55614.00648334392,71248.91430457894,54012.00316137402,0.9711942472181052,17236.911143204903,3720.6916050851873,13,0.06163624129600757,0.061636241296007484,17.816931161847492,0.0003203676967093454,196.06744919657223,22.56815180369245,12,0,9.947598300641403e-14,2.8421709430404007e-13,0,1.4551915228366852e-11
210628,1,1.1,0.01,OPTIMAL,55614.00648334392,71266.72903551639,54028.86464007416,0.9714974348459413,17237.864395442226,3720.6347962237382,13,0.06162022613344473,0.0616202261334447,35.624402398331384,0.0006405652937268724,196.0106403351231,22.568151803692416,13,0,3.197442310920451e-14,1.1368683772161603e-13,0,3.637978807091713e-12
210628,1,1.1,0.025,OPTIMAL,55614.00648334392,71320.15259468669,54082.536107640524,0.9724625058947685,17237.616487046158,3720.6336995126417,13,0.06120490302193002,0.06120490302192994,88.92509938317644,0.0015989694863974423,195.27347650638873,21.8320846860548,10,0,1.4210854715202004e-13,2.8421709430404007e-13,0,7.275957614183426e-12
210628,1,1.1,0.05,OPTIMAL,55614.00648334392,71406.55630573508,54164.82659491788,0.9739421778781564,17241.729710817195,3720.6019246098695,13,0.04888644366461681,0.048886443664616655,171.74470870414484,0.003088155656535578,173.40961691756152,0.0,7,0,2.913225216616411e-13,5.400124791776761e-13,0,3.637978807091713e-12
210628,1,1.1,0.1,OPTIMAL,55614.00648334392,71573.69901018325,53963.84721665541,0.9703283512367928,17609.85179352782,3676.650973200402,13,0.03649609445401521,0.036496094454015,309.6054095022348,0.005567040195080351,129.45866550809387,0.0,6,0,4.263256414560601e-13,7.389644451905042e-13,0,1.4551915228366852e-11
210628,1,1.1,0.2,OPTIMAL,55614.00648334392,71883.30441968548,54273.45262615765,0.9758953914318732,17609.851793527818,3676.650973200401,13,0.03649609445401503,0.03649609445401475,619.2108190044682,0.011134080390160677,129.458665508093,0.0,6,0,6.821210263296962e-13,9.947598300641403e-13,0,1.0913936421275139e-11
210628,1,1.1,0.4,OPTIMAL,55614.00648334392,72502.51523868996,54892.663445162114,0.9870294718220338,17609.85179352782,3676.650973200402,13,0.03649609445401518,0.036496094454014937,1238.42163800894,0.022268160780321414,129.45866550809365,0.0,6,0,4.476419235288631e-13,8.810729923425242e-13,0,2.1827872842550278e-11
210628,1,1.1,0.8,OPTIMAL,55614.00648334392,73661.46733281502,55212.611743131,0.992782488340718,18448.855589684004,3613.900469756222,13,0.01880590514341565,0.01880590514341519,2068.6329026667377,0.03719625744435948,66.70816206391356,0.0,3,0,4.369837824924616e-13,1.6200374375330284e-12,0,2.1827872842550278e-11
210628,1,1.1,1.6,OPTIMAL,55614.00648334392,75210.37722380071,53674.32227813566,0.9651223796331023,21536.05494566504,3575.051916234826,13,0.007853988767990778,0.00785398876799054,1917.6212713875746,0.034480904949041775,27.859608542517826,0.0,1,0,4.973799150320701e-13,8.419931418757187e-13,0,7.275957614183426e-12
210628,2,0.9,0.0,OPTIMAL,45502.368940917746,105190.00519884196,45502.36894091776,1.0000000000000002,59687.636257924205,2661.037955050108,8,0.6451358180093176,0.6451358180093176,0.0,0.0,701.1332292086184,1587.2875818508176,69,7,0.0,0.0,0,7.275957614183426e-12
210628,2,0.9,0.0025,OPTIMAL,45502.368940917746,105659.2306220567,45502.3689409157,0.999999999999955,60156.86168114101,2660.6955266229265,8,0.5878499003908875,0.5878499003896566,58.77890305750094,0.0012917767673551682,599.3599318353716,1485.8567129045068,59,7,7.906741927854455e-11,4.3664840632118285e-09,0,1.4551915228366852e-11
210628,2,0.9,0.005,OPTIMAL,45502.368940917746,106075.5702701937,45502.36894091775,1.0000000000000002,60573.20132927596,2732.746244538897,9,0.5110547854775832,0.5110547854751049,98.11982492902492,0.002156367398287064,499.18177034661176,1313.6278335000222,56,6,1.4210854715202004e-14,8.791403161012568e-09,0,1.4551915228366852e-11
210628,2,0.9,0.01,OPTIMAL,45502.368940917746,106840.08095965956,45502.368940917775,1.0000000000000007,61337.71201874178,2732.730958724773,9,0.5059902125013305,0.5059902125013098,194.77786089364304,0.004280609239192603,490.1916202923904,1304.652969259852,56,6,6.939870900168899e-11,7.321432349272072e-11,0,7.275957614183426e-12
210628,2,0.9,0.025,OPTIMAL,45502.368940917746,108350.9708969442,45502.36894091778,1.0000000000000009,62848.60195602644,3105.3094066593867,7,0.3282082644741577,0.32820826447414664,232.80013803553032,0.005116220176092549,361.1674650154071,803.0503660483282,42,6,2.8421709430404007e-13,3.9108272176235914e-11,0,2.1827872842550278e-11
210628,2,0.9,0.05,OPTIMAL,45502.368940917746,110174.59167220077,45502.3689409178,1.000000000000001,64672.22273128299,3016.785145755285,8,0.2937646474625862,0.2937646474625862,436.04726871254377,0.00958295752202982,255.8162679071031,786.223429844125,41,5,1.7053025658242404e-13,0.0,0,2.1827872842550278e-11
210628,2,0.9,0.1,OPTIMAL,45502.368940917746,113860.2104188575,45502.36894091776,1.0000000000000002,68357.84147793974,2969.4883274094313,8,0.282553690291246,0.282553690291246,866.9194397943808,0.019052182556034098,212.28414821415325,789.988128497029,40,5,0.0,0.0,0,0.0
210628,2,0.9,0.2,OPTIMAL,45502.368940917746,122188.50158440301,45502.368940917666,0.9999999999999982,76686.13264348531,2747.338358612221,9,0.2725677104540349,0.2725677104540349,1633.815711525164,0.0359061681743775,83.49806838388511,883.3520174639715,32,4,5.329070518200751e-15,0.0,0,4.3655745685100555e-11
210628,2,0.9,0.4,OPTIMAL,45502.368940917746,145106.8067523831,45502.36894091779,1.0000000000000009,99604.43781146531,2512.1083418310764,8,0.3145302689276676,0.3145302689276677,3154.6863752280738,0.0693301568391803,40.30769230769231,1075.3916581689232,31,5,0.0,2.2737367544323206e-13,0,0.0
210628,2,0.9,0.8,OPTIMAL,45502.368940917746,304345.18493643106,45502.36894091779,1.0000000000000009,258842.8159955133,1401.2010810924571,5,0.6049830515098195,0.6049830515098195,15707.220820221382,0.34519567191361666,7.105427357601002e-15,2145.9912265998505,48,8,0.0,0.0,0,0.0
210628,2,0.9,1.6,INFEASIBLE,45502.368940917746,,,,,,,,,,,,,,,,,,
210628,2,1.0,0.0,OPTIMAL,50558.18771213083,80413.98597685178,50558.18771213085,1.0000000000000004,29855.798264720943,3473.4039289703,8,0.3749535808658769,0.3749535808658769,0.0,0.0,628.1220395335583,701.9104182555657,52,5,0.0,0.0,0,1.4551915228366852e-11
210628,2,1.0,0.0025,OPTIMAL,50558.18771213083,80502.43171226057,50558.18771213084,1.0000000000000002,29944.244000129736,3471.214088473822,8,0.20906353596359858,0.20906353596359853,22.90330853377704,0.0004530088907494931,332.80517368527245,408.7833929037583,42,5,2.1316282072803006e-13,2.2737367544323206e-13,0,7.275957614183426e-12
210628,2,1.0,0.005,OPTIMAL,50558.18771213083,80578.51431926002,50558.18771213083,1.0,30020.32660712917,3469.158947174354,8,0.20012347570978117,0.20012347570978112,44.54157105316737,0.0008809961960420538,315.92154655421524,393.9549070721686,42,5,2.1316282072803006e-13,2.2737367544323206e-13,0,2.546585164964199e-11
210628,2,1.0,0.01,OPTIMAL,50558.18771213083,80729.50227113071,50558.18771213083,1.0,30171.31455899987,3464.888077023624,8,0.20132748997800295,0.2013274899780029,89.53305696538591,0.0017708913435578611,315.9215465541442,398.2257772228278,42,5,1.2789769243681803e-13,2.2737367544323206e-13,0,1.0913936421275139e-11
210628,2,1.0,0.025,OPTIMAL,50558.18771213083,81059.60454338724,50558.18771213085,1.0000000000000004,30501.416831256385,3452.0205798489947,10,0.1298565543254711,0.12985655432547105,131.16185007475045,0.0025942751512685203,182.72722138171306,277.89894922502606,33,3,9.947598300641403e-14,1.1368683772161603e-13,0,0.0
210628,2,1.0,0.05,OPTIMAL,50558.18771213083,81468.15564321939,50558.18771213084,1.0000000000000002,30909.967931088566,3440.849178611828,10,0.09865262354354414,0.0986526235435441,179.04193551218617,0.0035413044575810064,121.79834914342251,228.14147822390206,25,3,1.2789769243681803e-13,1.7053025658242404e-13,0,1.8189894035458565e-11
210628,2,1.0,0.1,OPTIMAL,50558.18771213083,82217.19394353534,50558.18771213083,1.0,31659.0062314045,3427.8285872771503,10,0.09916340184550239,0.09916340184550233,373.939761130871,0.007396225577942317,116.19396790790479,235.55768832306222,23,3,1.2789769243681803e-13,2.2737367544323206e-13,0,1.4551915228366852e-11
210628,2,1.0,0.2,OPTIMAL,50558.18771213083,83886.98940759394,50558.187712130784,0.9999999999999991,33328.801695463146,3375.6044807406297,12,0.06674991817407346,0.0667499181740734,694.1455193319237,0.013729636103340227,32.593484667243104,204.18131161892097,14,1,1.2789769243681803e-13,2.2737367544323206e-13,0,7.275957614183426e-12
210628,2,1.0,0.4,OPTIMAL,50558.18771213083,89489.30308694695,50558.18771213085,1.0000000000000004,38931.11537481608,3273.009225613059,11,0.09559855919133022,0.0955985591913302,1750.3334649157252,0.03462017813774907,32.461695855352815,306.6447779346014,20,2,1.4210854715202004e-14,5.684341886080802e-14,0,2.1827872842550278e-11
210628,2,1.0,0.8,OPTIMAL,50558.18771213083,102197.35611398716,50558.18771213084,1.0000000000000002,51639.168401856296,3540.486011866928,12,0.002204017057900997,0.0022040170579008043,80.33412622324713,0.0015889439447603444,0.5558882642141131,7.26218408959425,2,1,2.913225216616411e-13,6.830092047493963e-13,0,2.1827872842550278e-11
210628,2,1.0,1.6,OPTIMAL,50558.18771213083,102303.14800587174,50558.18771213394,1.0000000000000615,51744.960293737786,3547.1923076909684,13,7.582805273508558e-13,0.0,0.0,0.0,0.0,0.0,0,0,3.6357050703372806e-10,2.6897668536918218e-09,0,1.4551915228366852e-11
210628,2,1.1,0.0,OPTIMAL,55614.00648334392,74283.75825981334,55377.02966897893,0.9957389005153592,18906.72859083442,3763.250563801559,14,0.22861321979672383,0.2286132197967238,0.0,0.0,513.4966554044806,297.4383992952287,36,1,0.0,1.1368683772161603e-13,0,7.275957614183426e-12
210628,2,1.1,0.0025,OPTIMAL,55614.00648334392,74300.26727476982,55391.6987929546,0.9960026672335521,18908.568481815226,3763.171977928385,14,0.10366137975511705,0.10366137975511698,13.77049032754273,0.00024760831305449847,291.8432595540998,75.8635893180222,19,1,1.2789769243681803e-13,2.2737367544323206e-13,0,3.637978807091713e-12
210628,2,1.1,0.005,OPTIMAL,55614.00648334392,74313.54728855632,55409.1221717312,0.9963159584326283,18904.425116825107,3763.1522946349037,14,0.08680414025842398,0.08680414025842387,25.962612539432072,0.00046683585990532313,261.9354827715607,45.97549582896453,14,1,2.2737367544323206e-13,3.979039320256561e-13,0,1.4551915228366852e-11
210628,2,1.1,0.01,OPTIMAL,55614.00648334392,74338.99602343264,55433.687542175234,0.9967576703681169,18905.308481257383,3763.1325285541343,14,0.08001757587338802,0.08001757587338787,50.80043812029807,0.0009134468334971068,249.88897524004682,33.9487543782202,14,1,2.2737367544323206e-13,5.115907697472721e-13,0,2.546585164964199e-11
210628,2,1.1,0.025,OPTIMAL,55614.00648334392,74412.70421597536,55503.87003999256,0.9980196276025475,18908.8341759828,3763.091115401041,14,0.06862742438179849,0.06862742438179839,121.75485100630004,0.0021892839359229574,229.66673978629217,13.767932077558559,12,1,1.2789769243681803e-13,3.410605131648481e-13,0,3.637978807091713e-12
210628,2,1.1,0.05,OPTIMAL,55614.00648334392,74535.61511504404,55614.00648334391,0.9999999999999999,18921.60863170012,3761.9930853952637,14,0.06055515435042748,0.060555154350427166,239.22405509610454,0.0043015073040592895,214.8007777029556,0.0,8,1,5.542233338928781e-13,1.1084466677857563e-12,0,1.0913936421275139e-11
210628,2,1.1,0.1,OPTIMAL,55614.00648334392,74829.87655486379,55553.557070747716,0.9989130541671314,19276.31948411606,3726.0393376082784,13,0.050419321650007606,0.05041932165000738,454.124487146989,0.008165649552383835,178.84702991597038,0.0,7,0,2.913225216616411e-13,7.958078640513122e-13,0,1.4551915228366852e-11
210628,2,1.1,0.2,OPTIMAL,55614.00648334392,75401.39819561534,55614.00648334385,0.9999999999999988,19787.391712271474,3684.0014667037194,13,0.03856829490601145,0.03856829490601114,842.6364618688374,0.015151515151514975,136.8091590114111,0.0,6,0,5.542233338928781e-13,1.1084466677857563e-12,0,1.8189894035458565e-11
210628,2,1.1,0.4,OPTIMAL,55614.00648334392,76512.32394886344,55614.00648334388,0.9999999999999993,20898.317465519536,3642.121627906634,13,0.026761819484234457,0.026761819484234055,1444.5196489179984,0.025974025974025518,94.92932021432514,0.0,3,0,8.100187187665142e-13,1.4352963262354024e-12,0,2.546585164964199e-11
210628,2,1.1,0.8,OPTIMAL,55614.00648334392,78282.12876293082,55614.00648334393,1.0000000000000002,22668.122279586867,3618.7719749542825,13,0.02017924630326659,0.020179246303266386,2247.0305649836,0.04040404040404054,71.57966726197495,0.0,3,0,3.552713678800501e-13,7.247535904753022e-13,0,2.1827872842550278e-11
210628,2,1.1,1.6,OPTIMAL,55614.00648334392,80206.62214713843,55565.9263974135,0.9991354680417637,24640.695749724917,3594.145195557027,13,0.013236634439835875,0.013236634439835408,3081.685344789337,0.055412036277449,46.95288786471923,0.0,3,0,6.821210263296962e-13,1.6555645743210334e-12,0,1.4551915228366852e-11
