case,gamma,beta,lambda_r,status,certified,objective,exact_objective,objective_difference,first_stage_expenditure,first_stage_difference,robust_recourse,robust_recourse_difference,y_identical,maximum_x_difference,fr_min_robust,fr_min_difference,worst_scenario,worst_region,average_fill_rate,iterations,master_solve_count,product_subproblem_evaluations,product_pattern_evaluations,unique_product_cuts,cuts_by_product,cuts_by_gamma,final_lb,final_ub,final_gap,total_runtime_seconds,master_runtime_seconds,separation_runtime_seconds,certification_runtime_seconds,global_coupling_error,exact_certification
210202,0,0.9,0.0,OPTIMAL,True,129500.1049605622,129500.10496056252,3.2014213502407074e-10,76152.87461821869,1.3096723705530167e-10,53347.2303423435,4.511093720793724e-10,True,3.22060600410623e-10,0.6259147276242498,7.083222897108499e-14,,12,0.9413028821711317,57,57,464,464,360,"[6, 43, 54, 49, 47, 54, 56, 51]",[360],129500.10496056217,129500.1049605622,2.2473982137386646e-16,3.304238200187683,3.0156461985316128,0.21928490023128688,0.00301840016618371,1.4551915228366852e-11,True
210202,0,0.9,0.0025,OPTIMAL,True,129675.66104692756,129675.66104692762,5.820766091346741e-11,76152.87461821851,5.820766091346741e-11,53522.786428709056,7.275957614183426e-12,True,6.264144758461043e-11,0.625914727624082,2.4491519923230953e-13,,12,0.9407687543553006,30,30,248,248,166,"[6, 29, 26, 29, 27, 18, 12, 19]",[166],129675.6610469278,129675.66104692756,0.0,1.1001199001912028,0.939022000413388,0.11681860033422709,0.003042199881747365,2.1100277081131935e-10,True
210202,0,0.9,0.05,OPTIMAL,True,132317.889406036,132317.88940603577,2.3283064365386963e-10,76152.87461821854,7.275957614183426e-11,56165.01478781746,2.546585164964199e-10,True,1.5774048733874224e-11,0.6066947188899865,1.6919798895287386e-13,,12,0.9341780669549339,12,12,104,104,52,"[1, 11, 9, 10, 8, 5, 3, 5]",[52],132317.889406036,132317.889406036,0.0,0.378370099933818,0.30682709952816367,0.04594949958845973,0.0030420999974012375,7.275957614183426e-12,True
210202,0,0.9,0.2,OPTIMAL,True,143862.13300720166,143862.13300720154,1.1641532182693481e-10,76152.87461821859,1.4551915228366852e-11,67709.25838898306,1.1641532182693481e-10,True,6.977529665164184e-12,0.5595680611157162,8.992806499463768e-15,,12,0.9302508454738253,7,7,64,64,33,"[1, 6, 4, 4, 4, 4, 4, 6]",[33],143862.13300720163,143862.13300720166,2.023036211709497e-16,0.11014189990237355,0.06381619977764785,0.027154899900779128,0.0031409000512212515,0.0,True
210202,0,1.0,0.0,OPTIMAL,True,108999.13573275987,108999.13573275975,1.1641532182693481e-10,84614.30513135396,2.9103830456733704e-11,24384.830601405913,1.0186340659856796e-10,True,5.484526610644025e-09,0.7946773732410872,4.440892098500626e-15,,12,0.9828897811034217,52,52,424,424,323,"[39, 38, 41, 38, 36, 51, 42, 38]",[323],108999.13573275978,108999.13573275987,8.010292080137981e-16,1.648733199806884,1.3771092002280056,0.20309060020372272,0.003915299894288182,9.458744898438454e-11,True
210202,0,1.0,0.0025,OPTIMAL,True,108999.13573275966,108999.13573275974,7.275957614183426e-11,84614.30513135398,1.4551915228366852e-11,24384.830601405694,9.822542779147625e-11,True,2.1523760551644955e-10,0.7946773732424137,1.3309353619206377e-12,,12,0.9828897811035328,20,20,168,168,128,"[16, 19, 19, 19, 18, 16, 9, 12]",[128],108999.13573275969,108999.13573275966,0.0,0.6208542000968009,0.503593300934881,0.08134480030275881,0.0034564000088721514,2.1827872842550278e-11,True
210202,0,1.0,0.05,OPTIMAL,True,108999.13573275966,108999.13573275965,1.4551915228366852e-11,84614.30513135395,4.3655745685100555e-11,24384.830601405723,3.637978807091713e-11,True,1.2013856576231774e-10,0.7946773732421526,1.0698109065288008e-12,,12,0.9828897811035121,8,8,72,72,46,"[6, 7, 7, 7, 7, 4, 4, 4]",[46],108999.13573275966,108999.13573275966,0.0,0.11908510001376271,0.06739540002308786,0.030241000233218074,0.0030313001479953527,2.9103830456733704e-11,True
210202,0,1.0,0.2,OPTIMAL,True,108999.13573275972,108999.13573275963,8.731149137020111e-11,84614.30513135395,4.3655745685100555e-11,24384.83060140578,3.637978807091713e-11,True,1.389821591146756e-11,0.7946773732410906,7.771561172376096e-15,,12,0.9828897811034111,6,6,56,56,32,"[3, 5, 4, 5, 4, 4, 3, 4]",[32],108999.13573275974,108999.13573275972,0.0,0.08803820004686713,0.04251209949143231,0.027655399637296796,0.0030156001448631287,7.275957614183426e-12,True
210202,0,1.1,0.0,OPTIMAL,True,108999.13573275975,108999.13573275978,2.9103830456733704e-11,84614.3051313539,1.4551915228366852e-11,24384.83060140585,3.637978807091713e-12,True,2.480931016179966e-10,0.7946773732410817,1.1102230246251565e-15,,12,0.9828897811034231,49,49,400,400,338,"[38, 46, 42, 43, 35, 46, 45, 43]",[338],108999.13573275975,108999.13573275975,0.0,1.5711445999331772,1.3072373997420073,0.19760160008445382,0.0029978000093251467,3.637978807091713e-12,True
210202,0,1.1,0.0025,OPTIMAL,True,108999.13573275929,108999.13573275978,4.94765117764473e-10,84614.30513135392,1.4551915228366852e-11,24384.83060140537,4.838511813431978e-10,True,8.51017034619872e-11,0.7946773732410873,4.551914400963142e-15,,12,0.9828897811034228,30,30,248,248,186,"[25, 29, 26, 29, 28, 22, 11, 16]",[186],108999.13573275975,108999.13573275929,0.0,1.0083959999028593,0.8342425003647804,0.12381299934349954,0.003127400064840913,4.729372449219227e-10,True
210202,0,1.1,0.05,OPTIMAL,True,108999.13573275975,108999.13573275977,1.4551915228366852e-11,84614.30513135392,1.4551915228366852e-11,24384.83060140584,1.0913936421275139e-11,True,1.3358203432289883e-12,0.7946773732424298,1.3470335957777024e-12,,12,0.9828897811035356,13,13,112,112,71,"[8, 12, 11, 11, 10, 9, 4, 6]",[71],108999.13573275978,108999.13573275975,0.0,0.21669579995796084,0.1401774005498737,0.04975059977732599,0.0031780998688191175,1.4551915228366852e-11,True
210202,0,1.1,0.2,OPTIMAL,True,108999.13573275978,108999.13573275977,1.4551915228366852e-11,84614.30513135395,1.4551915228366852e-11,24384.830601405833,1.8189894035458565e-11,True,3.552713678800501e-13,0.7946773732410815,1.3322676295501878e-15,,12,0.9828897811034228,8,8,72,72,42,"[4, 7, 6, 7, 6, 5, 3, 4]",[42],108999.13573275978,108999.13573275978,0.0,0.12183089996688068,0.07067709998227656,0.030667799757793546,0.003025899874046445,2.1827872842550278e-11,True
210202,1,0.9,0.0,OPTIMAL,True,134054.09596896137,134054.09596896154,1.7462298274040222e-10,76152.87461821851,1.4551915228366852e-11,57901.22135074284,2.0372681319713593e-10,True,2.442945401526231e-09,0.5625817630688865,6.512568262451168e-13,1:BAC-O-6433,12,0.9312605871240126,45,45,736,4784,382,"[2, 72, 39, 38, 42, 45, 81, 63]","[274, 108]",134054.09596896145,134054.09596896137,0.0,3.7902211998589337,2.6974256003741175,0.9481361000798643,0.017927000066265464,8.731149137020111e-11,True
210202,1,0.9,0.0025,OPTIMAL,True,134468.0835485143,134468.08354851385,4.3655745685100555e-10,76152.87461821854,1.0186340659856796e-10,58315.20893029575,5.238689482212067e-10,True,1.467594773225885e-10,0.5607502993844153,8.01581023779363e-14,1:BAC-O-6433,12,0.9311079651502885,26,26,432,2808,199,"[2, 46, 21, 26, 28, 25, 27, 24]","[139, 60]",134468.08354851446,134468.0835485143,0.0,1.4548790000844747,0.7675150001887232,0.5605728004593402,0.019098599907010794,1.8917489796876907e-10,True
210202,1,0.9,0.05,OPTIMAL,True,138154.90337416044,138154.90337415956,8.731149137020111e-10,76152.87461821851,8.731149137020111e-11,62002.028755941916,9.604264050722122e-10,True,2.8437217307573375e-11,0.55598019536629,1.1324274851176597e-14,1:BAC-O-6433,12,0.9307104564821226,11,11,192,1248,68,"[2, 16, 11, 10, 10, 6, 7, 6]","[48, 20]",138154.90337416047,138154.90337416044,0.0,0.618698799982667,0.282322900602594,0.22637390019372106,0.020451599964872003,7.275957614183426e-12,True
210202,1,0.9,0.2,OPTIMAL,True,152430.13896011352,152430.1389601135,2.9103830456733704e-11,76152.87461821857,2.9103830456733704e-11,76277.26434189496,4.3655745685100555e-11,True,1.0032863428932615e-11,0.4501697848246271,8.382183835919932e-14,1:BAC-O-6433,12,0.907869139037771,9,9,160,1040,44,"[2, 12, 5, 3, 4, 6, 6, 6]","[28, 16]",152430.13896011346,152430.13896011352,3.8186451387214597e-16,0.49528460018336773,0.20192020013928413,0.18935390003025532,0.01763710007071495,5.820766091346741e-11,True
210202,1,1.0,0.0,OPTIMAL,True,113164.57123020472,113164.57123020572,1.0040821507573128e-09,84564.42143900823,2.750311978161335e-09,28600.149791196487,1.735315890982747e-09,True,1.0428415464502905e-08,0.7496847464569651,2.0445867221496883e-12,1:BAC-O-6433,12,0.9791403955380805,48,48,784,5096,411,"[59, 64, 40, 36, 35, 51, 60, 66]","[274, 137]",113164.57123020789,113164.57123020472,0.0,3.1059958999976516,1.8987147007137537,1.0556271004024893,0.018449699971824884,3.1468516681343317e-09,True
210202,1,1.0,0.0025,OPTIMAL,True,113171.08454223053,113171.0845422307,1.7462298274040222e-10,84568.05888064309,1.4551915228366852e-11,28603.02566158744,1.7826096154749393e-10,True,9.377032483826042e-11,0.7496286981455562,6.23945339839338e-13,1:BAC-O-6433,12,0.979135724845463,27,27,448,2912,242,"[45, 50, 29, 28, 25, 25, 17, 23]","[167, 75]",113171.08454223067,113171.08454223053,0.0,1.5411349998321384,0.7968048995826393,0.6099875003565103,0.01992389978840947,1.4915713109076023e-10,True
210202,1,1.0,0.05,OPTIMAL,True,113204.13219122177,113204.13219122177,0.0,84591.58151182716,5.820766091346741e-11,28612.550679394615,4.729372449219227e-11,True,1.3602630133391358e-10,0.7495539535660215,3.4006131244268545e-13,1:BAC-O-6433,12,0.9791294961305018,15,15,256,1664,112,"[14, 24, 11, 16, 14, 9, 13, 11]","[75, 37]",113204.13219122165,113204.13219122177,1.0283663641384466e-15,0.7269621999002993,0.2890248999465257,0.3186084006447345,0.020236599957570434,1.2732925824820995e-10,True
210202,1,1.0,0.2,OPTIMAL,True,113260.49201003087,113260.49201003119,3.2014213502407074e-10,84614.30513135393,2.9103830456733704e-11,28646.18687867694,2.6193447411060333e-10,True,1.0174971976084635e-11,0.7491944151620826,1.9180212973424204e-12,1:BAC-O-6433,12,0.9790995345968402,9,9,160,1040,75,"[6, 16, 10, 8, 8, 5, 11, 11]","[48, 27]",113260.49201003087,113260.49201003087,0.0,0.4243805999867618,0.12255450035445392,0.1984105003066361,0.021819200133904815,0.0,True
210202,1,1.1,0.0,OPTIMAL,False,112802.97664732442,112802.97664731962,4.802132025361061e-09,85096.58742739403,7.130438461899757e-10,27706.38921993039,5.515175871551037e-09,True,38.53972765415176,0.7672918223279283,6.610267888618182e-13,1:BAC-O-6433,12,0.98060765186066,51,51,832,5408,453,"[66, 60, 44, 45, 39, 60, 73, 66]","[301, 152]",112802.97664731892,112802.97664732442,4.8763109979980654e-14,4.661411300068721,3.375251500401646,1.1314802002161741,0.01930069993250072,5.52245182916522e-09,True
210202,1,1.1,0.0025,OPTIMAL,True,112814.0083339184,112814.0083339184,0.0,85106.8852310673,1.4551915228366852e-11,27707.123102851114,3.637978807091713e-12,True,7.938183443911839e-11,0.7672763332886632,2.4868995751603507e-14,1:BAC-O-6433,12,0.9806063611073886,30,30,496,3224,268,"[44, 53, 29, 29, 31, 28, 24, 30]","[181, 87]",112814.00833391842,112814.0083339184,0.0,2.099077499937266,1.2887689997442067,0.6748975999653339,0.01931809983216226,3.637978807091713e-12,True
210202,1,1.1,0.05,OPTIMAL,True,112851.54071765914,112851.54071765917,2.9103830456733704e-11,85142.23665691205,2.9103830456733704e-11,27709.30406074709,1.0913936421275139e-11,True,2.688693712116219e-11,0.7637573004520104,3.2163161023390785e-13,1:BAC-O-6433,12,0.9803131083710008,13,13,224,1456,120,"[19, 22, 14, 16, 14, 14, 11, 10]","[72, 48]",112851.5407176592,112851.54071765914,0.0,0.6881962998304516,0.27880579978227615,0.29532109992578626,0.01813029986806214,1.8189894035458565e-11,True
210202,1,1.1,0.2,OPTIMAL,True,112914.90511611666,112914.90511611661,4.3655745685100555e-11,85197.49198498928,1.0186340659856796e-10,27717.41313112738,1.3460521586239338e-10,True,9.460876526645734e-12,0.7637573004522292,8.382183835919932e-14,1:BAC-O-6433,12,0.980313108371019,9,9,160,1040,82,"[12, 15, 7, 10, 11, 7, 10, 10]","[47, 35]",112914.90511611663,112914.90511611666,2.577501210031096e-16,0.4590990000870079,0.16062639956362545,0.19742899993434548,0.018705700058490038,7.275957614183426e-12,True
210202,2,0.9,0.0,OPTIMAL,True,139819.30062996998,139819.3006299691,8.731149137020111e-10,76152.87461821845,7.275957614183426e-11,63666.42601175154,9.89530235528946e-10,True,1.0023768481914885e-09,0.5261081929753836,4.7628567756419216e-14,1:BAC-O-6433;7:BAC-O-6433,12,0.92840887804207,50,50,1224,32232,508,"[3, 72, 60, 67, 52, 82, 98, 74]","[262, 192, 54]",139819.30062996905,139819.30062996998,6.660901395009921e-15,9.881318599916995,3.4845590996555984,5.685040699085221,0.0976303000934422,9.604264050722122e-10,True
210202,2,0.9,0.0025,OPTIMAL,True,140275.30457179062,140275.30457178998,6.402842700481415e-10,76152.87461821856,8.731149137020111e-11,64122.42995357206,7.566995918750763e-10,True,9.708855941426009e-11,0.5251665628329083,1.5393242236427795e-12,1:BAC-O-6433;7:BAC-O-6433,12,0.9283304088635234,27,27,672,17696,284,"[3, 48, 34, 37, 36, 33, 45, 48]","[145, 104, 35]",140275.30457179065,140275.30457179062,0.0,5.104717099806294,1.3856165008619428,3.071951800957322,0.10112809995189309,6.548361852765083e-11,True
210202,2,0.9,0.05,OPTIMAL,True,145822.5615776807,145822.56157767976,9.313225746154785e-10,76152.87461821856,1.4551915228366852e-11,69669.68695946215,9.313225746154785e-10,True,3.1534219679940634e-11,0.4386292670886479,2.1749269052406817e-13,1:BAC-O-6433;7:BAC-O-6433,12,0.921118967551524,14,14,360,9480,86,"[3, 24, 10, 11, 13, 8, 8, 9]","[44, 30, 12]",145822.5615776807,145822.5615776807,0.0,2.5753793998155743,0.4468576000072062,1.4837358999066055,0.11652919999323785,0.0,True
210202,2,0.9,0.2,OPTIMAL,True,161452.27997044608,161452.27997044584,2.3283064365386963e-10,76152.87461821857,2.9103830456733704e-11,85299.40535222752,2.473825588822365e-10,True,4.43107772696294e-11,0.2365494903458868,7.438494264988549e-14,1:BAC-O-6433;5:BAC-O-4325,12,0.8911843391500929,8,8,216,5688,60,"[3, 9, 8, 5, 13, 7, 8, 7]","[29, 20, 11]",161452.27997044605,161452.27997044608,1.802627405575268e-16,1.7328835001681,0.20322709996253252,0.8913205005228519,0.09564660000614822,4.3655745685100555e-11,True
210202,2,1.0,0.0,OPTIMAL,True,116815.11494450648,116815.11494450644,4.3655745685100555e-11,84614.30513135396,1.4551915228366852e-11,32200.809813152522,1.0913936421275139e-11,True,3.575308937797672e-10,0.7131399065848848,2.020605904817785e-14,1:BAC-O-6433;12:BAC---1041,12,0.9760949922154043,47,47,1152,30336,511,"[51, 66, 80, 45, 44, 59, 95, 71]","[257, 202, 52]",116815.11494450645,116815.11494450648,2.491443891534037e-16,8.521341500105336,2.3926456994377077,5.410648898920044,0.101748300017789,3.637978807091713e-11,True
210202,2,1.0,0.0025,OPTIMAL,True,116824.6804486602,116824.68044866312,2.9103830456733704e-09,84614.30513135393,1.4551915228366852e-11,32210.375317306272,2.903107088059187e-09,True,3.989848422906104e-10,0.712986076892424,4.2876813211023546e-13,1:BAC-O-6433;12:BAC---1041,12,0.9760821730743648,25,25,624,16432,260,"[34, 49, 35, 28, 35, 28, 28, 23]","[142, 94, 24]",116824.68044866316,116824.6804486602,0.0,4.57587519986555,0.956370000494644,2.957381100161001,0.10395710007287562,2.939486876130104e-09,True
210202,2,1.0,0.05,OPTIMAL,True,116875.34576195435,116875.3457619544,5.820766091346741e-11,84614.30513135395,0.0,32261.0406306004,7.275957614183426e-11,True,8.520828487235121e-11,0.7138743737116068,1.7574830479816228e-13,1:BAC-O-6433;12:BAC---1041,12,0.9761561978093004,11,11,288,7584,114,"[14, 21, 13, 16, 17, 11, 11, 11]","[59, 39, 16]",116875.34576195438,116875.34576195435,0.0,2.2084373999387026,0.2633094002958387,1.3094690996222198,0.10560779995284975,1.4551915228366852e-11,True
210202,2,1.0,0.2,OPTIMAL,True,117018.22060735192,117018.2206073518,1.1641532182693481e-10,84614.305131354,1.4551915228366852e-11,32403.91547599791,9.094947017729282e-11,True,3.353761712787673e-12,0.7141705058903366,3.802513859341161e-13,1:BAC-O-6433;12:BAC---1041,12,0.9761808754908614,9,9,240,6320,79,"[5, 14, 10, 10, 11, 7, 11, 11]","[37, 29, 13]",117018.22060735188,117018.22060735192,3.730679329981009e-16,1.804962099995464,0.12029289919883013,1.0394014003686607,0.10982140013948083,3.637978807091713e-12,True
210202,2,1.1,0.0,OPTIMAL,False,115770.16775308314,115770.16775308308,5.820766091346741e-11,89028.28607979638,1.3096723705530167e-10,26741.881673286753,9.094947017729282e-11,True,203.06688744493735,0.7882314575098561,1.878497357665765e-12,1:BAC-O-6433;7:BAC-O-6433,12,0.9823526214591541,34,34,840,22120,581,"[53, 62, 52, 81, 86, 70, 92, 85]","[238, 196, 147]",115770.16775308312,115770.16775308314,1.256965892923595e-16,6.744249399984255,1.8512702002190053,4.1964245000854135,0.10556289996020496,2.546585164964199e-11,True
210202,2,1.1,0.0025,OPTIMAL,True,115844.6395894824,115844.63958948234,5.820766091346741e-11,89111.68767956267,1.3096723705530167e-10,26732.951909919728,1.0186340659856796e-10,True,8.227516445913352e-10,0.7825145862540188,4.244937734654286e-12,1:BAC-O-6433;7:BAC-O-6433,12,0.9818762155211682,26,26,648,17064,376,"[44, 46, 46, 62, 61, 48, 31, 38]","[154, 131, 91]",115844.63958948237,115844.6395894824,2.5123156807141604e-16,5.100203200010583,1.2616144004277885,3.155113700311631,0.10675689997151494,1.4551915228366852e-11,True
210202,2,1.1,0.05,OPTIMAL,True,116330.02776280472,116330.02776280468,4.3655745685100555e-11,85179.63310950773,2.9103830456733704e-11,31150.394653296986,1.8189894035458565e-11,True,1.2857270803579013e-11,0.7289665801405314,6.052935930256353e-13,1:BAC-O-6433;7:BAC-O-6433,12,0.9774138816783776,13,13,336,8848,149,"[18, 24, 19, 21, 20, 16, 15, 16]","[66, 51, 32]",116330.02776280466,116330.02776280472,5.003666038157578e-16,2.554855199996382,0.36022170004434884,1.5671614001039416,0.1025048999581486,1.0913936421275139e-11,True
210202,2,1.1,0.2,OPTIMAL,True,116398.69150719143,116398.6915071914,2.9103830456733704e-11,85238.78134566481,1.4551915228366852e-11,31159.910161526608,3.637978807091713e-12,True,1.1107204045401886e-10,0.7289665801415641,6.106226635438361e-13,1:BAC-O-6433;7:BAC-O-6433,12,0.9774138816784635,12,12,312,8216,116,"[11, 19, 14, 17, 12, 14, 16, 13]","[53, 38, 25]",116398.6915071914,116398.69150719143,2.500357184422094e-16,2.2472856999374926,0.26446010009385645,1.356964199570939,0.10129530006088316,1.0913936421275139e-11,True
210628,0,0.9,0.0,OPTIMAL,True,78545.4835644509,78545.48356445097,7.275957614183426e-11,45502.3689409178,1.4551915228366852e-11,33043.1146235331,1.0186340659856796e-10,True,1.1448797465618554e-09,0.6221258121764012,3.886890809212673e-13,,12,0.9224586366084951,44,44,360,360,257,"[4, 37, 36, 36, 32, 42, 37, 33]",[257],78545.4835644509,78545.4835644509,0.0,1.7032373999245465,1.4722293997183442,0.17364070122130215,0.003094600047916174,7.275957614183426e-12,True
210628,0,0.9,0.0025,OPTIMAL,True,78671.3991464114,78671.3991464025,8.891220204532146e-09,45502.36894091773,8.89849616214633e-09,33169.030205493655,1.4551915228366852e-11,True,2.5767299405288213e-10,0.6043780183253809,1.021405182655144e-14,,12,0.9217026291298241,30,30,248,248,167,"[4, 27, 26, 26, 24, 21, 13, 26]",[167],78671.39914641141,78671.3991464114,0.0,1.4590551999863237,1.288874400081113,0.12428299942985177,0.0030982999596744776,7.275957614183426e-12,True
210628,0,0.9,0.05,OPTIMAL,True,80322.65321134166,80322.65321134121,4.511093720793724e-10,45502.3689409178,2.546585164964199e-10,34820.284270423865,1.8189894035458565e-10,True,2.417550604150165e-10,0.6094151475230369,1.6586731987899839e-13,,12,0.9234535695493794,15,15,128,128,61,"[4, 14, 7, 7, 12, 8, 4, 5]",[61],80322.65321134165,80322.65321134166,1.8116825884820378e-16,0.3499621001537889,0.2635662006214261,0.05971929966472089,0.003175700083374977,0.0,True
210628,0,0.9,0.2,OPTIMAL,True,87708.05710911915,87708.05710911946,3.055902197957039e-10,45502.36894091772,5.093170329928398e-11,42205.688168201435,3.2014213502407074e-10,True,1.3145040611561853e-12,0.5493476327964317,1.7055246104291655e-12,,12,0.9163721320551131,7,7,64,64,33,"[1, 6, 4, 4, 3, 6, 5, 4]",[33],87708.0571091192,87708.05710911915,0.0,0.13824469991959631,0.09037160011939704,0.02796330046840012,0.0033995001576840878,1.4551915228366852e-11,True
210628,0,1.0,0.0,OPTIMAL,True,66869.30330181486,66869.30330181486,0.0,50558.187712130864,2.1827872842550278e-11,16311.115589683997,3.637978807091713e-12,True,6.212303560459986e-09,0.807134767836922,3.3306690738754696e-16,,12,0.9839278973197415,46,46,376,376,313,"[43, 40, 45, 33, 36, 40, 36, 40]",[313],66869.30330181486,66869.30330181486,0.0,2.59014550014399,2.3324653992895037,0.19081069994717836,0.0034950999543070793,1.8189894035458565e-12,True
210628,0,1.0,0.0025,OPTIMAL,True,66869.3033018122,66869.3033018148,2.6047928258776665e-09,50558.18771213083,4.3655745685100555e-11,16311.115589681367,2.6539055397734046e-09,True,2.5563196004441124e-10,0.8071347678369204,1.887379141862766e-15,,12,0.9839278973197428,26,26,216,216,168,"[24, 25, 25, 21, 23, 21, 13, 16]",[168],66869.30330181486,66869.3033018122,0.0,1.1264020001981407,0.9700918993912637,0.11157149984501302,0.003233499825000763,2.6811903808265924e-09,True
210628,0,1.0,0.05,OPTIMAL,True,66869.30330181483,66869.30330181486,2.9103830456733704e-11,50558.18771213082,2.9103830456733704e-11,16311.11558968401,3.637978807091713e-12,True,1.1795009413617663e-11,0.8071347678369205,1.7763568394002505e-15,,12,0.9839278973197428,8,8,72,72,46,"[6, 7, 7, 7, 7, 6, 3, 3]",[46],66869.30330181486,66869.30330181483,0.0,0.1444467999972403,0.089420200092718,0.03351759980432689,0.003287100000306964,5.4569682106375694e-12,True
210628,0,1.0,0.2,OPTIMAL,True,66869.3033018148,66869.30330181486,5.820766091346741e-11,50558.187712130806,4.3655745685100555e-11,16311.115589683995,9.094947017729282e-12,True,1.2319922859660437e-11,0.8071347678369197,2.55351295663786e-15,,12,0.9839278973197433,5,5,48,48,29,"[4, 3, 4, 4, 3, 4, 3, 4]",[29],66869.30330181494,66869.3033018148,0.0,0.08424999983981252,0.03871440002694726,0.02795120025984943,0.003028600011020899,1.291482476517558e-10,True
210628,0,1.1,0.0,OPTIMAL,True,66869.30330181425,66869.30330181486,6.111804395914078e-10,50558.1877121308,4.3655745685100555e-11,16311.115589683444,5.602487362921238e-10,True,1.1723386705853045e-09,0.8071347678369205,1.7763568394002505e-15,,12,0.9839278973197422,54,54,440,440,322,"[45, 41, 47, 34, 38, 40, 39, 38]",[322],66869.3033018148,66869.30330181425,0.0,2.47283159988001,2.180754499975592,0.2206168994307518,0.003522300161421299,5.584297468885779e-10,True
210628,0,1.1,0.0025,OPTIMAL,True,66869.30330181468,66869.30330181486,1.7462298274040222e-10,50558.18771213084,0.0,16311.115589683835,1.6552803572267294e-10,True,4.7123194235609844e-11,0.8071347678369204,1.887379141862766e-15,,12,0.983927897319743,25,25,208,208,158,"[22, 24, 24, 21, 22, 20, 12, 13]",[158],66869.30330181486,66869.30330181468,0.0,0.6204181998036802,0.4706571993883699,0.10836070077493787,0.0032429001294076443,1.6189005691558123e-10,True
210628,0,1.1,0.05,OPTIMAL,True,66869.30330181483,66869.30330181486,2.9103830456733704e-11,50558.187712130835,7.275957614183426e-12,16311.115589684,5.4569682106375694e-12,True,1.1368683772161603e-12,0.8071347678369314,9.103828801926284e-15,,12,0.9839278973197287,12,12,104,104,66,"[7, 11, 11, 9, 9, 9, 5, 5]",[66],66869.30330181484,66869.30330181483,0.0,0.23195079993456602,0.15693609975278378,0.048429199727252126,0.003087499877437949,1.8189894035458565e-12,True
210628,0,1.1,0.2,OPTIMAL,True,66869.30330181483,66869.30330181486,2.9103830456733704e-11,50558.187712130835,1.4551915228366852e-11,16311.115589683997,7.275957614183426e-12,True,3.552713678800501e-13,0.8071347678369201,2.220446049250313e-15,,12,0.9839278973197431,6,6,56,56,33,"[4, 5, 4, 4, 5, 4, 3, 4]",[33],66869.30330181484,66869.30330181483,0.0,0.08797160000540316,0.04596120002679527,0.023500900249928236,0.0030976999551057816,3.637978807091713e-12,True
210628,1,0.9,0.0,OPTIMAL,True,92676.53011251877,92676.53011251896,1.8917489796876907e-10,45502.36894091775,7.275957614183426e-12,47174.161171601016,2.0372681319713593e-10,True,2.1864821064809803e-10,0.3440954933537168,1.2212453270876722e-15,8:BAC-O-6433,12,0.8990701230158454,28,28,464,3016,205,"[2, 29, 28, 25, 21, 29, 37, 34]","[160, 45]",92676.53011251878,92676.53011251877,0.0,1.3910093000158668,0.637579099740833,0.6273004987742752,0.020939499838277698,7.275957614183426e-12,True
210628,1,0.9,0.0025,OPTIMAL,True,93019.72709422553,93019.72709422483,6.984919309616089e-10,45502.36894091773,7.275957614183426e-12,47517.3581533078,7.057678885757923e-10,True,9.256666544388281e-10,0.3434604327535109,7.527312106958561e-14,8:BAC-O-6433,12,0.8992419293679684,22,22,368,2392,156,"[2, 23, 21, 22, 17, 22, 22, 27]","[123, 33]",93019.72709422553,93019.72709422553,0.0,1.1797233999241143,0.5584839996881783,0.5017426998820156,0.018519599922001362,2.9103830456733704e-11,True
210628,1,0.9,0.05,OPTIMAL,True,97138.48770310897,97138.4877031089,7.275957614183426e-11,45502.368940917746,2.9103830456733704e-11,51636.118762191225,1.0913936421275139e-10,True,8.023448572203051e-11,0.34219278881477655,5.741296327244072e-12,8:BAC-O-6433,12,0.8993505596975148,11,11,192,1248,57,"[2, 9, 8, 7, 5, 11, 6, 9]","[45, 12]",97138.48770310894,97138.48770310897,2.996117310955647e-16,0.5791313000954688,0.21738869999535382,0.24529960006475449,0.020163999870419502,4.3655745685100555e-11,True
210628,1,0.9,0.2,OPTIMAL,True,108667.4112116422,108667.41121164126,9.458744898438454e-10,45502.36894091773,3.7834979593753815e-10,63165.042270724465,6.039044819772243e-10,True,2.020783540501725e-11,0.25142675040769114,4.107603146508154e-12,8:BAC-O-6433,12,0.8602767549084382,7,7,128,832,39,"[2, 5, 5, 4, 7, 6, 6, 4]","[28, 11]",108667.41121164223,108667.4112116422,0.0,0.3799916999414563,0.12278659990988672,0.15464869956485927,0.02230079984292388,1.4551915228366852e-11,True
210628,1,1.0,0.0,OPTIMAL,True,75146.22285658866,75146.22285658869,2.9103830456733704e-11,50558.187712130835,7.275957614183426e-12,24588.035144457823,3.2741809263825417e-11,True,3.097966327914037e-10,0.6569909879093603,1.3066214776813467e-12,8:BAC-O-6433,12,0.9714159156591133,43,43,704,4576,307,"[32, 32, 32, 36, 33, 39, 51, 52]","[244, 63]",75146.22285658865,75146.22285658866,1.9364799287567878e-16,2.349867600016296,1.2231363994069397,0.981996700167656,0.018399399938061833,1.8189894035458565e-11,True
210628,1,1.0,0.0025,OPTIMAL,True,75219.41812272387,75219.41812272367,2.0372681319713593e-10,50558.187712130835,2.9103830456733704e-10,24661.230410593038,6.548361852765083e-11,True,1.729745235934388e-10,0.654433384868989,7.608358387756198e-13,8:BAC-O-6433,12,0.9712027820724068,25,25,416,2704,180,"[22, 22, 19, 23, 21, 25, 21, 27]","[143, 37]",75219.41812272386,75219.41812272387,1.9345955594371583e-16,1.4202831001020968,0.7310709005687386,0.5660830002743751,0.01938669988885522,1.4551915228366852e-11,True
210628,1,1.0,0.05,OPTIMAL,True,76013.6326256987,76013.63262569864,5.820766091346741e-11,50558.18771213085,1.4551915228366852e-11,25455.44491356785,4.729372449219227e-11,True,1.5205614545266144e-12,0.6367912419734103,3.689271110829395e-13,8:BAC-O-6433,12,0.966583345603301,13,13,224,1456,75,"[11, 14, 8, 8, 9, 9, 5, 11]","[57, 18]",76013.63262569866,76013.6326256987,3.828764584906087e-16,0.7868530000559986,0.375641499646008,0.29537570010870695,0.019829400116577744,2.1827872842550278e-11,True
210628,1,1.0,0.2,OPTIMAL,True,77920.64772827669,77920.64772827664,4.3655745685100555e-11,50558.187712130835,2.1827872842550278e-11,27362.460016145855,2.546585164964199e-11,True,1.0646772352629341e-10,0.6197328693510862,2.687849942617504e-13,8:BAC-O-6433,12,0.9569059080212593,20,20,336,2184,70,"[20, 9, 6, 6, 6, 6, 6, 11]","[50, 20]",77920.6477282767,77920.64772827669,0.0,0.8609309999737889,0.316478100605309,0.42574310046620667,0.0202649999409914,0.0,True
210628,1,1.1,0.0,OPTIMAL,True,71228.76654544791,71228.76654544755,3.637978807091713e-10,53987.14017491108,2.1100277081131935e-10,17241.626370536836,1.5279510989785194e-10,True,6.8051519974687835e-09,0.8215448595804746,6.940781283049091e-12,8:BAC-O-6433,12,0.9851287382983722,49,49,800,5200,506,"[70, 55, 62, 71, 62, 60, 63, 63]","[273, 233]",71228.76654544775,71228.76654544791,2.247281193756193e-15,5.0205252999439836,3.7649741002824157,1.0996492998674512,0.019240499939769506,1.6370904631912708e-10,True
210628,1,1.1,0.0025,OPTIMAL,True,71239.78119732217,71239.78119732214,2.9103830456733704e-11,54003.78677426836,7.275957614183426e-12,17235.994423053806,2.1827872842550278e-11,True,2.7540636438061483e-11,0.8213601651703266,2.554623179662485e-13,8:BAC-O-6433,12,0.9851133470975272,26,26,432,2808,276,"[40, 40, 38, 38, 42, 34, 19, 25]","[145, 131]",71239.78119732214,71239.78119732217,4.085334060210124e-16,2.4054586000274867,1.6695616992656142,0.5971204999368638,0.01863359985873103,1.4551915228366852e-11,True
210628,1,1.1,0.05,OPTIMAL,True,71406.55630573507,71406.55630573508,1.4551915228366852e-11,54164.826594917875,7.275957614183426e-12,17241.729710817195,0.0,True,7.858602657506708e-12,0.8211619497116299,9.347633778133968e-12,8:BAC-O-6433,12,0.9850968291426359,10,10,176,1144,117,"[12, 18, 15, 14, 16, 17, 12, 13]","[60, 57]",71406.55630573508,71406.55630573507,0.0,0.5223739999346435,0.1654714997857809,0.24211480026133358,0.020055199973285198,7.275957614183426e-12,True
210628,1,1.1,0.2,OPTIMAL,True,71883.30441968548,71883.30441968548,0.0,54273.452626157654,7.275957614183426e-12,17609.851793527818,0.0,True,1.1652900866465643e-12,0.7878040623963298,3.3306690738754696e-15,8:BAC-O-6433,12,0.9823170051996941,6,6,112,728,60,"[8, 7, 6, 10, 8, 8, 6, 7]","[29, 31]",71883.30441968548,71883.30441968548,0.0,0.3241538000293076,0.07297129975631833,0.15140890004113317,0.021703900070860982,3.637978807091713e-12,True
210628,2,0.9,0.0,OPTIMAL,True,105190.00519884197,105190.00519884196,1.4551915228366852e-11,45502.368940917775,1.4551915228366852e-11,59687.63625792419,1.4551915228366852e-11,True,3.5707259371520195e-10,0.23754753652887473,6.816769371198461e-14,5:BAC-O-4325;5:CON-S-0130,12,0.79011234899987,26,26,648,17064,261,"[3, 30, 25, 31, 36, 33, 48, 55]","[144, 74, 43]",105190.00519884194,105190.00519884197,2.7667866734789464e-16,4.540639899903908,0.7856290999334306,3.086434099590406,0.11105790012516081,0.0,True
210628,2,0.9,0.0025,OPTIMAL,True,105659.23062206164,105659.2306220567,4.94765117764473e-09,45502.36894091773,2.029992174357176e-09,60156.86168114391,2.903107088059187e-09,True,2.3283064365386963e-09,0.23666005562028558,1.1554091017274004e-12,5:BAC-O-4325;5:CON-S-0130,12,0.7906493366044223,20,20,504,13272,236,"[3, 28, 27, 30, 33, 31, 35, 49]","[118, 82, 36]",105659.23062206164,105659.23062206164,0.0,3.940698100021109,0.9122755997814238,2.3719737997744232,0.1005587000399828,2.9103830456733704e-11,True
210628,2,0.9,0.05,OPTIMAL,True,110174.59167220135,110174.59167220077,5.820766091346741e-10,45502.36894091777,2.9103830456733704e-11,64672.22273128359,5.966285243630409e-10,True,7.16227077646181e-11,0.27944881241480735,7.212674901779792e-12,1:BAC-O-6433;7:BAC-O-6433,12,0.8939480289496659,13,13,336,8848,85,"[3, 11, 11, 12, 8, 18, 8, 14]","[48, 24, 13]",110174.59167220135,110174.59167220135,0.0,2.655047800159082,0.5614228001795709,1.4565522000193596,0.11217930004931986,7.275957614183426e-12,True
210628,2,0.9,0.2,OPTIMAL,True,122188.5015844054,122188.50158440301,2.3865140974521637e-09,45502.36894091775,8.731149137020111e-11,76686.13264348765,2.342858351767063e-09,True,4.574474132823525e-11,0.17641817932389647,3.730349362740526e-14,3:SLI---1200;5:BAC-O-4325,12,0.8531076078319723,7,7,192,5056,58,"[3, 9, 8, 7, 13, 5, 7, 6]","[24, 24, 10]",122188.50158440464,122188.5015844054,6.192887072539826e-15,1.6404764999169856,0.16339980019256473,0.8247701998334378,0.09659970016218722,7.8580342233181e-10,True
210628,2,1.0,0.0,OPTIMAL,True,80413.98597685178,80413.98597685178,0.0,50558.18771213085,0.0,29855.798264720936,7.275957614183426e-12,True,7.428102577478057e-10,0.5771762929375706,1.1078915562734437e-12,7:BAC-O-6433;8:BAC-O-6433,12,0.9647646910781309,40,40,984,25912,493,"[73, 56, 54, 54, 58, 59, 70, 69]","[246, 177, 70]",80413.98597685178,80413.98597685178,0.0,7.256835600128397,1.8384607003536075,4.726196800125763,0.10259520006366074,3.637978807091713e-12,True
210628,2,1.0,0.0025,OPTIMAL,True,80502.43171226063,80502.43171226057,5.820766091346741e-11,50558.187712130806,3.637978807091713e-11,29944.24400012982,8.36735125631094e-11,True,7.08837433194276e-11,0.5771762929365744,3.7059244561987725e-13,7:BAC-O-6433;8:BAC-O-6433,12,0.9642142201470313,24,24,600,15800,244,"[25, 43, 25, 25, 33, 25, 31, 37]","[129, 78, 37]",80502.43171226062,80502.43171226063,1.8076367283388006e-16,4.351336000021547,0.8788900002837181,2.853559101000428,0.0935637999791652,1.4551915228366852e-11,True
210628,2,1.0,0.05,OPTIMAL,True,81468.15564321943,81468.15564321939,4.3655745685100555e-11,50558.18771213083,1.4551915228366852e-11,30909.967931088602,3.637978807091713e-11,True,1.2221335055073723e-12,0.5771762929371176,4.887201754399939e-13,7:BAC-O-6433;8:BAC-O-6433,12,0.9556458165790294,14,14,360,9480,112,"[16, 19, 14, 7, 13, 14, 8, 21]","[62, 30, 20]",81468.15564321943,81468.15564321943,0.0,2.7447292001452297,0.4577664998359978,1.6312731995712966,0.10778780002146959,1.0913936421275139e-11,True
210628,2,1.0,0.2,OPTIMAL,True,83886.989407594,83886.98940759394,5.820766091346741e-11,50558.18771213078,7.275957614183426e-12,33328.80169546322,7.275957614183426e-11,True,1.0742517986273015e-12,0.5512374481284323,3.8449909922633196e-11,7:BAC-O-6433;8:BAC-O-6433,12,0.9322774756445625,12,12,312,8216,77,"[15, 8, 7, 8, 8, 12, 7, 12]","[37, 24, 16]",83886.989407594,83886.989407594,0.0,2.308847100008279,0.2596265999600291,1.3537476004566997,0.15349750011228025,1.4551915228366852e-11,True
210628,2,1.1,0.0,OPTIMAL,True,74283.75825981321,74283.75825981334,1.3096723705530167e-10,55377.02966897899,5.820766091346741e-11,18906.728590834227,1.9281287677586079e-10,True,5.146318926563254e-10,0.7449767539946028,4.982347867610315e-12,7:BAC-O-6433;8:BAC-O-6433,12,0.9787480628328833,45,45,1104,29072,644,"[90, 81, 79, 84, 73, 75, 77, 85]","[265, 168, 211]",74283.7582598133,74283.75825981321,0.0,9.022255500080064,2.9470727997832,5.363349000690505,0.1091227000579238,7.275957614183426e-11,True
210628,2,1.1,0.0025,OPTIMAL,True,74300.26727476972,74300.26727476982,1.0186340659856796e-10,55391.698792954594,7.275957614183426e-12,18908.568481815128,9.822542779147625e-11,True,3.134346115984954e-10,0.7448165217428903,1.0849654508149342e-11,7:BAC-O-6433;8:BAC-O-6433,12,0.9787347101452409,24,24,600,15800,388,"[46, 68, 48, 60, 53, 41, 30, 42]","[146, 116, 126]",74300.26727476982,74300.26727476972,0.0,4.674979200121015,1.0231393005233258,2.9597370997071266,0.11201040004380047,1.0186340659856796e-10,True
210628,2,1.1,0.05,OPTIMAL,True,74535.61511504406,74535.61511504404,1.4551915228366852e-11,55614.00648334392,7.275957614183426e-12,18921.608631700135,1.4551915228366852e-11,True,7.815970093361102e-13,0.7436390313624681,8.468559187235769e-12,7:BAC-O-6433;8:BAC-O-6433,12,0.9786365859468713,10,10,264,6952,160,"[19, 19, 20, 25, 24, 16, 16, 21]","[60, 47, 53]",74535.61511504403,74535.61511504406,3.904687767292534e-16,2.1993134999647737,0.24482939974404871,1.2873249002732337,0.10828419984318316,1.8189894035458565e-11,True
210628,2,1.1,0.2,OPTIMAL,True,75401.39819561534,75401.39819561534,0.0,55614.006483343874,2.1827872842550278e-11,19787.391712271474,0.0,True,5.684341886080801e-13,0.6964221182473223,3.05089287166993e-13,7:BAC-O-6433;8:BAC-O-6433,12,0.9747018431872769,6,6,168,4424,71,"[9, 11, 8, 6, 8, 10, 8, 11]","[23, 27, 21]",75401.39819561536,75401.39819561534,0.0,1.47092380002141,0.08514619991183281,0.7620028001256287,0.1057631999719888,7.275957614183426e-12,True
