case,gamma,beta,lambda_r,comparison_status,objective_difference,first_stage_difference,robust_recourse_difference,maximum_x_difference,fr_min_difference,exact_certification_pass,prb_certification_pass,exact_first_stage_feasible,prb_first_stage_feasible
210202,0,0.9,0.0,EXACT_SOLUTION_IDENTITY,3.2014213502407074e-10,1.3096723705530167e-10,4.511093720793724e-10,3.22060600410623e-10,7.083222897108499e-14,True,True,True,True
210202,0,0.9,0.0025,EXACT_SOLUTION_IDENTITY,5.820766091346741e-11,5.820766091346741e-11,7.275957614183426e-12,6.264144758461043e-11,2.4491519923230953e-13,True,True,True,True
210202,0,0.9,0.05,EXACT_SOLUTION_IDENTITY,2.3283064365386963e-10,7.275957614183426e-11,2.546585164964199e-10,1.5774048733874224e-11,1.6919798895287386e-13,True,True,True,True
210202,0,0.9,0.2,EXACT_SOLUTION_IDENTITY,1.1641532182693481e-10,1.4551915228366852e-11,1.1641532182693481e-10,6.977529665164184e-12,8.992806499463768e-15,True,True,True,True
210202,0,1.0,0.0,EXACT_SOLUTION_IDENTITY,1.1641532182693481e-10,2.9103830456733704e-11,1.0186340659856796e-10,5.484526610644025e-09,4.440892098500626e-15,True,True,True,True
210202,0,1.0,0.0025,EXACT_SOLUTION_IDENTITY,7.275957614183426e-11,1.4551915228366852e-11,9.822542779147625e-11,2.1523760551644955e-10,1.3309353619206377e-12,True,True,True,True
210202,0,1.0,0.05,EXACT_SOLUTION_IDENTITY,1.4551915228366852e-11,4.3655745685100555e-11,3.637978807091713e-11,1.2013856576231774e-10,1.0698109065288008e-12,True,True,True,True
210202,0,1.0,0.2,EXACT_SOLUTION_IDENTITY,8.731149137020111e-11,4.3655745685100555e-11,3.637978807091713e-11,1.389821591146756e-11,7.771561172376096e-15,True,True,True,True
210202,0,1.1,0.0,EXACT_SOLUTION_IDENTITY,2.9103830456733704e-11,1.4551915228366852e-11,3.637978807091713e-12,2.480931016179966e-10,1.1102230246251565e-15,True,True,True,True
210202,0,1.1,0.0025,EXACT_SOLUTION_IDENTITY,4.94765117764473e-10,1.4551915228366852e-11,4.838511813431978e-10,8.51017034619872e-11,4.551914400963142e-15,True,True,True,True
210202,0,1.1,0.05,EXACT_SOLUTION_IDENTITY,1.4551915228366852e-11,1.4551915228366852e-11,1.0913936421275139e-11,1.3358203432289883e-12,1.3470335957777024e-12,True,True,True,True
210202,0,1.1,0.2,EXACT_SOLUTION_IDENTITY,1.4551915228366852e-11,1.4551915228366852e-11,1.8189894035458565e-11,3.552713678800501e-13,1.3322676295501878e-15,True,True,True,True
210202,1,0.9,0.0,EXACT_SOLUTION_IDENTITY,1.7462298274040222e-10,1.4551915228366852e-11,2.0372681319713593e-10,2.442945401526231e-09,6.512568262451168e-13,True,True,True,True
210202,1,0.9,0.0025,EXACT_SOLUTION_IDENTITY,4.3655745685100555e-10,1.0186340659856796e-10,5.238689482212067e-10,1.467594773225885e-10,8.01581023779363e-14,True,True,True,True
210202,1,0.9,0.05,EXACT_SOLUTION_IDENTITY,8.731149137020111e-10,8.731149137020111e-11,9.604264050722122e-10,2.8437217307573375e-11,1.1324274851176597e-14,True,True,True,True
210202,1,0.9,0.2,EXACT_SOLUTION_IDENTITY,2.9103830456733704e-11,2.9103830456733704e-11,4.3655745685100555e-11,1.0032863428932615e-11,8.382183835919932e-14,True,True,True,True
210202,1,1.0,0.0,EXACT_SOLUTION_IDENTITY,1.0040821507573128e-09,2.750311978161335e-09,1.735315890982747e-09,1.0428415464502905e-08,2.0445867221496883e-12,True,True,True,True
210202,1,1.0,0.0025,EXACT_SOLUTION_IDENTITY,1.7462298274040222e-10,1.4551915228366852e-11,1.7826096154749393e-10,9.377032483826042e-11,6.23945339839338e-13,True,True,True,True
210202,1,1.0,0.05,EXACT_SOLUTION_IDENTITY,0.0,5.820766091346741e-11,4.729372449219227e-11,1.3602630133391358e-10,3.4006131244268545e-13,True,True,True,True
210202,1,1.0,0.2,EXACT_SOLUTION_IDENTITY,3.2014213502407074e-10,2.9103830456733704e-11,2.6193447411060333e-10,1.0174971976084635e-11,1.9180212973424204e-12,True,True,True,True
210202,1,1.1,0.0,OPTIMAL_FACE_EQUIVALENT,5.078618414700031e-09,7.130438461899757e-10,5.788024282082915e-09,38.53972765415176,6.610267888618182e-13,True,True,True,True
210202,1,1.1,0.0025,EXACT_SOLUTION_IDENTITY,0.0,1.4551915228366852e-11,3.637978807091713e-12,7.938183443911839e-11,2.4868995751603507e-14,True,True,True,True
210202,1,1.1,0.05,EXACT_SOLUTION_IDENTITY,2.9103830456733704e-11,2.9103830456733704e-11,1.0913936421275139e-11,2.688693712116219e-11,3.2163161023390785e-13,True,True,True,True
210202,1,1.1,0.2,EXACT_SOLUTION_IDENTITY,4.3655745685100555e-11,1.0186340659856796e-10,1.3460521586239338e-10,9.460876526645734e-12,8.382183835919932e-14,True,True,True,True
210202,2,0.9,0.0,EXACT_SOLUTION_IDENTITY,8.731149137020111e-10,7.275957614183426e-11,9.89530235528946e-10,1.0023768481914885e-09,4.7628567756419216e-14,True,True,True,True
210202,2,0.9,0.0025,EXACT_SOLUTION_IDENTITY,6.402842700481415e-10,8.731149137020111e-11,7.566995918750763e-10,9.708855941426009e-11,1.5393242236427795e-12,True,True,True,True
210202,2,0.9,0.05,EXACT_SOLUTION_IDENTITY,9.313225746154785e-10,1.4551915228366852e-11,9.313225746154785e-10,3.1534219679940634e-11,2.1749269052406817e-13,True,True,True,True
210202,2,0.9,0.2,EXACT_SOLUTION_IDENTITY,2.3283064365386963e-10,2.9103830456733704e-11,2.473825588822365e-10,4.43107772696294e-11,7.438494264988549e-14,True,True,True,True
210202,2,1.0,0.0,EXACT_SOLUTION_IDENTITY,4.3655745685100555e-11,1.4551915228366852e-11,1.0913936421275139e-11,3.575308937797672e-10,2.020605904817785e-14,True,True,True,True
210202,2,1.0,0.0025,EXACT_SOLUTION_IDENTITY,2.9103830456733704e-09,1.4551915228366852e-11,2.903107088059187e-09,3.989848422906104e-10,4.2876813211023546e-13,True,True,True,True
210202,2,1.0,0.05,EXACT_SOLUTION_IDENTITY,5.820766091346741e-11,0.0,7.275957614183426e-11,8.520828487235121e-11,1.7574830479816228e-13,True,True,True,True
210202,2,1.0,0.2,EXACT_SOLUTION_IDENTITY,1.1641532182693481e-10,1.4551915228366852e-11,9.094947017729282e-11,3.353761712787673e-12,3.802513859341161e-13,True,True,True,True
210202,2,1.1,0.0,OPTIMAL_FACE_EQUIVALENT,5.820766091346741e-11,1.4551915228366852e-10,2.0736479200422764e-10,203.06688744493735,1.878497357665765e-12,True,True,True,True
210202,2,1.1,0.0025,EXACT_SOLUTION_IDENTITY,5.820766091346741e-11,1.3096723705530167e-10,1.0186340659856796e-10,8.227516445913352e-10,4.244937734654286e-12,True,True,True,True
210202,2,1.1,0.05,EXACT_SOLUTION_IDENTITY,4.3655745685100555e-11,2.9103830456733704e-11,1.8189894035458565e-11,1.2857270803579013e-11,6.052935930256353e-13,True,True,True,True
210202,2,1.1,0.2,EXACT_SOLUTION_IDENTITY,2.9103830456733704e-11,1.4551915228366852e-11,3.637978807091713e-12,1.1107204045401886e-10,6.106226635438361e-13,True,True,True,True
210628,0,0.9,0.0,EXACT_SOLUTION_IDENTITY,7.275957614183426e-11,1.4551915228366852e-11,1.0186340659856796e-10,1.1448797465618554e-09,3.886890809212673e-13,True,True,True,True
210628,0,0.9,0.0025,EXACT_SOLUTION_IDENTITY,8.891220204532146e-09,8.89849616214633e-09,1.4551915228366852e-11,2.5767299405288213e-10,1.021405182655144e-14,True,True,True,True
210628,0,0.9,0.05,EXACT_SOLUTION_IDENTITY,4.511093720793724e-10,2.546585164964199e-10,1.8189894035458565e-10,2.417550604150165e-10,1.6586731987899839e-13,True,True,True,True
210628,0,0.9,0.2,EXACT_SOLUTION_IDENTITY,3.055902197957039e-10,5.093170329928398e-11,3.2014213502407074e-10,1.3145040611561853e-12,1.7055246104291655e-12,True,True,True,True
210628,0,1.0,0.0,EXACT_SOLUTION_IDENTITY,0.0,2.1827872842550278e-11,3.637978807091713e-12,6.212303560459986e-09,3.3306690738754696e-16,True,True,True,True
210628,0,1.0,0.0025,EXACT_SOLUTION_IDENTITY,2.6047928258776665e-09,4.3655745685100555e-11,2.6539055397734046e-09,2.5563196004441124e-10,1.887379141862766e-15,True,True,True,True
210628,0,1.0,0.05,EXACT_SOLUTION_IDENTITY,2.9103830456733704e-11,2.9103830456733704e-11,3.637978807091713e-12,1.1795009413617663e-11,1.7763568394002505e-15,True,True,True,True
210628,0,1.0,0.2,EXACT_SOLUTION_IDENTITY,5.820766091346741e-11,4.3655745685100555e-11,9.094947017729282e-12,1.2319922859660437e-11,2.55351295663786e-15,True,True,True,True
210628,0,1.1,0.0,EXACT_SOLUTION_IDENTITY,6.111804395914078e-10,4.3655745685100555e-11,5.602487362921238e-10,1.1723386705853045e-09,1.7763568394002505e-15,True,True,True,True
210628,0,1.1,0.0025,EXACT_SOLUTION_IDENTITY,1.7462298274040222e-10,0.0,1.6552803572267294e-10,4.7123194235609844e-11,1.887379141862766e-15,True,True,True,True
210628,0,1.1,0.05,EXACT_SOLUTION_IDENTITY,2.9103830456733704e-11,7.275957614183426e-12,5.4569682106375694e-12,1.1368683772161603e-12,9.103828801926284e-15,True,True,True,True
210628,0,1.1,0.2,EXACT_SOLUTION_IDENTITY,2.9103830456733704e-11,1.4551915228366852e-11,7.275957614183426e-12,3.552713678800501e-13,2.220446049250313e-15,True,True,True,True
210628,1,0.9,0.0,EXACT_SOLUTION_IDENTITY,1.8917489796876907e-10,7.275957614183426e-12,2.0372681319713593e-10,2.1864821064809803e-10,1.2212453270876722e-15,True,True,True,True
210628,1,0.9,0.0025,EXACT_SOLUTION_IDENTITY,6.984919309616089e-10,7.275957614183426e-12,7.057678885757923e-10,9.256666544388281e-10,7.527312106958561e-14,True,True,True,True
210628,1,0.9,0.05,EXACT_SOLUTION_IDENTITY,7.275957614183426e-11,2.9103830456733704e-11,1.0913936421275139e-10,8.023448572203051e-11,5.741296327244072e-12,True,True,True,True
210628,1,0.9,0.2,EXACT_SOLUTION_IDENTITY,9.458744898438454e-10,3.7834979593753815e-10,6.039044819772243e-10,2.020783540501725e-11,4.107603146508154e-12,True,True,True,True
210628,1,1.0,0.0,EXACT_SOLUTION_IDENTITY,2.9103830456733704e-11,7.275957614183426e-12,3.2741809263825417e-11,3.097966327914037e-10,1.3066214776813467e-12,True,True,True,True
210628,1,1.0,0.0025,EXACT_SOLUTION_IDENTITY,2.0372681319713593e-10,2.9103830456733704e-10,6.548361852765083e-11,1.729745235934388e-10,7.608358387756198e-13,True,True,True,True
210628,1,1.0,0.05,EXACT_SOLUTION_IDENTITY,5.820766091346741e-11,1.4551915228366852e-11,4.729372449219227e-11,1.5205614545266144e-12,3.689271110829395e-13,True,True,True,True
210628,1,1.0,0.2,EXACT_SOLUTION_IDENTITY,4.3655745685100555e-11,2.1827872842550278e-11,2.546585164964199e-11,1.0646772352629341e-10,2.687849942617504e-13,True,True,True,True
210628,1,1.1,0.0,EXACT_SOLUTION_IDENTITY,3.637978807091713e-10,2.1100277081131935e-10,1.5279510989785194e-10,6.8051519974687835e-09,6.940781283049091e-12,True,True,True,True
210628,1,1.1,0.0025,EXACT_SOLUTION_IDENTITY,2.9103830456733704e-11,7.275957614183426e-12,2.1827872842550278e-11,2.7540636438061483e-11,2.554623179662485e-13,True,True,True,True
210628,1,1.1,0.05,EXACT_SOLUTION_IDENTITY,1.4551915228366852e-11,7.275957614183426e-12,0.0,7.858602657506708e-12,9.347633778133968e-12,True,True,True,True
210628,1,1.1,0.2,EXACT_SOLUTION_IDENTITY,0.0,7.275957614183426e-12,0.0,1.1652900866465643e-12,3.3306690738754696e-15,True,True,True,True
210628,2,0.9,0.0,EXACT_SOLUTION_IDENTITY,1.4551915228366852e-11,1.4551915228366852e-11,1.4551915228366852e-11,3.5707259371520195e-10,6.816769371198461e-14,True,True,True,True
210628,2,0.9,0.0025,EXACT_SOLUTION_IDENTITY,4.94765117764473e-09,2.029992174357176e-09,2.903107088059187e-09,2.3283064365386963e-09,1.1554091017274004e-12,True,True,True,True
210628,2,0.9,0.05,EXACT_SOLUTION_IDENTITY,5.820766091346741e-10,2.9103830456733704e-11,5.966285243630409e-10,7.16227077646181e-11,7.212674901779792e-12,True,True,True,True
210628,2,0.9,0.2,EXACT_SOLUTION_IDENTITY,2.3865140974521637e-09,8.731149137020111e-11,2.342858351767063e-09,4.574474132823525e-11,3.730349362740526e-14,True,True,True,True
210628,2,1.0,0.0,EXACT_SOLUTION_IDENTITY,0.0,0.0,7.275957614183426e-12,7.428102577478057e-10,1.1078915562734437e-12,True,True,True,True
210628,2,1.0,0.0025,EXACT_SOLUTION_IDENTITY,5.820766091346741e-11,3.637978807091713e-11,8.36735125631094e-11,7.08837433194276e-11,3.7059244561987725e-13,True,True,True,True
210628,2,1.0,0.05,EXACT_SOLUTION_IDENTITY,4.3655745685100555e-11,1.4551915228366852e-11,3.637978807091713e-11,1.2221335055073723e-12,4.887201754399939e-13,True,True,True,True
210628,2,1.0,0.2,EXACT_SOLUTION_IDENTITY,5.820766091346741e-11,7.275957614183426e-12,7.275957614183426e-11,1.0742517986273015e-12,3.8449909922633196e-11,True,True,True,True
210628,2,1.1,0.0,EXACT_SOLUTION_IDENTITY,1.3096723705530167e-10,5.820766091346741e-11,1.9281287677586079e-10,5.146318926563254e-10,4.982347867610315e-12,True,True,True,True
210628,2,1.1,0.0025,EXACT_SOLUTION_IDENTITY,1.0186340659856796e-10,7.275957614183426e-12,9.822542779147625e-11,3.134346115984954e-10,1.0849654508149342e-11,True,True,True,True
210628,2,1.1,0.05,EXACT_SOLUTION_IDENTITY,1.4551915228366852e-11,7.275957614183426e-12,1.4551915228366852e-11,7.815970093361102e-13,8.468559187235769e-12,True,True,True,True
210628,2,1.1,0.2,EXACT_SOLUTION_IDENTITY,0.0,2.1827872842550278e-11,0.0,5.684341886080801e-13,3.05089287166993e-13,True,True,True,True
