case,depot_id,product_id,x0,inventory_upper_bound,rhoUB,ub_zero,compatible,absolute_excess
210202,90015100,BAC---1041,0.0,283.4419218914714,0.0,no,yes,0.0
210202,90015100,BAC-O-4312,0.0,226.75353751317712,0.0,no,yes,0.0
210202,90015100,BAC-O-4325,0.0,337.4308593946088,0.0,no,yes,0.0
210202,90015100,BAC-O-6423,0.0,337.4308593946088,0.0,no,yes,0.0
210202,90015100,BAC-O-6433,0.0,449.90781252614505,0.0,no,yes,0.0
210202,90015100,CON-S-0130,0.0,708.6048047286785,0.0,no,yes,0.0
210202,90015100,SLI---0770,0.0,566.8838437829428,0.0,no,yes,0.0
210202,90015100,SLI---1200,0.0,318.4740695409791,0.0,no,yes,0.0
210202,90016100,BAC---1041,0.0,384.1684772718565,0.0,no,yes,0.0
210202,90016100,BAC-O-4312,0.0,307.3347818174852,0.0,no,yes,0.0
210202,90016100,BAC-O-4325,0.0,457.34342532363866,0.0,no,yes,0.0
210202,90016100,BAC-O-6423,0.0,457.34342532363866,0.0,no,yes,0.0
210202,90016100,BAC-O-6433,0.0,609.7912337648515,0.0,no,yes,0.0
210202,90016100,CON-S-0130,0.0,846.9321428571429,0.0,no,yes,0.0
210202,90016100,SLI---0770,0.0,768.336954543713,0.0,no,yes,0.0
210202,90016100,SLI---1200,0.0,431.6499744627601,0.0,no,yes,0.0
210202,90016200,BAC---1041,0.0,603.3535714285715,0.0,no,yes,0.0
210202,90016200,BAC-O-4312,0.0,376.26428571428573,0.0,no,yes,0.0
210202,90016200,BAC-O-4325,0.0,756.8486665801966,0.0,no,yes,0.0
210202,90016200,BAC-O-6423,0.0,756.8486665801966,0.0,no,yes,0.0
210202,90016200,BAC-O-6433,0.0,1009.131555440262,0.0,no,yes,0.0
210202,90016200,CON-S-0130,0.0,846.9321428571429,0.0,no,yes,0.0
210202,90016200,SLI---0770,0.0,1112.3035714285716,0.0,no,yes,0.0
210202,90016200,SLI---1200,0.0,555.9107142857143,0.0,no,yes,0.0
210202,90016500,BAC---1041,0.0,26.686751505963606,0.0,no,yes,0.0
210202,90016500,BAC-O-4312,0.0,21.349401204770885,0.0,no,yes,0.0
210202,90016500,BAC-O-4325,0.0,31.769942269004293,0.0,no,yes,0.0
210202,90016500,BAC-O-6423,0.0,31.769942269004293,0.0,no,yes,0.0
210202,90016500,BAC-O-6433,0.0,42.35992302533906,0.0,no,yes,0.0
210202,90016500,CON-S-0130,0.0,66.71687876490901,0.0,no,yes,0.0
210202,90016500,SLI---0770,0.0,53.37350301192721,0.0,no,yes,0.0
210202,90016500,SLI---1200,0.0,29.9851140516445,0.0,no,yes,0.0
210202,90016700,BAC---1041,0.0,498.7694602261422,0.0,no,yes,0.0
210202,90016700,BAC-O-4312,0.0,376.26428571428573,0.0,no,yes,0.0
210202,90016700,BAC-O-4325,0.0,593.7731669358835,0.0,no,yes,0.0
210202,90016700,BAC-O-6423,0.0,593.7731669358835,0.0,no,yes,0.0
210202,90016700,BAC-O-6433,0.0,791.6975559145114,0.0,no,yes,0.0
210202,90016700,CON-S-0130,0.0,846.9321428571429,0.0,no,yes,0.0
210202,90016700,SLI---0770,0.0,997.5389204522844,0.0,no,yes,0.0
210202,90016700,SLI---1200,0.0,555.9107142857143,0.0,no,yes,0.0
210202,90016900,BAC---1041,0.0,603.3535714285715,0.0,no,yes,0.0
210202,90016900,BAC-O-4312,0.0,376.26428571428573,0.0,no,yes,0.0
210202,90016900,BAC-O-4325,0.0,735.0409370419629,0.0,no,yes,0.0
210202,90016900,BAC-O-6423,0.0,735.0409370419629,0.0,no,yes,0.0
210202,90016900,BAC-O-6433,0.0,980.0545827226172,0.0,no,yes,0.0
210202,90016900,CON-S-0130,0.0,846.9321428571429,0.0,no,yes,0.0
210202,90016900,SLI---0770,0.0,1112.3035714285716,0.0,no,yes,0.0
210202,90016900,SLI---1200,0.0,555.9107142857143,0.0,no,yes,0.0
210202,90017100,BAC---1041,0.0,603.3535714285715,0.0,no,yes,0.0
210202,90017100,BAC-O-4312,0.0,376.26428571428573,0.0,no,yes,0.0
210202,90017100,BAC-O-4325,0.0,720.0809809839986,0.0,no,yes,0.0
210202,90017100,BAC-O-6423,0.0,720.0809809839986,0.0,no,yes,0.0
210202,90017100,BAC-O-6433,0.0,960.1079746453315,0.0,no,yes,0.0
210202,90017100,CON-S-0130,0.0,846.9321428571429,0.0,no,yes,0.0
210202,90017100,SLI---0770,0.0,1112.3035714285716,0.0,no,yes,0.0
210202,90017100,SLI---1200,0.0,555.9107142857143,0.0,no,yes,0.0
210202,90018300,BAC---1041,0.0,27.083642866860842,0.0,no,yes,0.0
210202,90018300,BAC-O-4312,0.0,21.666914293488674,0.0,no,yes,0.0
210202,90018300,BAC-O-4325,0.0,32.24243198435814,0.0,no,yes,0.0
210202,90018300,BAC-O-6423,0.0,32.24243198435814,0.0,no,yes,0.0
210202,90018300,BAC-O-6433,0.0,42.98990931247753,0.0,no,yes,0.0
210202,90018300,CON-S-0130,0.0,67.7091071671521,0.0,no,yes,0.0
210202,90018300,SLI---0770,0.0,54.167285733721684,0.0,no,yes,0.0
210202,90018300,SLI---1200,0.0,30.43105940096724,0.0,no,yes,0.0
210202,90019100,BAC---1041,0.0,52.24431914007873,0.0,no,yes,0.0
210202,90019100,BAC-O-4312,0.0,41.795455312062984,0.0,no,yes,0.0
210202,90019100,BAC-O-4325,0.0,62.19561802390325,0.0,no,yes,0.0
210202,90019100,BAC-O-6423,0.0,62.19561802390325,0.0,no,yes,0.0
210202,90019100,BAC-O-6433,0.0,82.92749069853767,0.0,no,yes,0.0
210202,90019100,CON-S-0130,0.0,130.61079785019683,0.0,no,yes,0.0
210202,90019100,SLI---0770,0.0,104.48863828015746,0.0,no,yes,0.0
210202,90019100,SLI---1200,0.0,58.701482179863746,0.0,no,yes,0.0
210202,91017200,BAC---1041,0.0,440.63326088344803,0.0,no,yes,0.0
210202,91017200,BAC-O-4312,0.0,352.5066087067584,0.0,no,yes,0.0
210202,91017200,BAC-O-4325,0.0,524.5634058136286,0.0,no,yes,0.0
210202,91017200,BAC-O-6423,0.0,524.5634058136286,0.0,no,yes,0.0
210202,91017200,BAC-O-6433,0.0,699.4178744181714,0.0,no,yes,0.0
210202,91017200,CON-S-0130,0.0,846.9321428571429,0.0,no,yes,0.0
210202,91017200,SLI---0770,0.0,881.2665217668961,0.0,no,yes,0.0
210202,91017200,SLI---1200,0.0,495.093551554436,0.0,no,yes,0.0
210202,91017300,BAC---1041,0.0,603.3535714285715,0.0,no,yes,0.0
210202,91017300,BAC-O-4312,0.0,376.26428571428573,0.0,no,yes,0.0
210202,91017300,BAC-O-4325,0.0,769.3071428571429,0.0,no,yes,0.0
210202,91017300,BAC-O-6423,0.0,1228.8059991561881,0.0,no,yes,0.0
210202,91017300,BAC-O-6433,0.0,1638.4079988749174,0.0,no,yes,0.0
210202,91017300,CON-S-0130,0.0,846.9321428571429,0.0,no,yes,0.0
210202,91017300,SLI---0770,0.0,1112.3035714285716,0.0,no,yes,0.0
210202,91017300,SLI---1200,0.0,555.9107142857143,0.0,no,yes,0.0
210202,91017500,BAC---1041,0.0,63.2566569001852,0.0,no,yes,0.0
210202,91017500,BAC-O-4312,0.0,50.605325520148156,0.0,no,yes,0.0
210202,91017500,BAC-O-4325,0.0,75.3055439287919,0.0,no,yes,0.0
210202,91017500,BAC-O-6423,0.0,75.3055439287919,0.0,no,yes,0.0
210202,91017500,BAC-O-6433,0.0,100.40739190505587,0.0,no,yes,0.0
210202,91017500,CON-S-0130,0.0,158.141642250463,0.0,no,yes,0.0
210202,91017500,SLI---0770,0.0,126.5133138003704,0.0,no,yes,0.0
210202,91017500,SLI---1200,0.0,71.07489539346652,0.0,no,yes,0.0
210202,91017600,BAC---1041,0.0,34.3003576121895,0.0,no,yes,0.0
210202,91017600,BAC-O-4312,0.0,27.4402860897516,0.0,no,yes,0.0
210202,91017600,BAC-O-4325,0.0,40.833759062130355,0.0,no,yes,0.0
210202,91017600,BAC-O-6423,0.0,40.833759062130355,0.0,no,yes,0.0
210202,91017600,BAC-O-6433,0.0,54.44501208284048,0.0,no,yes,0.0
210202,91017600,CON-S-0130,0.0,85.75089403047375,0.0,no,yes,0.0
210202,91017600,SLI---0770,0.0,68.600715224379,0.0,no,yes,0.0
210202,91017600,SLI---1200,0.0,38.53972765414551,0.0,no,yes,0.0
210202,91017700,BAC---1041,0.0,469.3994995197465,0.0,no,yes,0.0
210202,91017700,BAC-O-4312,0.0,375.5195996157972,0.0,no,yes,0.0
210202,91017700,BAC-O-4325,0.0,558.8089279996982,0.0,no,yes,0.0
210202,91017700,BAC-O-6423,0.0,558.8089279996982,0.0,no,yes,0.0
210202,91017700,BAC-O-6433,0.0,745.0785706662642,0.0,no,yes,0.0
210202,91017700,CON-S-0130,0.0,846.9321428571429,0.0,no,yes,0.0
210202,91017700,SLI---0770,0.0,938.798999039493,0.0,no,yes,0.0
210202,91017700,SLI---1200,0.0,527.4151679997151,0.0,no,yes,0.0
210202,9624708,BAC---1041,0.0,6.7806932502584525,0.0,no,yes,0.0
210202,9624708,BAC-O-4312,0.0,5.424554600206762,0.0,no,yes,0.0
210202,9624708,BAC-O-4325,0.0,8.0722538693553,0.0,no,yes,0.0
210202,9624708,BAC-O-6423,0.0,8.0722538693553,0.0,no,yes,0.0
210202,9624708,BAC-O-6433,0.0,10.763005159140402,0.0,no,yes,0.0
210202,9624708,CON-S-0130,0.0,16.951733125646133,0.0,no,yes,0.0
210202,9624708,SLI---0770,0.0,13.561386500516905,0.0,no,yes,0.0
210202,9624708,SLI---1200,0.0,7.618756460964554,0.0,no,yes,0.0
210628,90015100,BAC---1041,0.0,330.9361695981282,0.0,no,yes,0.0
210628,90015100,BAC-O-4312,0.0,264.74893567850256,0.0,no,yes,0.0
210628,90015100,BAC-O-4325,0.0,393.97163047396214,0.0,no,yes,0.0
210628,90015100,BAC-O-6423,0.0,393.97163047396214,0.0,no,yes,0.0
210628,90015100,BAC-O-6433,0.0,525.2955072986161,0.0,no,yes,0.0
210628,90015100,CON-S-0130,0.0,587.0423076923078,0.0,no,yes,0.0
210628,90015100,SLI---0770,0.0,649.35,0.0,no,yes,0.0
210628,90015100,SLI---1200,0.0,324.4153846153846,0.0,no,yes,0.0
210628,90015700,BAC---1041,0.0,7.26218408959425,0.0,no,yes,0.0
210628,90015700,BAC-O-4312,0.0,5.8097472716754,0.0,no,yes,0.0
210628,90015700,BAC-O-4325,0.0,8.645457249516964,0.0,no,yes,0.0
210628,90015700,BAC-O-6423,0.0,8.645457249516964,0.0,no,yes,0.0
210628,90015700,BAC-O-6433,0.0,11.527276332689286,0.0,no,yes,0.0
210628,90015700,CON-S-0130,0.0,18.155460223985624,0.0,no,yes,0.0
210628,90015700,SLI---0770,0.0,14.5243681791885,0.0,no,yes,0.0
210628,90015700,SLI---1200,0.0,8.159757404038483,0.0,no,yes,0.0
210628,90016100,BAC---1041,0.0,346.63846153846157,0.0,no,yes,0.0
210628,90016100,BAC-O-4312,0.0,322.0269230769231,0.0,no,yes,0.0
210628,90016100,BAC-O-4325,0.0,518.4000000000001,0.0,no,yes,0.0
210628,90016100,BAC-O-6423,0.0,822.0609933144997,0.0,no,yes,0.0
210628,90016100,BAC-O-6433,0.0,1096.0813244193328,0.0,no,yes,0.0
210628,90016100,CON-S-0130,0.0,587.0423076923078,0.0,no,yes,0.0
210628,90016100,SLI---0770,0.0,649.35,0.0,no,yes,0.0
210628,90016100,SLI---1200,0.0,324.4153846153846,0.0,no,yes,0.0
210628,90016200,BAC---1041,0.0,59.628991600679164,0.0,no,yes,0.0
210628,90016200,BAC-O-4312,0.0,47.70319328054333,0.0,no,yes,0.0
210628,90016200,BAC-O-4325,0.0,70.98689476271329,0.0,no,yes,0.0
210628,90016200,BAC-O-6423,0.0,70.98689476271329,0.0,no,yes,0.0
210628,90016200,BAC-O-6433,0.0,94.64919301695106,0.0,no,yes,0.0
210628,90016200,CON-S-0130,0.0,149.0724790016979,0.0,no,yes,0.0
210628,90016200,SLI---0770,0.0,119.25798320135833,0.0,no,yes,0.0
210628,90016200,SLI---1200,0.0,66.99886696705524,0.0,no,yes,0.0
210628,90016500,BAC---1041,0.0,20.51678388501934,0.0,no,yes,0.0
210628,90016500,BAC-O-4312,0.0,16.413427108015473,0.0,no,yes,0.0
210628,90016500,BAC-O-4325,0.0,24.42474272026112,0.0,no,yes,0.0
210628,90016500,BAC-O-6423,0.0,24.42474272026112,0.0,no,yes,0.0
210628,90016500,BAC-O-6433,0.0,32.566323627014825,0.0,no,yes,0.0
210628,90016500,CON-S-0130,0.0,51.29195971254835,0.0,no,yes,0.0
210628,90016500,SLI---0770,0.0,41.03356777003868,0.0,no,yes,0.0
210628,90016500,SLI---1200,0.0,23.05256616294308,0.0,no,yes,0.0
210628,90016900,BAC---1041,0.0,346.63846153846157,0.0,no,yes,0.0
210628,90016900,BAC-O-4312,0.0,322.0269230769231,0.0,no,yes,0.0
210628,90016900,BAC-O-4325,0.0,518.4000000000001,0.0,no,yes,0.0
210628,90016900,BAC-O-6423,0.0,701.2367502813729,0.0,no,yes,0.0
210628,90016900,BAC-O-6433,0.0,934.9823337084972,0.0,no,yes,0.0
210628,90016900,CON-S-0130,0.0,587.0423076923078,0.0,no,yes,0.0
210628,90016900,SLI---0770,0.0,649.35,0.0,no,yes,0.0
210628,90016900,SLI---1200,0.0,324.4153846153846,0.0,no,yes,0.0
210628,90017100,BAC---1041,0.0,346.63846153846157,0.0,no,yes,0.0
210628,90017100,BAC-O-4312,0.0,304.365709251921,0.0,no,yes,0.0
210628,90017100,BAC-O-4325,0.0,452.9251625772634,0.0,no,yes,0.0
210628,90017100,BAC-O-6423,0.0,452.9251625772634,0.0,no,yes,0.0
210628,90017100,BAC-O-6433,0.0,603.9002167696844,0.0,no,yes,0.0
210628,90017100,CON-S-0130,0.0,587.0423076923078,0.0,no,yes,0.0
210628,90017100,SLI---0770,0.0,649.35,0.0,no,yes,0.0
210628,90017100,SLI---1200,0.0,324.4153846153846,0.0,no,yes,0.0
210628,90018300,BAC---1041,0.0,27.968319400262523,0.0,no,yes,0.0
210628,90018300,BAC-O-4312,0.0,22.374655520210016,0.0,no,yes,0.0
210628,90018300,BAC-O-4325,0.0,33.29561833364586,0.0,no,yes,0.0
210628,90018300,BAC-O-6423,0.0,33.29561833364586,0.0,no,yes,0.0
210628,90018300,BAC-O-6433,0.0,44.394157778194476,0.0,no,yes,0.0
210628,90018300,CON-S-0130,0.0,69.9207985006563,0.0,no,yes,0.0
210628,90018300,SLI---0770,0.0,55.936638800525046,0.0,no,yes,0.0
210628,90018300,SLI---1200,0.0,31.425077977823058,0.0,no,yes,0.0
210628,90018400,BAC---1041,0.0,6.120506376122762,0.0,no,yes,0.0
210628,90018400,BAC-O-4312,0.0,4.8964051008982095,0.0,no,yes,0.0
210628,90018400,BAC-O-4325,0.0,7.28631711443186,0.0,no,yes,0.0
210628,90018400,BAC-O-6423,0.0,7.28631711443186,0.0,no,yes,0.0
210628,90018400,BAC-O-6433,0.0,9.715089485909147,0.0,no,yes,0.0
210628,90018400,CON-S-0130,0.0,15.301265940306905,0.0,no,yes,0.0
210628,90018400,SLI---0770,0.0,12.241012752245524,0.0,no,yes,0.0
210628,90018400,SLI---1200,0.0,6.87697345631771,0.0,no,yes,0.0
210628,90019100,BAC---1041,0.0,26.631721101564196,0.0,no,yes,0.0
210628,90019100,BAC-O-4312,0.0,21.305376881251355,0.0,no,yes,0.0
210628,90019100,BAC-O-4325,0.0,31.704429882814516,0.0,no,yes,0.0
210628,90019100,BAC-O-6423,0.0,31.704429882814516,0.0,no,yes,0.0
210628,90019100,BAC-O-6433,0.0,42.272573177086024,0.0,no,yes,0.0
210628,90019100,CON-S-0130,0.0,66.57930275391048,0.0,no,yes,0.0
210628,90019100,SLI---0770,0.0,53.26344220312839,0.0,no,yes,0.0
210628,90019100,SLI---1200,0.0,29.92328213658898,0.0,no,yes,0.0
210628,91017200,BAC---1041,0.0,346.63846153846157,0.0,no,yes,0.0
210628,91017200,BAC-O-4312,0.0,308.7452963439892,0.0,no,yes,0.0
210628,91017200,BAC-O-4325,0.0,459.44240527379344,0.0,no,yes,0.0
210628,91017200,BAC-O-6423,0.0,459.44240527379344,0.0,no,yes,0.0
210628,91017200,BAC-O-6433,0.0,612.5898736983913,0.0,no,yes,0.0
210628,91017200,CON-S-0130,0.0,587.0423076923078,0.0,no,yes,0.0
210628,91017200,SLI---0770,0.0,649.35,0.0,no,yes,0.0
210628,91017200,SLI---1200,0.0,324.4153846153846,0.0,no,yes,0.0
210628,91017300,BAC---1041,0.0,346.63846153846157,0.0,no,yes,0.0
210628,91017300,BAC-O-4312,0.0,322.0269230769231,0.0,no,yes,0.0
210628,91017300,BAC-O-4325,0.0,518.4000000000001,0.0,no,yes,0.0
210628,91017300,BAC-O-6423,0.0,576.5273554474664,0.0,no,yes,0.0
210628,91017300,BAC-O-6433,0.0,768.7031405966219,0.0,no,yes,0.0
210628,91017300,CON-S-0130,0.0,587.0423076923078,0.0,no,yes,0.0
210628,91017300,SLI---0770,0.0,649.35,0.0,no,yes,0.0
210628,91017300,SLI---1200,0.0,324.4153846153846,0.0,no,yes,0.0
210628,91017500,BAC---1041,0.0,142.89906560958505,0.0,no,yes,0.0
210628,91017500,BAC-O-4312,0.0,114.31925248766804,0.0,no,yes,0.0
210628,91017500,BAC-O-4325,0.0,170.11793524950602,0.0,no,yes,0.0
210628,91017500,BAC-O-6423,0.0,170.11793524950602,0.0,no,yes,0.0
210628,91017500,BAC-O-6433,0.0,226.82391366600802,0.0,no,yes,0.0
210628,91017500,CON-S-0130,0.0,357.2476640239626,0.0,no,yes,0.0
210628,91017500,SLI---0770,0.0,285.7981312191701,0.0,no,yes,0.0
210628,91017500,SLI---1200,0.0,160.56074787593826,0.0,no,yes,0.0
210628,91017600,BAC---1041,0.0,47.74440506141987,0.0,no,yes,0.0
210628,91017600,BAC-O-4312,0.0,38.19552404913589,0.0,no,yes,0.0
210628,91017600,BAC-O-4325,0.0,56.83857745407127,0.0,no,yes,0.0
210628,91017600,BAC-O-6423,0.0,56.83857745407127,0.0,no,yes,0.0
210628,91017600,BAC-O-6433,0.0,75.7847699387617,0.0,no,yes,0.0
210628,91017600,CON-S-0130,0.0,119.36101265354966,0.0,no,yes,0.0
210628,91017600,SLI---0770,0.0,95.48881012283974,0.0,no,yes,0.0
210628,91017600,SLI---1200,0.0,53.64539894541558,0.0,no,yes,0.0
210628,9624708,BAC---1041,0.0,8.604351547870488,0.0,no,yes,0.0
210628,9624708,BAC-O-4312,0.0,6.883481238296391,0.0,no,yes,0.0
210628,9624708,BAC-O-4325,0.0,10.243275652226773,0.0,no,yes,0.0
210628,9624708,BAC-O-6423,0.0,10.243275652226773,0.0,no,yes,0.0
210628,9624708,BAC-O-6433,0.0,13.657700869635697,0.0,no,yes,0.0
210628,9624708,CON-S-0130,0.0,21.510878869676223,0.0,no,yes,0.0
210628,9624708,SLI---0770,0.0,17.208703095740976,0.0,no,yes,0.0
210628,9624708,SLI---1200,0.0,9.667810727944369,0.0,no,yes,0.0
